ISO-10303-21;
HEADER;
/* Generated by software containing ST-Developer
 * from STEP Tools, Inc. (www.steptools.com) 
 */
/* OPTION: using custom schema-name function */

FILE_DESCRIPTION(
/* description */ (''),
/* implementation_level */ '2;1');

FILE_NAME(
/* name */ 'EXSIGN~1',
/* time_stamp */ '2015-08-24T12:44:35+08:00',
/* author */ (''),
/* organization */ (''),
/* preprocessor_version */ 'ST-DEVELOPER v15',
/* originating_system */ '',
/* authorisation */ '');

FILE_SCHEMA (('AUTOMOTIVE_DESIGN'));
ENDSEC;

DATA;
#10=SHAPE_REPRESENTATION_RELATIONSHIP('','',#3230,#2658);
#11=SHAPE_REPRESENTATION_RELATIONSHIP('','',#3230,#162);
#12=FACE_BOUND('',#641,.T.);
#13=FACE_BOUND('',#725,.T.);
#14=FACE_BOUND('',#726,.T.);
#15=FACE_BOUND('',#727,.T.);
#16=FACE_BOUND('',#728,.T.);
#17=FACE_BOUND('',#729,.T.);
#18=FACE_BOUND('',#730,.T.);
#19=(
BOUNDED_SURFACE()
B_SPLINE_SURFACE(1,2,((#3563,#3564,#3565),(#3566,#3567,#3568)),
 .UNSPECIFIED.,.F.,.F.,.F.)
B_SPLINE_SURFACE_WITH_KNOTS((2,2),(3,3),(-5.,49.2465650509675),(0.,0.392699081706),
 .UNSPECIFIED.)
GEOMETRIC_REPRESENTATION_ITEM()
RATIONAL_B_SPLINE_SURFACE(((1.,0.707106781181402,1.),(1.,0.707106781191692,
1.)))
REPRESENTATION_ITEM('')
SURFACE()
);
#20=(
BOUNDED_SURFACE()
B_SPLINE_SURFACE(1,2,((#3569,#3570,#3571),(#3572,#3573,#3574)),
 .UNSPECIFIED.,.F.,.F.,.F.)
B_SPLINE_SURFACE_WITH_KNOTS((2,2),(3,3),(-4.99999999999636,18.0208849228147),
(0.,0.392699081702363),.UNSPECIFIED.)
GEOMETRIC_REPRESENTATION_ITEM()
RATIONAL_B_SPLINE_SURFACE(((1.,0.707106781186548,1.),(1.,0.707106781186548,
1.)))
REPRESENTATION_ITEM('')
SURFACE()
);
#21=(
BOUNDED_SURFACE()
B_SPLINE_SURFACE(1,2,((#3575,#3576,#3577),(#3578,#3579,#3580)),
 .UNSPECIFIED.,.F.,.F.,.F.)
B_SPLINE_SURFACE_WITH_KNOTS((2,2),(3,3),(-5.,36.6347375909609),(0.,0.392699081702363),
 .UNSPECIFIED.)
GEOMETRIC_REPRESENTATION_ITEM()
RATIONAL_B_SPLINE_SURFACE(((1.,0.707106781191693,1.),(1.,0.707106781186546,
1.)))
REPRESENTATION_ITEM('')
SURFACE()
);
#22=(
BOUNDED_SURFACE()
B_SPLINE_SURFACE(1,2,((#3581,#3582,#3583),(#3584,#3585,#3586)),
 .UNSPECIFIED.,.F.,.F.,.F.)
B_SPLINE_SURFACE_WITH_KNOTS((2,2),(3,3),(-5.04999999999927,15.0822768885591),
(0.,0.392699081700544),.UNSPECIFIED.)
GEOMETRIC_REPRESENTATION_ITEM()
RATIONAL_B_SPLINE_SURFACE(((1.,0.70710678118912,1.),(1.,0.707106781186548,
1.)))
REPRESENTATION_ITEM('')
SURFACE()
);
#23=(
BOUNDED_SURFACE()
B_SPLINE_SURFACE(1,2,((#3587,#3588,#3589),(#3590,#3591,#3592)),
 .UNSPECIFIED.,.F.,.F.,.F.)
B_SPLINE_SURFACE_WITH_KNOTS((2,2),(3,3),(-5.00000000000182,34.5557105389144),
(0.,0.392699081706001),.UNSPECIFIED.)
GEOMETRIC_REPRESENTATION_ITEM()
RATIONAL_B_SPLINE_SURFACE(((1.,0.707106781186546,1.),(1.,0.707106781191692,
1.)))
REPRESENTATION_ITEM('')
SURFACE()
);
#24=(
BOUNDED_SURFACE()
B_SPLINE_SURFACE(1,2,((#3593,#3594,#3595),(#3596,#3597,#3598)),
 .UNSPECIFIED.,.F.,.F.,.F.)
B_SPLINE_SURFACE_WITH_KNOTS((2,2),(3,3),(-5.00000000000728,17.3181152696779),
(0.,0.392699081702363),.UNSPECIFIED.)
GEOMETRIC_REPRESENTATION_ITEM()
RATIONAL_B_SPLINE_SURFACE(((1.,0.707106781186548,1.),(1.,0.707106781186548,
1.)))
REPRESENTATION_ITEM('')
SURFACE()
);
#25=(
BOUNDED_SURFACE()
B_SPLINE_SURFACE(1,2,((#3599,#3600,#3601),(#3602,#3603,#3604)),
 .UNSPECIFIED.,.F.,.F.,.F.)
B_SPLINE_SURFACE_WITH_KNOTS((2,2),(3,3),(-5.,34.5557105389162),(0.,0.392699081706),
 .UNSPECIFIED.)
GEOMETRIC_REPRESENTATION_ITEM()
RATIONAL_B_SPLINE_SURFACE(((1.,0.707106781186548,1.),(1.,0.707106781186546,
1.)))
REPRESENTATION_ITEM('')
SURFACE()
);
#26=(
BOUNDED_SURFACE()
B_SPLINE_SURFACE(1,2,((#3605,#3606,#3607),(#3608,#3609,#3610)),
 .UNSPECIFIED.,.F.,.F.,.F.)
B_SPLINE_SURFACE_WITH_KNOTS((2,2),(3,3),(-5.04999999999927,17.1677846019884),
(0.,0.392699081700544),.UNSPECIFIED.)
GEOMETRIC_REPRESENTATION_ITEM()
RATIONAL_B_SPLINE_SURFACE(((1.,0.70710678118912,1.),(1.,0.707106781189121,
1.)))
REPRESENTATION_ITEM('')
SURFACE()
);
#27=(
BOUNDED_SURFACE()
B_SPLINE_SURFACE(1,2,((#3611,#3612,#3613),(#3614,#3615,#3616)),
 .UNSPECIFIED.,.F.,.F.,.F.)
B_SPLINE_SURFACE_WITH_KNOTS((2,2),(3,3),(-5.,36.6347375909645),(0.,0.392699081706),
 .UNSPECIFIED.)
GEOMETRIC_REPRESENTATION_ITEM()
RATIONAL_B_SPLINE_SURFACE(((1.,0.707106781191692,1.),(1.,0.707106781186548,
1.)))
REPRESENTATION_ITEM('')
SURFACE()
);
#28=(
BOUNDED_SURFACE()
B_SPLINE_SURFACE(1,2,((#3617,#3618,#3619),(#3620,#3621,#3622)),
 .UNSPECIFIED.,.F.,.F.,.F.)
B_SPLINE_SURFACE_WITH_KNOTS((2,2),(3,3),(-5.,18.0208849228147),(0.,0.392699081702363),
 .UNSPECIFIED.)
GEOMETRIC_REPRESENTATION_ITEM()
RATIONAL_B_SPLINE_SURFACE(((1.,0.707106781186548,1.),(1.,0.707106781186546,
1.)))
REPRESENTATION_ITEM('')
SURFACE()
);
#29=(
BOUNDED_SURFACE()
B_SPLINE_SURFACE(1,2,((#3623,#3624,#3625),(#3626,#3627,#3628)),
 .UNSPECIFIED.,.F.,.F.,.F.)
B_SPLINE_SURFACE_WITH_KNOTS((2,2),(3,3),(-5.00000000000182,49.2465650509675),
(0.,0.392699081706),.UNSPECIFIED.)
GEOMETRIC_REPRESENTATION_ITEM()
RATIONAL_B_SPLINE_SURFACE(((1.,0.707106781181402,1.),(1.,0.707106781186548,
1.)))
REPRESENTATION_ITEM('')
SURFACE()
);
#30=(
BOUNDED_SURFACE()
B_SPLINE_SURFACE(1,2,((#3629,#3630,#3631),(#3632,#3633,#3634)),
 .UNSPECIFIED.,.F.,.F.,.F.)
B_SPLINE_SURFACE_WITH_KNOTS((2,2),(3,3),(-5.00000000000364,65.5599466058484),
(0.,0.392699081700543),.UNSPECIFIED.)
GEOMETRIC_REPRESENTATION_ITEM()
RATIONAL_B_SPLINE_SURFACE(((1.,0.707106781186548,1.),(1.,0.707106781183975,
1.)))
REPRESENTATION_ITEM('')
SURFACE()
);
#31=(
BOUNDED_SURFACE()
B_SPLINE_SURFACE(2,1,((#3924,#3925),(#3926,#3927),(#3928,#3929)),
 .UNSPECIFIED.,.F.,.F.,.F.)
B_SPLINE_SURFACE_WITH_KNOTS((3,3),(2,2),(0.,0.392699081719622),(-5.00000000000182,
19.0335370384837),.UNSPECIFIED.)
GEOMETRIC_REPRESENTATION_ITEM()
RATIONAL_B_SPLINE_SURFACE(((1.,1.),(0.707106781167282,0.707106781202414),
(1.,1.)))
REPRESENTATION_ITEM('')
SURFACE()
);
#32=(
BOUNDED_SURFACE()
B_SPLINE_SURFACE(2,1,((#3930,#3931),(#3932,#3933),(#3934,#3935)),
 .UNSPECIFIED.,.F.,.F.,.F.)
B_SPLINE_SURFACE_WITH_KNOTS((3,3),(2,2),(0.,0.392699081727312),(-5.04999999999694,
28.0527500251939),.UNSPECIFIED.)
GEOMETRIC_REPRESENTATION_ITEM()
RATIONAL_B_SPLINE_SURFACE(((1.,1.),(0.707106781182004,0.707106781182004),
(1.,1.)))
REPRESENTATION_ITEM('')
SURFACE()
);
#33=(
BOUNDED_SURFACE()
B_SPLINE_SURFACE(2,1,((#3936,#3937),(#3938,#3939),(#3940,#3941)),
 .UNSPECIFIED.,.F.,.F.,.F.)
B_SPLINE_SURFACE_WITH_KNOTS((3,3),(2,2),(0.,0.392699081714574),(-5.04999999999398,
28.2079300453366),.UNSPECIFIED.)
GEOMETRIC_REPRESENTATION_ITEM()
RATIONAL_B_SPLINE_SURFACE(((1.,1.),(0.707106781187352,0.707106781193487),
(1.,1.)))
REPRESENTATION_ITEM('')
SURFACE()
);
#34=(
BOUNDED_SURFACE()
B_SPLINE_SURFACE(2,1,((#3942,#3943),(#3944,#3945),(#3946,#3947)),
 .UNSPECIFIED.,.F.,.F.,.F.)
B_SPLINE_SURFACE_WITH_KNOTS((3,3),(2,2),(0.,0.392699081737188),(-5.00000000000182,
17.8388930069141),.UNSPECIFIED.)
GEOMETRIC_REPRESENTATION_ITEM()
RATIONAL_B_SPLINE_SURFACE(((1.,1.),(0.707106781167283,0.707106781132151),
(1.,1.)))
REPRESENTATION_ITEM('')
SURFACE()
);
#35=(
BOUNDED_SURFACE()
B_SPLINE_SURFACE(2,1,((#3948,#3949),(#3950,#3951),(#3952,#3953)),
 .UNSPECIFIED.,.F.,.F.,.F.)
B_SPLINE_SURFACE_WITH_KNOTS((3,3),(2,2),(0.,0.392699081710664),(-5.05000000000207,
40.3410000017521),.UNSPECIFIED.)
GEOMETRIC_REPRESENTATION_ITEM()
RATIONAL_B_SPLINE_SURFACE(((1.,1.),(0.707106781187351,0.707106781211175),
(1.,1.)))
REPRESENTATION_ITEM('')
SURFACE()
);
#36=(
BOUNDED_SURFACE()
B_SPLINE_SURFACE(2,1,((#3954,#3955),(#3956,#3957),(#3958,#3959)),
 .UNSPECIFIED.,.F.,.F.,.F.)
B_SPLINE_SURFACE_WITH_KNOTS((3,3),(2,2),(0.,0.392699081721734),(-4.99999999999966,
41.1475390600023),.UNSPECIFIED.)
GEOMETRIC_REPRESENTATION_ITEM()
RATIONAL_B_SPLINE_SURFACE(((1.,1.),(0.707106781192573,0.707106781171436),
(1.,1.)))
REPRESENTATION_ITEM('')
SURFACE()
);
#37=(
BOUNDED_SURFACE()
B_SPLINE_SURFACE(2,1,((#3960,#3961),(#3962,#3963),(#3964,#3965)),
 .UNSPECIFIED.,.F.,.F.,.F.)
B_SPLINE_SURFACE_WITH_KNOTS((3,3),(2,2),(0.,0.392699081719623),(-5.,19.0335370384837),
 .UNSPECIFIED.)
GEOMETRIC_REPRESENTATION_ITEM()
RATIONAL_B_SPLINE_SURFACE(((1.,1.),(0.707106781177573,0.707106781167283),
(1.,1.)))
REPRESENTATION_ITEM('')
SURFACE()
);
#38=(
BOUNDED_SURFACE()
B_SPLINE_SURFACE(2,1,((#3966,#3967),(#3968,#3969),(#3970,#3971)),
 .UNSPECIFIED.,.F.,.F.,.F.)
B_SPLINE_SURFACE_WITH_KNOTS((3,3),(2,2),(0.,0.392699081727314),(-5.05000000000004,
28.0527500251968),.UNSPECIFIED.)
GEOMETRIC_REPRESENTATION_ITEM()
RATIONAL_B_SPLINE_SURFACE(((1.,1.),(0.707106781182005,0.707106781176843),
(1.,1.)))
REPRESENTATION_ITEM('')
SURFACE()
);
#39=(
BOUNDED_SURFACE()
B_SPLINE_SURFACE(2,1,((#3972,#3973),(#3974,#3975),(#3976,#3977)),
 .UNSPECIFIED.,.F.,.F.,.F.)
B_SPLINE_SURFACE_WITH_KNOTS((3,3),(2,2),(0.,0.392699081714575),(-5.00000000000289,
28.2579300453277),.UNSPECIFIED.)
GEOMETRIC_REPRESENTATION_ITEM()
RATIONAL_B_SPLINE_SURFACE(((1.,1.),(0.707106781176877,0.707106781174001),
(1.,1.)))
REPRESENTATION_ITEM('')
SURFACE()
);
#40=(
BOUNDED_SURFACE()
B_SPLINE_SURFACE(2,1,((#3978,#3979),(#3980,#3981),(#3982,#3983)),
 .UNSPECIFIED.,.F.,.F.,.F.)
B_SPLINE_SURFACE_WITH_KNOTS((3,3),(2,2),(0.,0.392699081737189),(-5.,17.8388930069159),
 .UNSPECIFIED.)
GEOMETRIC_REPRESENTATION_ITEM()
RATIONAL_B_SPLINE_SURFACE(((1.,1.),(0.707106781192124,0.707106781192125),
(1.,1.)))
REPRESENTATION_ITEM('')
SURFACE()
);
#41=(
BOUNDED_SURFACE()
B_SPLINE_SURFACE(2,1,((#3984,#3985),(#3986,#3987),(#3988,#3989)),
 .UNSPECIFIED.,.F.,.F.,.F.)
B_SPLINE_SURFACE_WITH_KNOTS((3,3),(2,2),(0.,0.392699081711506),(-5.0500000000011,
40.341000001754),.UNSPECIFIED.)
GEOMETRIC_REPRESENTATION_ITEM()
RATIONAL_B_SPLINE_SURFACE(((1.,1.),(0.707106781187351,0.707106781197826),
(1.,1.)))
REPRESENTATION_ITEM('')
SURFACE()
);
#42=(
BOUNDED_SURFACE()
B_SPLINE_SURFACE(2,1,((#3990,#3991),(#3992,#3993),(#3994,#3995)),
 .UNSPECIFIED.,.F.,.F.,.F.)
B_SPLINE_SURFACE_WITH_KNOTS((3,3),(2,2),(0.,0.392699081721735),(-5.05000000000004,
41.1475390600054),.UNSPECIFIED.)
GEOMETRIC_REPRESENTATION_ITEM()
RATIONAL_B_SPLINE_SURFACE(((1.,1.),(0.707106781195057,0.707106781195057),
(1.,1.)))
REPRESENTATION_ITEM('')
SURFACE()
);
#43=(
BOUNDED_SURFACE()
B_SPLINE_SURFACE(1,2,((#4277,#4278,#4279),(#4280,#4281,#4282)),
 .UNSPECIFIED.,.F.,.F.,.F.)
B_SPLINE_SURFACE_WITH_KNOTS((2,2),(3,3),(-4.99999999999818,17.8388930069141),
(0.,0.392699081706001),.UNSPECIFIED.)
GEOMETRIC_REPRESENTATION_ITEM()
RATIONAL_B_SPLINE_SURFACE(((1.,0.707106781181402,1.),(1.,0.707106781181402,
1.)))
REPRESENTATION_ITEM('')
SURFACE()
);
#44=(
BOUNDED_SURFACE()
B_SPLINE_SURFACE(1,2,((#4283,#4284,#4285),(#4286,#4287,#4288)),
 .UNSPECIFIED.,.F.,.F.,.F.)
B_SPLINE_SURFACE_WITH_KNOTS((2,2),(3,3),(-5.,65.5599466058484),(0.,0.392699081702364),
 .UNSPECIFIED.)
GEOMETRIC_REPRESENTATION_ITEM()
RATIONAL_B_SPLINE_SURFACE(((1.,0.707106781186548,1.),(1.,0.707106781186548,
1.)))
REPRESENTATION_ITEM('')
SURFACE()
);
#45=(
BOUNDED_SURFACE()
B_SPLINE_SURFACE(1,2,((#4289,#4290,#4291),(#4292,#4293,#4294)),
 .UNSPECIFIED.,.F.,.F.,.F.)
B_SPLINE_SURFACE_WITH_KNOTS((2,2),(3,3),(-5.00000000000364,17.8388930069141),
(0.,0.392699081706),.UNSPECIFIED.)
GEOMETRIC_REPRESENTATION_ITEM()
RATIONAL_B_SPLINE_SURFACE(((1.,0.707106781191692,1.),(1.,0.707106781191692,
1.)))
REPRESENTATION_ITEM('')
SURFACE()
);
#46=(
BOUNDED_SURFACE()
B_SPLINE_SURFACE(1,2,((#4295,#4296,#4297),(#4298,#4299,#4300)),
 .UNSPECIFIED.,.F.,.F.,.F.)
B_SPLINE_SURFACE_WITH_KNOTS((2,2),(3,3),(-5.00000000000364,65.5599466058484),
(0.,0.392699081702361),.UNSPECIFIED.)
GEOMETRIC_REPRESENTATION_ITEM()
RATIONAL_B_SPLINE_SURFACE(((1.,0.70710678118912,1.),(1.,0.707106781183975,
1.)))
REPRESENTATION_ITEM('')
SURFACE()
);
#47=(
BOUNDED_SURFACE()
B_SPLINE_SURFACE(1,2,((#4402,#4403,#4404),(#4405,#4406,#4407)),
 .UNSPECIFIED.,.F.,.F.,.F.)
B_SPLINE_SURFACE_WITH_KNOTS((2,2),(3,3),(-5.00000000000182,54.4537417780066),
(0.,0.392699081702362),.UNSPECIFIED.)
GEOMETRIC_REPRESENTATION_ITEM()
RATIONAL_B_SPLINE_SURFACE(((1.,0.707106781186548,1.),(1.,0.707106781191692,
1.)))
REPRESENTATION_ITEM('')
SURFACE()
);
#48=(
BOUNDED_SURFACE()
B_SPLINE_SURFACE(1,2,((#4408,#4409,#4410),(#4411,#4412,#4413)),
 .UNSPECIFIED.,.F.,.F.,.F.)
B_SPLINE_SURFACE_WITH_KNOTS((2,2),(3,3),(-5.,16.4664517915298),(0.,0.392699081702363),
 .UNSPECIFIED.)
GEOMETRIC_REPRESENTATION_ITEM()
RATIONAL_B_SPLINE_SURFACE(((1.,0.707106781186548,1.),(1.,0.707106781183975,
1.)))
REPRESENTATION_ITEM('')
SURFACE()
);
#49=(
BOUNDED_SURFACE()
B_SPLINE_SURFACE(1,2,((#4414,#4415,#4416),(#4417,#4418,#4419)),
 .UNSPECIFIED.,.F.,.F.,.F.)
B_SPLINE_SURFACE_WITH_KNOTS((2,2),(3,3),(-5.00000000000182,23.3074243855499),
(0.,0.392699081706),.UNSPECIFIED.)
GEOMETRIC_REPRESENTATION_ITEM()
RATIONAL_B_SPLINE_SURFACE(((1.,0.707106781176258,1.),(1.,0.707106781186548,
1.)))
REPRESENTATION_ITEM('')
SURFACE()
);
#50=(
BOUNDED_SURFACE()
B_SPLINE_SURFACE(1,2,((#4420,#4421,#4422),(#4423,#4424,#4425)),
 .UNSPECIFIED.,.F.,.F.,.F.)
B_SPLINE_SURFACE_WITH_KNOTS((2,2),(3,3),(-5.,54.0934948143185),(0.,0.392699081700544),
 .UNSPECIFIED.)
GEOMETRIC_REPRESENTATION_ITEM()
RATIONAL_B_SPLINE_SURFACE(((1.,0.707106781186547,1.),(1.,0.70710678118912,
1.)))
REPRESENTATION_ITEM('')
SURFACE()
);
#51=(
BOUNDED_SURFACE()
B_SPLINE_SURFACE(1,2,((#4426,#4427,#4428),(#4429,#4430,#4431)),
 .UNSPECIFIED.,.F.,.F.,.F.)
B_SPLINE_SURFACE_WITH_KNOTS((2,2),(3,3),(-5.,17.8388930069123),(0.,0.392699081706),
 .UNSPECIFIED.)
GEOMETRIC_REPRESENTATION_ITEM()
RATIONAL_B_SPLINE_SURFACE(((1.,0.707106781186548,1.),(1.,0.707106781186548,
1.)))
REPRESENTATION_ITEM('')
SURFACE()
);
#52=(
BOUNDED_SURFACE()
B_SPLINE_SURFACE(1,2,((#4432,#4433,#4434),(#4435,#4436,#4437)),
 .UNSPECIFIED.,.F.,.F.,.F.)
B_SPLINE_SURFACE_WITH_KNOTS((2,2),(3,3),(-4.99999999999636,54.0934948143185),
(0.,0.392699081700543),.UNSPECIFIED.)
GEOMETRIC_REPRESENTATION_ITEM()
RATIONAL_B_SPLINE_SURFACE(((1.,0.707106781189121,1.),(1.,0.707106781183975,
1.)))
REPRESENTATION_ITEM('')
SURFACE()
);
#53=(
BOUNDED_SURFACE()
B_SPLINE_SURFACE(1,2,((#4438,#4439,#4440),(#4441,#4442,#4443)),
 .UNSPECIFIED.,.F.,.F.,.F.)
B_SPLINE_SURFACE_WITH_KNOTS((2,2),(3,3),(-5.,23.3074243855481),(0.,0.392699081706),
 .UNSPECIFIED.)
GEOMETRIC_REPRESENTATION_ITEM()
RATIONAL_B_SPLINE_SURFACE(((1.,0.707106781196839,1.),(1.,0.707106781191692,
1.)))
REPRESENTATION_ITEM('')
SURFACE()
);
#54=(
BOUNDED_SURFACE()
B_SPLINE_SURFACE(1,2,((#4444,#4445,#4446),(#4447,#4448,#4449)),
 .UNSPECIFIED.,.F.,.F.,.F.)
B_SPLINE_SURFACE_WITH_KNOTS((2,2),(3,3),(-4.99999999999272,16.4664517915335),
(0.,0.392699081702361),.UNSPECIFIED.)
GEOMETRIC_REPRESENTATION_ITEM()
RATIONAL_B_SPLINE_SURFACE(((1.,0.707106781183975,1.),(1.,0.707106781186548,
1.)))
REPRESENTATION_ITEM('')
SURFACE()
);
#55=(
BOUNDED_SURFACE()
B_SPLINE_SURFACE(2,1,((#4651,#4652),(#4653,#4654),(#4655,#4656),(#4657,
#4658),(#4659,#4660)),.UNSPECIFIED.,.F.,.F.,.F.)
B_SPLINE_SURFACE_WITH_KNOTS((3,2,3),(2,2),(0.,0.846502583306626,1.69300516661325),
(0.,2.),.UNSPECIFIED.)
GEOMETRIC_REPRESENTATION_ITEM()
RATIONAL_B_SPLINE_SURFACE(((1.,1.),(0.707106781186548,0.707106781186548),
(1.,1.),(0.707106781186548,0.707106781186548),(1.,1.)))
REPRESENTATION_ITEM('')
SURFACE()
);
#56=(
BOUNDED_SURFACE()
B_SPLINE_SURFACE(1,2,((#4679,#4680,#4681),(#4682,#4683,#4684)),
 .UNSPECIFIED.,.F.,.F.,.F.)
B_SPLINE_SURFACE_WITH_KNOTS((2,2),(3,3),(-5.,67.1022301978428),(0.,0.392699081702363),
 .UNSPECIFIED.)
GEOMETRIC_REPRESENTATION_ITEM()
RATIONAL_B_SPLINE_SURFACE(((1.,0.707106781181402,1.),(1.,0.707106781181402,
1.)))
REPRESENTATION_ITEM('')
SURFACE()
);
#57=(
BOUNDED_SURFACE()
B_SPLINE_SURFACE(1,2,((#4685,#4686,#4687),(#4688,#4689,#4690)),
 .UNSPECIFIED.,.F.,.F.,.F.)
B_SPLINE_SURFACE_WITH_KNOTS((2,2),(3,3),(-5.,21.396284820461),(0.,0.392699081700543),
 .UNSPECIFIED.)
GEOMETRIC_REPRESENTATION_ITEM()
RATIONAL_B_SPLINE_SURFACE(((1.,0.707106781186548,1.),(1.,0.707106781186547,
1.)))
REPRESENTATION_ITEM('')
SURFACE()
);
#58=(
BOUNDED_SURFACE()
B_SPLINE_SURFACE(1,2,((#4691,#4692,#4693),(#4694,#4695,#4696)),
 .UNSPECIFIED.,.F.,.F.,.F.)
B_SPLINE_SURFACE_WITH_KNOTS((2,2),(3,3),(-5.,22.7637695952035),(0.,0.392699081706001),
 .UNSPECIFIED.)
GEOMETRIC_REPRESENTATION_ITEM()
RATIONAL_B_SPLINE_SURFACE(((1.,0.707106781186548,1.),(1.,0.707106781181403,
1.)))
REPRESENTATION_ITEM('')
SURFACE()
);
#59=(
BOUNDED_SURFACE()
B_SPLINE_SURFACE(1,2,((#4697,#4698,#4699),(#4700,#4701,#4702)),
 .UNSPECIFIED.,.F.,.F.,.F.)
B_SPLINE_SURFACE_WITH_KNOTS((2,2),(3,3),(-4.99999999999636,13.0297320279187),
(0.,0.392699081706),.UNSPECIFIED.)
GEOMETRIC_REPRESENTATION_ITEM()
RATIONAL_B_SPLINE_SURFACE(((1.,0.707106781186548,1.),(1.,0.707106781191692,
1.)))
REPRESENTATION_ITEM('')
SURFACE()
);
#60=(
BOUNDED_SURFACE()
B_SPLINE_SURFACE(1,2,((#4703,#4704,#4705),(#4706,#4707,#4708)),
 .UNSPECIFIED.,.F.,.F.,.F.)
B_SPLINE_SURFACE_WITH_KNOTS((2,2),(3,3),(-5.00000000000364,94.1953920063861),
(0.,0.392699081700543),.UNSPECIFIED.)
GEOMETRIC_REPRESENTATION_ITEM()
RATIONAL_B_SPLINE_SURFACE(((1.,0.707106781183975,1.),(1.,0.707106781186548,
1.)))
REPRESENTATION_ITEM('')
SURFACE()
);
#61=(
BOUNDED_SURFACE()
B_SPLINE_SURFACE(1,2,((#4709,#4710,#4711),(#4712,#4713,#4714)),
 .UNSPECIFIED.,.F.,.F.,.F.)
B_SPLINE_SURFACE_WITH_KNOTS((2,2),(3,3),(-5.,95.573516917837),(0.,0.392699081702362),
 .UNSPECIFIED.)
GEOMETRIC_REPRESENTATION_ITEM()
RATIONAL_B_SPLINE_SURFACE(((1.,0.707106781186548,1.),(1.,0.707106781181402,
1.)))
REPRESENTATION_ITEM('')
SURFACE()
);
#62=(
BOUNDED_SURFACE()
B_SPLINE_SURFACE(1,2,((#4715,#4716,#4717),(#4718,#4719,#4720)),
 .UNSPECIFIED.,.F.,.F.,.F.)
B_SPLINE_SURFACE_WITH_KNOTS((2,2),(3,3),(-4.99999999999636,56.1795473473139),
(0.,0.392699081700544),.UNSPECIFIED.)
GEOMETRIC_REPRESENTATION_ITEM()
RATIONAL_B_SPLINE_SURFACE(((1.,0.707106781186547,1.),(1.,0.707106781186549,
1.)))
REPRESENTATION_ITEM('')
SURFACE()
);
#63=(
BOUNDED_SURFACE()
B_SPLINE_SURFACE(1,2,((#4721,#4722,#4723),(#4724,#4725,#4726)),
 .UNSPECIFIED.,.F.,.F.,.F.)
B_SPLINE_SURFACE_WITH_KNOTS((2,2),(3,3),(-5.,19.4303350601786),(0.,0.392699081706),
 .UNSPECIFIED.)
GEOMETRIC_REPRESENTATION_ITEM()
RATIONAL_B_SPLINE_SURFACE(((1.,0.707106781181403,1.),(1.,0.707106781186548,
1.)))
REPRESENTATION_ITEM('')
SURFACE()
);
#64=(
BOUNDED_SURFACE()
B_SPLINE_SURFACE(1,2,((#4727,#4728,#4729),(#4730,#4731,#4732)),
 .UNSPECIFIED.,.F.,.F.,.F.)
B_SPLINE_SURFACE_WITH_KNOTS((2,2),(3,3),(-5.,43.6397916322385),(0.,0.392699081706),
 .UNSPECIFIED.)
GEOMETRIC_REPRESENTATION_ITEM()
RATIONAL_B_SPLINE_SURFACE(((1.,0.707106781186548,1.),(1.,0.707106781181403,
1.)))
REPRESENTATION_ITEM('')
SURFACE()
);
#65=(
BOUNDED_SURFACE()
B_SPLINE_SURFACE(1,2,((#4733,#4734,#4735),(#4736,#4737,#4738)),
 .UNSPECIFIED.,.F.,.F.,.F.)
B_SPLINE_SURFACE_WITH_KNOTS((2,2),(3,3),(-5.,22.2588369893929),(0.,0.392699081706001),
 .UNSPECIFIED.)
GEOMETRIC_REPRESENTATION_ITEM()
RATIONAL_B_SPLINE_SURFACE(((1.,0.707106781191692,1.),(1.,0.707106781191692,
1.)))
REPRESENTATION_ITEM('')
SURFACE()
);
#66=(
BOUNDED_SURFACE()
B_SPLINE_SURFACE(1,2,((#4739,#4740,#4741),(#4742,#4743,#4744)),
 .UNSPECIFIED.,.F.,.F.,.F.)
B_SPLINE_SURFACE_WITH_KNOTS((2,2),(3,3),(-5.,32.4858335488461),(0.,0.392699081706001),
 .UNSPECIFIED.)
GEOMETRIC_REPRESENTATION_ITEM()
RATIONAL_B_SPLINE_SURFACE(((1.,0.707106781186548,1.),(1.,0.707106781186546,
1.)))
REPRESENTATION_ITEM('')
SURFACE()
);
#67=(
BOUNDED_SURFACE()
B_SPLINE_SURFACE(1,2,((#4745,#4746,#4747),(#4748,#4749,#4750)),
 .UNSPECIFIED.,.F.,.F.,.F.)
B_SPLINE_SURFACE_WITH_KNOTS((2,2),(3,3),(-5.00000000000182,49.3402938000636),
(0.,0.392699081706001),.UNSPECIFIED.)
GEOMETRIC_REPRESENTATION_ITEM()
RATIONAL_B_SPLINE_SURFACE(((1.,0.707106781191692,1.),(1.,0.707106781181402,
1.)))
REPRESENTATION_ITEM('')
SURFACE()
);
#68=(
BOUNDED_SURFACE()
B_SPLINE_SURFACE(1,2,((#4751,#4752,#4753),(#4754,#4755,#4756)),
 .UNSPECIFIED.,.F.,.F.,.F.)
B_SPLINE_SURFACE_WITH_KNOTS((2,2),(3,3),(-5.,17.4988314430102),(0.,0.392699081706),
 .UNSPECIFIED.)
GEOMETRIC_REPRESENTATION_ITEM()
RATIONAL_B_SPLINE_SURFACE(((1.,0.707106781186548,1.),(1.,0.707106781191692,
1.)))
REPRESENTATION_ITEM('')
SURFACE()
);
#69=(
BOUNDED_SURFACE()
B_SPLINE_SURFACE(1,2,((#4757,#4758,#4759),(#4760,#4761,#4762)),
 .UNSPECIFIED.,.F.,.F.,.F.)
B_SPLINE_SURFACE_WITH_KNOTS((2,2),(3,3),(-5.,23.4548036242013),(0.,0.392699081706001),
 .UNSPECIFIED.)
GEOMETRIC_REPRESENTATION_ITEM()
RATIONAL_B_SPLINE_SURFACE(((1.,0.707106781181402,1.),(1.,0.707106781181404,
1.)))
REPRESENTATION_ITEM('')
SURFACE()
);
#70=(
BOUNDED_SURFACE()
B_SPLINE_SURFACE(1,2,((#4763,#4764,#4765),(#4766,#4767,#4768)),
 .UNSPECIFIED.,.F.,.F.,.F.)
B_SPLINE_SURFACE_WITH_KNOTS((2,2),(3,3),(-5.00000000000728,67.9589546792122),
(0.,0.392699081700544),.UNSPECIFIED.)
GEOMETRIC_REPRESENTATION_ITEM()
RATIONAL_B_SPLINE_SURFACE(((1.,0.707106781186548,1.),(1.,0.70710678118912,
1.)))
REPRESENTATION_ITEM('')
SURFACE()
);
#71=(
BOUNDED_SURFACE()
B_SPLINE_SURFACE(1,2,((#4769,#4770,#4771),(#4772,#4773,#4774)),
 .UNSPECIFIED.,.F.,.F.,.F.)
B_SPLINE_SURFACE_WITH_KNOTS((2,2),(3,3),(-5.00000000000182,22.2072762424723),
(0.,0.392699081709638),.UNSPECIFIED.)
GEOMETRIC_REPRESENTATION_ITEM()
RATIONAL_B_SPLINE_SURFACE(((1.,0.707106781186549,1.),(1.,0.707106781186547,
1.)))
REPRESENTATION_ITEM('')
SURFACE()
);
#72=(
BOUNDED_SURFACE()
B_SPLINE_SURFACE(1,2,((#4775,#4776,#4777),(#4778,#4779,#4780)),
 .UNSPECIFIED.,.F.,.F.,.F.)
B_SPLINE_SURFACE_WITH_KNOTS((2,2),(3,3),(-5.,16.2640104775273),(0.,0.392699081706001),
 .UNSPECIFIED.)
GEOMETRIC_REPRESENTATION_ITEM()
RATIONAL_B_SPLINE_SURFACE(((1.,0.707106781186546,1.),(1.,0.707106781186546,
1.)))
REPRESENTATION_ITEM('')
SURFACE()
);
#73=(
BOUNDED_SURFACE()
B_SPLINE_SURFACE(1,2,((#4781,#4782,#4783),(#4784,#4785,#4786)),
 .UNSPECIFIED.,.F.,.F.,.F.)
B_SPLINE_SURFACE_WITH_KNOTS((2,2),(3,3),(-5.04999999999761,18.0571828979838),
(0.,0.392699081732853),.UNSPECIFIED.)
GEOMETRIC_REPRESENTATION_ITEM()
RATIONAL_B_SPLINE_SURFACE(((1.,0.707106781181562,1.),(1.,0.707106781167196,
1.)))
REPRESENTATION_ITEM('')
SURFACE()
);
#74=(
BOUNDED_SURFACE()
B_SPLINE_SURFACE(1,2,((#4787,#4788,#4789),(#4790,#4791,#4792)),
 .UNSPECIFIED.,.F.,.F.,.F.)
B_SPLINE_SURFACE_WITH_KNOTS((2,2),(3,3),(-5.04999999999948,23.2490889579892),
(0.,0.392699081731378),.UNSPECIFIED.)
GEOMETRIC_REPRESENTATION_ITEM()
RATIONAL_B_SPLINE_SURFACE(((1.,0.70710678117785,1.),(1.,0.7071067811993,
1.)))
REPRESENTATION_ITEM('')
SURFACE()
);
#75=(
BOUNDED_SURFACE()
B_SPLINE_SURFACE(1,2,((#4793,#4794,#4795),(#4796,#4797,#4798)),
 .UNSPECIFIED.,.F.,.F.,.F.)
B_SPLINE_SURFACE_WITH_KNOTS((2,2),(3,3),(-5.04999999999964,23.2929028382976),
(0.,0.392699081713051),.UNSPECIFIED.)
GEOMETRIC_REPRESENTATION_ITEM()
RATIONAL_B_SPLINE_SURFACE(((1.,0.707106781190657,1.),(1.,0.707106781232259,
1.)))
REPRESENTATION_ITEM('')
SURFACE()
);
#76=(
BOUNDED_SURFACE()
B_SPLINE_SURFACE(1,2,((#4799,#4800,#4801),(#4802,#4803,#4804)),
 .UNSPECIFIED.,.F.,.F.,.F.)
B_SPLINE_SURFACE_WITH_KNOTS((2,2),(3,3),(-4.99999999999872,28.3348340909551),
(0.,0.39269908171658),.UNSPECIFIED.)
GEOMETRIC_REPRESENTATION_ITEM()
RATIONAL_B_SPLINE_SURFACE(((1.,0.707106781189478,1.),(1.,0.707106781195776,
1.)))
REPRESENTATION_ITEM('')
SURFACE()
);
#77=(
BOUNDED_SURFACE()
B_SPLINE_SURFACE(1,2,((#4805,#4806,#4807),(#4808,#4809,#4810)),
 .UNSPECIFIED.,.F.,.F.,.F.)
B_SPLINE_SURFACE_WITH_KNOTS((2,2),(3,3),(-5.04999999999489,65.7441729858826),
(0.,0.392699081710922),.UNSPECIFIED.)
GEOMETRIC_REPRESENTATION_ITEM()
RATIONAL_B_SPLINE_SURFACE(((1.,0.707106781189789,1.),(1.,0.70710678118979,
1.)))
REPRESENTATION_ITEM('')
SURFACE()
);
#78=(
BOUNDED_SURFACE()
B_SPLINE_SURFACE(1,2,((#4811,#4812,#4813),(#4814,#4815,#4816)),
 .UNSPECIFIED.,.F.,.F.,.F.)
B_SPLINE_SURFACE_WITH_KNOTS((2,2),(3,3),(-5.00000000000532,60.6520572696179),
(0.,0.392699081710775),.UNSPECIFIED.)
GEOMETRIC_REPRESENTATION_ITEM()
RATIONAL_B_SPLINE_SURFACE(((1.,0.707106781195853,1.),(1.,0.707106781184645,
1.)))
REPRESENTATION_ITEM('')
SURFACE()
);
#79=(
BOUNDED_SURFACE()
B_SPLINE_SURFACE(1,2,((#4817,#4818,#4819),(#4820,#4821,#4822)),
 .UNSPECIFIED.,.F.,.F.,.F.)
B_SPLINE_SURFACE_WITH_KNOTS((2,2),(3,3),(-5.00000000000539,37.1618871668232),
(0.,0.392699081713074),.UNSPECIFIED.)
GEOMETRIC_REPRESENTATION_ITEM()
RATIONAL_B_SPLINE_SURFACE(((1.,0.707106781180267,1.),(1.,0.707106781201862,
1.)))
REPRESENTATION_ITEM('')
SURFACE()
);
#80=(
BOUNDED_SURFACE()
B_SPLINE_SURFACE(1,2,((#4823,#4824,#4825),(#4826,#4827,#4828)),
 .UNSPECIFIED.,.F.,.F.,.F.)
B_SPLINE_SURFACE_WITH_KNOTS((2,2),(3,3),(-5.04999999999577,18.3994729291012),
(0.,0.392699081718708),.UNSPECIFIED.)
GEOMETRIC_REPRESENTATION_ITEM()
RATIONAL_B_SPLINE_SURFACE(((1.,0.707106781177797,1.),(1.,0.707106781184215,
1.)))
REPRESENTATION_ITEM('')
SURFACE()
);
#81=(
BOUNDED_SURFACE()
B_SPLINE_SURFACE(1,2,((#4829,#4830,#4831),(#4832,#4833,#4834)),
 .UNSPECIFIED.,.F.,.F.,.F.)
B_SPLINE_SURFACE_WITH_KNOTS((2,2),(3,3),(-5.05000000000001,33.0218801358938),
(0.,0.392699081714115),.UNSPECIFIED.)
GEOMETRIC_REPRESENTATION_ITEM()
RATIONAL_B_SPLINE_SURFACE(((1.,0.707106781177025,1.),(1.,0.707106781181211,
1.)))
REPRESENTATION_ITEM('')
SURFACE()
);
#82=(
BOUNDED_SURFACE()
B_SPLINE_SURFACE(1,2,((#4835,#4836,#4837),(#4838,#4839,#4840)),
 .UNSPECIFIED.,.F.,.F.,.F.)
B_SPLINE_SURFACE_WITH_KNOTS((2,2),(3,3),(-4.99999999999689,34.0035972677499),
(0.,0.392699081716581),.UNSPECIFIED.)
GEOMETRIC_REPRESENTATION_ITEM()
RATIONAL_B_SPLINE_SURFACE(((1.,0.707106781200231,1.),(1.,0.707106781173733,
1.)))
REPRESENTATION_ITEM('')
SURFACE()
);
#83=(
BOUNDED_SURFACE()
B_SPLINE_SURFACE(1,2,((#4841,#4842,#4843),(#4844,#4845,#4846)),
 .UNSPECIFIED.,.F.,.F.,.F.)
B_SPLINE_SURFACE_WITH_KNOTS((2,2),(3,3),(-4.99999999999814,25.234375993346),
(0.,0.392699081711882),.UNSPECIFIED.)
GEOMETRIC_REPRESENTATION_ITEM()
RATIONAL_B_SPLINE_SURFACE(((1.,0.707106781213722,1.),(1.,0.707106781190338,
1.)))
REPRESENTATION_ITEM('')
SURFACE()
);
#84=(
BOUNDED_SURFACE()
B_SPLINE_SURFACE(1,2,((#4847,#4848,#4849),(#4850,#4851,#4852)),
 .UNSPECIFIED.,.F.,.F.,.F.)
B_SPLINE_SURFACE_WITH_KNOTS((2,2),(3,3),(-5.04999999999683,14.2931125601676),
(0.,0.392699081719247),.UNSPECIFIED.)
GEOMETRIC_REPRESENTATION_ITEM()
RATIONAL_B_SPLINE_SURFACE(((1.,0.707106781181499,1.),(1.,0.707106781181499,
1.)))
REPRESENTATION_ITEM('')
SURFACE()
);
#85=(
BOUNDED_SURFACE()
B_SPLINE_SURFACE(1,2,((#4853,#4854,#4855),(#4856,#4857,#4858)),
 .UNSPECIFIED.,.F.,.F.,.F.)
B_SPLINE_SURFACE_WITH_KNOTS((2,2),(3,3),(-5.04999999999809,30.1521625876728),
(0.,0.392699081711883),.UNSPECIFIED.)
GEOMETRIC_REPRESENTATION_ITEM()
RATIONAL_B_SPLINE_SURFACE(((1.,0.707106781190338,1.),(1.,0.707106781167939,
1.)))
REPRESENTATION_ITEM('')
SURFACE()
);
#86=(
BOUNDED_SURFACE()
B_SPLINE_SURFACE(1,2,((#4859,#4860,#4861),(#4862,#4863,#4864)),
 .UNSPECIFIED.,.F.,.F.,.F.)
B_SPLINE_SURFACE_WITH_KNOTS((2,2),(3,3),(-4.99999999999981,33.2555287512079),
(0.,0.392699081710624),.UNSPECIFIED.)
GEOMETRIC_REPRESENTATION_ITEM()
RATIONAL_B_SPLINE_SURFACE(((1.,0.707106781199603,1.),(1.,0.707106781181711,
1.)))
REPRESENTATION_ITEM('')
SURFACE()
);
#87=(
BOUNDED_SURFACE()
B_SPLINE_SURFACE(1,2,((#4865,#4866,#4867),(#4868,#4869,#4870)),
 .UNSPECIFIED.,.F.,.F.,.F.)
B_SPLINE_SURFACE_WITH_KNOTS((2,2),(3,3),(-5.04999999999898,25.7202839343548),
(0.,0.392699081723029),.UNSPECIFIED.)
GEOMETRIC_REPRESENTATION_ITEM()
RATIONAL_B_SPLINE_SURFACE(((1.,0.707106781189494,1.),(1.,0.707106781190327,
1.)))
REPRESENTATION_ITEM('')
SURFACE()
);
#88=(
BOUNDED_SURFACE()
B_SPLINE_SURFACE(1,2,((#4871,#4872,#4873),(#4874,#4875,#4876)),
 .UNSPECIFIED.,.F.,.F.,.F.)
B_SPLINE_SURFACE_WITH_KNOTS((2,2),(3,3),(-5.0000000000008,23.2990889579915),
(0.,0.392699081728851),.UNSPECIFIED.)
GEOMETRIC_REPRESENTATION_ITEM()
RATIONAL_B_SPLINE_SURFACE(((1.,0.707106781195727,1.),(1.,0.70710678116182,
1.)))
REPRESENTATION_ITEM('')
SURFACE()
);
#89=(
BOUNDED_SURFACE()
B_SPLINE_SURFACE(1,2,((#4877,#4878,#4879),(#4880,#4881,#4882)),
 .UNSPECIFIED.,.F.,.F.,.F.)
B_SPLINE_SURFACE_WITH_KNOTS((2,2),(3,3),(-5.00000000000495,18.0071828979873),
(0.,0.392699081729292),.UNSPECIFIED.)
GEOMETRIC_REPRESENTATION_ITEM()
RATIONAL_B_SPLINE_SURFACE(((1.,0.707106781181561,1.),(1.,0.707106781188987,
1.)))
REPRESENTATION_ITEM('')
SURFACE()
);
#90=(
BOUNDED_SURFACE()
B_SPLINE_SURFACE(2,3,((#4883,#4884,#4885,#4886,#4887,#4888,#4889,#4890,
#4891),(#4892,#4893,#4894,#4895,#4896,#4897,#4898,#4899,#4900),(#4901,#4902,
#4903,#4904,#4905,#4906,#4907,#4908,#4909)),.UNSPECIFIED.,.F.,.F.,.F.)
B_SPLINE_SURFACE_WITH_KNOTS((3,3),(4,1,3,1,4),(0.,0.392699081733774),(0.,
8.68813389903743,17.3762677980716,26.0644016971135,34.7525355961441),
 .UNSPECIFIED.)
GEOMETRIC_REPRESENTATION_ITEM()
RATIONAL_B_SPLINE_SURFACE(((1.,1.,1.,1.,1.,1.,1.,1.,1.),(0.707106781184848,
0.707106780777855,0.707106782295471,0.707106779946624,0.707106782775838,
0.707106779553653,0.707106783360784,0.70710677954592,0.707106782775838),
(1.,1.,1.,1.,1.,1.,1.,1.,1.)))
REPRESENTATION_ITEM('')
SURFACE()
);
#91=(
BOUNDED_SURFACE()
B_SPLINE_SURFACE(2,1,((#4910,#4911),(#4912,#4913),(#4914,#4915),(#4916,
#4917),(#4918,#4919)),.UNSPECIFIED.,.F.,.F.,.F.)
B_SPLINE_SURFACE_WITH_KNOTS((3,2,3),(2,2),(1.69300516661325,2.53950774991988,
3.38601033322651),(0.,2.),.UNSPECIFIED.)
GEOMETRIC_REPRESENTATION_ITEM()
RATIONAL_B_SPLINE_SURFACE(((1.,1.),(0.707106781186548,0.707106781186548),
(1.,1.),(0.707106781186548,0.707106781186548),(1.,1.)))
REPRESENTATION_ITEM('')
SURFACE()
);
#92=(
BOUNDED_SURFACE()
B_SPLINE_SURFACE(2,3,((#4920,#4921,#4922,#4923,#4924,#4925,#4926,#4927,
#4928),(#4929,#4930,#4931,#4932,#4933,#4934,#4935,#4936,#4937),(#4938,#4939,
#4940,#4941,#4942,#4943,#4944,#4945,#4946)),.UNSPECIFIED.,.F.,.F.,.F.)
B_SPLINE_SURFACE_WITH_KNOTS((3,3),(4,1,3,1,4),(0.,0.392699081733774),(34.7525355961441,
43.440669495181,52.128803394219,60.81693729325,69.5050711922906),
 .UNSPECIFIED.)
GEOMETRIC_REPRESENTATION_ITEM()
RATIONAL_B_SPLINE_SURFACE(((1.,0.999999999999998,1.,1.,1.,1.,1.,1.,1.),
(0.707106782775838,0.707106779558459,0.707106783344999,0.707106779563282,
0.707106782775838,0.707106779546901,0.707106783367576,0.707106779548006,
0.707106782775838),(1.,0.999999999999998,1.,1.,1.,1.,1.,1.,1.)))
REPRESENTATION_ITEM('')
SURFACE()
);
#93=(
BOUNDED_SURFACE()
B_SPLINE_SURFACE(1,2,((#5793,#5794,#5795),(#5796,#5797,#5798)),
 .UNSPECIFIED.,.F.,.F.,.F.)
B_SPLINE_SURFACE_WITH_KNOTS((2,2),(3,3),(-4.99999999999636,48.4803700039811),
(0.,0.392699081700544),.UNSPECIFIED.)
GEOMETRIC_REPRESENTATION_ITEM()
RATIONAL_B_SPLINE_SURFACE(((1.,0.707106781186548,1.),(1.,0.707106781186548,
1.)))
REPRESENTATION_ITEM('')
SURFACE()
);
#94=(
BOUNDED_SURFACE()
B_SPLINE_SURFACE(1,2,((#5799,#5800,#5801),(#5802,#5803,#5804)),
 .UNSPECIFIED.,.F.,.F.,.F.)
B_SPLINE_SURFACE_WITH_KNOTS((2,2),(3,3),(-4.99999999999636,48.4803700039847),
(0.,0.392699081702362),.UNSPECIFIED.)
GEOMETRIC_REPRESENTATION_ITEM()
RATIONAL_B_SPLINE_SURFACE(((1.,0.70710678118912,1.),(1.,0.707106781186548,
1.)))
REPRESENTATION_ITEM('')
SURFACE()
);
#95=(
BOUNDED_SURFACE()
B_SPLINE_SURFACE(1,2,((#5805,#5806,#5807),(#5808,#5809,#5810)),
 .UNSPECIFIED.,.F.,.F.,.F.)
B_SPLINE_SURFACE_WITH_KNOTS((2,2),(3,3),(-5.,99.3195725053592),(0.,0.392699081700543),
 .UNSPECIFIED.)
GEOMETRIC_REPRESENTATION_ITEM()
RATIONAL_B_SPLINE_SURFACE(((1.,0.707106781183975,1.),(1.,0.707106781186547,
1.)))
REPRESENTATION_ITEM('')
SURFACE()
);
#96=(
BOUNDED_SURFACE()
B_SPLINE_SURFACE(1,2,((#5811,#5812,#5813),(#5814,#5815,#5816)),
 .UNSPECIFIED.,.F.,.F.,.F.)
B_SPLINE_SURFACE_WITH_KNOTS((2,2),(3,3),(-5.,37.1518767715934),(0.,0.392699081706001),
 .UNSPECIFIED.)
GEOMETRIC_REPRESENTATION_ITEM()
RATIONAL_B_SPLINE_SURFACE(((1.,0.707106781181402,1.),(1.,0.707106781186548,
1.)))
REPRESENTATION_ITEM('')
SURFACE()
);
#97=(
BOUNDED_SURFACE()
B_SPLINE_SURFACE(1,2,((#5817,#5818,#5819),(#5820,#5821,#5822)),
 .UNSPECIFIED.,.F.,.F.,.F.)
B_SPLINE_SURFACE_WITH_KNOTS((2,2),(3,3),(-5.,99.3695725053549),(0.,0.392699081700544),
 .UNSPECIFIED.)
GEOMETRIC_REPRESENTATION_ITEM()
RATIONAL_B_SPLINE_SURFACE(((1.,0.707106781186548,1.),(1.,0.707106781186548,
1.)))
REPRESENTATION_ITEM('')
SURFACE()
);
#98=(
BOUNDED_SURFACE()
B_SPLINE_SURFACE(1,2,((#5823,#5824,#5825),(#5826,#5827,#5828)),
 .UNSPECIFIED.,.F.,.F.,.F.)
B_SPLINE_SURFACE_WITH_KNOTS((2,2),(3,3),(-5.00000000000149,57.5553641888338),
(0.,0.392699081722784),.UNSPECIFIED.)
GEOMETRIC_REPRESENTATION_ITEM()
RATIONAL_B_SPLINE_SURFACE(((1.,0.707106781177278,1.),(1.,0.707106781173677,
1.)))
REPRESENTATION_ITEM('')
SURFACE()
);
#99=(
BOUNDED_SURFACE()
B_SPLINE_SURFACE(1,2,((#5829,#5830,#5831),(#5832,#5833,#5834)),
 .UNSPECIFIED.,.F.,.F.,.F.)
B_SPLINE_SURFACE_WITH_KNOTS((2,2),(3,3),(-5.00000000000405,57.6053641888339),
(0.,0.392699081720203),.UNSPECIFIED.)
GEOMETRIC_REPRESENTATION_ITEM()
RATIONAL_B_SPLINE_SURFACE(((1.,0.70710678118962,1.),(1.,0.70710678118249,
1.)))
REPRESENTATION_ITEM('')
SURFACE()
);
#100=(
BOUNDED_SURFACE()
B_SPLINE_SURFACE(1,2,((#5835,#5836,#5837),(#5838,#5839,#5840)),
 .UNSPECIFIED.,.F.,.F.,.F.)
B_SPLINE_SURFACE_WITH_KNOTS((2,2),(3,3),(-5.05000000000162,80.3682043218333),
(0.,0.392699081720204),.UNSPECIFIED.)
GEOMETRIC_REPRESENTATION_ITEM()
RATIONAL_B_SPLINE_SURFACE(((1.,0.707106781172115,1.),(1.,0.707106781180927,
1.)))
REPRESENTATION_ITEM('')
SURFACE()
);
#101=(
BOUNDED_SURFACE()
B_SPLINE_SURFACE(1,2,((#5841,#5842,#5843),(#5844,#5845,#5846)),
 .UNSPECIFIED.,.F.,.F.,.F.)
B_SPLINE_SURFACE_WITH_KNOTS((2,2),(3,3),(-4.9999999999976,80.3682043218333),
(0.,0.392699081722785),.UNSPECIFIED.)
GEOMETRIC_REPRESENTATION_ITEM()
RATIONAL_B_SPLINE_SURFACE(((1.,0.707106781173677,1.),(1.,0.707106781198434,
1.)))
REPRESENTATION_ITEM('')
SURFACE()
);
#102=(
BOUNDED_SURFACE()
B_SPLINE_SURFACE(1,2,((#6056,#6057,#6058),(#6059,#6060,#6061)),
 .UNSPECIFIED.,.F.,.F.,.F.)
B_SPLINE_SURFACE_WITH_KNOTS((2,2),(3,3),(0.,7.9909451017955),(25.5420497936776,
25.9347488753763),.UNSPECIFIED.)
GEOMETRIC_REPRESENTATION_ITEM()
RATIONAL_B_SPLINE_SURFACE(((1.,0.707106781186548,1.),(1.,0.707106781186548,
1.)))
REPRESENTATION_ITEM('')
SURFACE()
);
#103=(
BOUNDED_SURFACE()
B_SPLINE_SURFACE(1,2,((#6063,#6064,#6065),(#6066,#6067,#6068)),
 .UNSPECIFIED.,.F.,.F.,.F.)
B_SPLINE_SURFACE_WITH_KNOTS((2,2),(3,3),(0.,7.9909451017955),(33.5372994266391,
33.9299985083379),.UNSPECIFIED.)
GEOMETRIC_REPRESENTATION_ITEM()
RATIONAL_B_SPLINE_SURFACE(((1.,0.707106781186548,1.),(1.,0.707106781186548,
1.)))
REPRESENTATION_ITEM('')
SURFACE()
);
#104=(
BOUNDED_SURFACE()
B_SPLINE_SURFACE(1,2,((#6070,#6071,#6072),(#6073,#6074,#6075)),
 .UNSPECIFIED.,.F.,.F.,.F.)
B_SPLINE_SURFACE_WITH_KNOTS((2,2),(3,3),(0.,7.9909451017955),(59.4720483020155,
59.8647473837142),.UNSPECIFIED.)
GEOMETRIC_REPRESENTATION_ITEM()
RATIONAL_B_SPLINE_SURFACE(((1.,0.707106781186548,1.),(1.,0.707106781186548,
1.)))
REPRESENTATION_ITEM('')
SURFACE()
);
#105=(
BOUNDED_SURFACE()
B_SPLINE_SURFACE(1,2,((#6077,#6078,#6079),(#6080,#6081,#6082)),
 .UNSPECIFIED.,.F.,.F.,.F.)
B_SPLINE_SURFACE_WITH_KNOTS((2,2),(3,3),(0.,7.9909451017955),(67.467297934977,
67.8599970166757),.UNSPECIFIED.)
GEOMETRIC_REPRESENTATION_ITEM()
RATIONAL_B_SPLINE_SURFACE(((1.,0.707106781186548,1.),(1.,0.707106781186548,
1.)))
REPRESENTATION_ITEM('')
SURFACE()
);
#106=(
BOUNDED_SURFACE()
B_SPLINE_SURFACE(1,2,((#6085,#6086,#6087),(#6088,#6089,#6090)),
 .UNSPECIFIED.,.F.,.F.,.F.)
B_SPLINE_SURFACE_WITH_KNOTS((2,2),(3,3),(3.76065157811503E-12,512.469045869202),
(0.,1.57079632679911),.UNSPECIFIED.)
GEOMETRIC_REPRESENTATION_ITEM()
RATIONAL_B_SPLINE_SURFACE(((1.,0.707106781185919,1.),(1.,0.707106781186639,
1.)))
REPRESENTATION_ITEM('')
SURFACE()
);
#107=(
BOUNDED_SURFACE()
B_SPLINE_SURFACE(3,2,((#6091,#6092,#6093),(#6094,#6095,#6096),(#6097,#6098,
#6099),(#6100,#6101,#6102),(#6103,#6104,#6105)),.UNSPECIFIED.,.F.,.F.,.F.)
B_SPLINE_SURFACE_WITH_KNOTS((4,1,4),(3,3),(0.,3.1540282840143,6.3080565680163),
(0.,1.57079632689783),.UNSPECIFIED.)
GEOMETRIC_REPRESENTATION_ITEM()
RATIONAL_B_SPLINE_SURFACE(((1.,0.707106781187043,1.),(0.999999999999999,
0.707106781193391,0.999999999999999),(1.,0.707106781164046,1.),(1.,0.707106781199014,
1.),(1.,0.707106781180989,1.)))
REPRESENTATION_ITEM('')
SURFACE()
);
#108=(
BOUNDED_SURFACE()
B_SPLINE_SURFACE(1,2,((#6106,#6107,#6108),(#6109,#6110,#6111)),
 .UNSPECIFIED.,.F.,.F.,.F.)
B_SPLINE_SURFACE_WITH_KNOTS((2,2),(3,3),(4.9754325049298E-13,152.535597520543),
(0.,1.57079632681789),.UNSPECIFIED.)
GEOMETRIC_REPRESENTATION_ITEM()
RATIONAL_B_SPLINE_SURFACE(((1.,0.707106781183428,1.),(1.,0.70710678118241,
1.)))
REPRESENTATION_ITEM('')
SURFACE()
);
#109=(
BOUNDED_SURFACE()
B_SPLINE_SURFACE(3,2,((#6112,#6113,#6114),(#6115,#6116,#6117),(#6118,#6119,
#6120),(#6121,#6122,#6123),(#6124,#6125,#6126),(#6127,#6128,#6129),(#6130,
#6131,#6132),(#6133,#6134,#6135)),.UNSPECIFIED.,.F.,.F.,.F.)
B_SPLINE_SURFACE_WITH_KNOTS((4,3,1,4),(3,3),(-9.60291344781053E-07,0.,3.15402828400577,
6.30805656801335),(0.,1.5707963268984),.UNSPECIFIED.)
GEOMETRIC_REPRESENTATION_ITEM()
RATIONAL_B_SPLINE_SURFACE(((1.,0.707106781183562,1.),(1.,0.707106781183562,
1.),(1.,0.707106781183562,1.),(1.,0.707106781183562,1.),(1.,0.707106781194398,
1.),(1.,0.707106781162325,1.),(0.999999999999999,0.707106781194278,0.999999999999999),
(1.,0.707106781186722,1.)))
REPRESENTATION_ITEM('')
SURFACE()
);
#110=(
BOUNDED_SURFACE()
B_SPLINE_SURFACE(1,2,((#6136,#6137,#6138),(#6139,#6140,#6141)),
 .UNSPECIFIED.,.F.,.F.,.F.)
B_SPLINE_SURFACE_WITH_KNOTS((2,2),(3,3),(2.73203681899759E-12,512.469045869206),
(0.,1.57079632679691),.UNSPECIFIED.)
GEOMETRIC_REPRESENTATION_ITEM()
RATIONAL_B_SPLINE_SURFACE(((1.,0.70710678118703,1.),(1.,0.707106781186681,
1.)))
REPRESENTATION_ITEM('')
SURFACE()
);
#111=(
BOUNDED_SURFACE()
B_SPLINE_SURFACE(3,2,((#6142,#6143,#6144),(#6145,#6146,#6147),(#6148,#6149,
#6150),(#6151,#6152,#6153),(#6154,#6155,#6156)),.UNSPECIFIED.,.F.,.F.,.F.)
B_SPLINE_SURFACE_WITH_KNOTS((4,1,4),(3,3),(0.,3.15402828399638,6.30805656800529),
(0.,1.5707963268957),.UNSPECIFIED.)
GEOMETRIC_REPRESENTATION_ITEM()
RATIONAL_B_SPLINE_SURFACE(((1.,0.707106781186667,1.),(1.,0.707106781194055,
1.),(0.999999999999999,0.707106781164178,0.999999999999999),(1.,0.707106781195803,
1.),(1.,0.707106781184847,1.)))
REPRESENTATION_ITEM('')
SURFACE()
);
#112=(
BOUNDED_SURFACE()
B_SPLINE_SURFACE(1,2,((#6157,#6158,#6159),(#6160,#6161,#6162)),
 .UNSPECIFIED.,.F.,.F.,.F.)
B_SPLINE_SURFACE_WITH_KNOTS((2,2),(3,3),(-4.28403085274233E-14,152.535597520542),
(0.,1.57079632682091),.UNSPECIFIED.)
GEOMETRIC_REPRESENTATION_ITEM()
RATIONAL_B_SPLINE_SURFACE(((1.,0.707106781189122,1.),(1.,0.707106781184212,
1.)))
REPRESENTATION_ITEM('')
SURFACE()
);
#113=(
BOUNDED_SURFACE()
B_SPLINE_SURFACE(3,2,((#6163,#6164,#6165),(#6166,#6167,#6168),(#6169,#6170,
#6171),(#6172,#6173,#6174),(#6175,#6176,#6177)),.UNSPECIFIED.,.F.,.F.,.F.)
B_SPLINE_SURFACE_WITH_KNOTS((4,1,4),(3,3),(0.,3.15402828400073,6.3080565680016),
(0.,1.57079632690792),.UNSPECIFIED.)
GEOMETRIC_REPRESENTATION_ITEM()
RATIONAL_B_SPLINE_SURFACE(((1.,0.707106781184848,1.),(0.999999999999999,
0.707106781196445,0.999999999999999),(1.,0.707106781163343,1.),(1.,0.707106781193515,
1.),(1.,0.707106781186667,1.)))
REPRESENTATION_ITEM('')
SURFACE()
);
#114=FILL_AREA_STYLE_COLOUR('',#2668);
#115=FILL_AREA_STYLE_COLOUR('',#2670);
#116=FILL_AREA_STYLE_COLOUR('',#2671);
#117=FILL_AREA_STYLE_COLOUR('',#2672);
#118=FILL_AREA_STYLE_COLOUR('',#2673);
#119=FILL_AREA_STYLE_COLOUR('',#2674);
#120=FILL_AREA_STYLE_COLOUR('',#2675);
#121=FILL_AREA_STYLE_COLOUR('',#2676);
#122=FILL_AREA_STYLE('',(#114));
#123=FILL_AREA_STYLE('',(#115));
#124=FILL_AREA_STYLE('',(#116));
#125=FILL_AREA_STYLE('',(#117));
#126=FILL_AREA_STYLE('',(#118));
#127=FILL_AREA_STYLE('',(#119));
#128=FILL_AREA_STYLE('',(#120));
#129=FILL_AREA_STYLE('',(#121));
#130=SURFACE_STYLE_FILL_AREA(#122);
#131=SURFACE_STYLE_FILL_AREA(#123);
#132=SURFACE_STYLE_FILL_AREA(#124);
#133=SURFACE_STYLE_FILL_AREA(#125);
#134=SURFACE_STYLE_FILL_AREA(#126);
#135=SURFACE_STYLE_FILL_AREA(#127);
#136=SURFACE_STYLE_FILL_AREA(#128);
#137=SURFACE_STYLE_FILL_AREA(#129);
#138=SURFACE_SIDE_STYLE('',(#130));
#139=SURFACE_SIDE_STYLE('',(#131));
#140=SURFACE_SIDE_STYLE('',(#132));
#141=SURFACE_SIDE_STYLE('',(#133));
#142=SURFACE_SIDE_STYLE('',(#134));
#143=SURFACE_SIDE_STYLE('',(#135));
#144=SURFACE_SIDE_STYLE('',(#136));
#145=SURFACE_SIDE_STYLE('',(#137));
#146=SURFACE_STYLE_USAGE(.BOTH.,#138);
#147=SURFACE_STYLE_USAGE(.BOTH.,#139);
#148=SURFACE_STYLE_USAGE(.BOTH.,#140);
#149=SURFACE_STYLE_USAGE(.BOTH.,#141);
#150=SURFACE_STYLE_USAGE(.BOTH.,#142);
#151=SURFACE_STYLE_USAGE(.BOTH.,#143);
#152=SURFACE_STYLE_USAGE(.BOTH.,#144);
#153=SURFACE_STYLE_USAGE(.BOTH.,#145);
#154=SHELL_BASED_SURFACE_MODEL('shell_1',(#163));
#155=SHELL_BASED_SURFACE_MODEL('shell_2',(#164));
#156=SHELL_BASED_SURFACE_MODEL('shell_3',(#165));
#157=SHELL_BASED_SURFACE_MODEL('shell_4',(#166));
#158=SHELL_BASED_SURFACE_MODEL('shell_5',(#167));
#159=SHELL_BASED_SURFACE_MODEL('shell_6',(#168));
#160=SHELL_BASED_SURFACE_MODEL('shell_7',(#169));
#161=SHELL_BASED_SURFACE_MODEL('shell_8',(#170));
#162=MANIFOLD_SURFACE_SHAPE_REPRESENTATION('shell_rep_0',(#154,#155,#156,
#157,#158,#159,#160,#161,#3325),#3229);
#163=OPEN_SHELL('',(#171));
#164=OPEN_SHELL('',(#172,#173,#174,#175,#176,#177,#178,#179,#180,#181,#182,
#183,#184,#185,#186,#187,#188,#189,#190,#191,#192,#193,#194,#195,#196));
#165=OPEN_SHELL('',(#197,#198,#199,#200,#201,#202,#203,#204,#205,#206,#207,
#208,#209,#210,#211,#212,#213,#214,#215,#216,#217,#218,#219,#220,#221));
#166=OPEN_SHELL('',(#222,#223,#224,#225,#226,#227,#228,#229,#230));
#167=OPEN_SHELL('',(#231,#232,#233,#234,#235,#236,#237,#238,#239,#240,#241,
#242,#243,#244,#245,#246,#247));
#168=OPEN_SHELL('',(#248,#249,#250,#251,#252,#253,#254,#255,#256,#257,#258,
#259,#260,#261,#262,#263,#264,#265,#266,#267,#268,#269,#270,#271,#272,#273,
#274,#275,#276,#277,#278,#279,#280,#281,#282,#283,#284,#285,#286,#287,#288,
#289,#290,#291,#292,#293,#294,#295,#296,#297,#298,#299,#300,#301,#302,#303,
#304,#305,#306,#307,#308,#309,#310,#311,#312,#313,#314,#315,#316,#317,#318,
#319,#320));
#169=OPEN_SHELL('',(#321,#322,#323,#324,#325,#326,#327,#328,#329,#330,#331,
#332,#333,#334,#335,#336,#337,#338,#339));
#170=OPEN_SHELL('',(#340,#341,#342,#343,#344,#345,#346,#347,#348,#349,#350,
#351,#352,#353,#354,#355,#356,#357));
#171=ADVANCED_FACE('',(#358),#2498,.T.);
#172=ADVANCED_FACE('',(#359),#2499,.T.);
#173=ADVANCED_FACE('',(#360),#2500,.T.);
#174=ADVANCED_FACE('',(#361),#2501,.T.);
#175=ADVANCED_FACE('',(#362),#2502,.T.);
#176=ADVANCED_FACE('',(#363),#2503,.T.);
#177=ADVANCED_FACE('',(#364),#2504,.T.);
#178=ADVANCED_FACE('',(#365),#2505,.T.);
#179=ADVANCED_FACE('',(#366),#2506,.T.);
#180=ADVANCED_FACE('',(#367),#2507,.T.);
#181=ADVANCED_FACE('',(#368),#2508,.T.);
#182=ADVANCED_FACE('',(#369),#2509,.T.);
#183=ADVANCED_FACE('',(#370),#2510,.T.);
#184=ADVANCED_FACE('',(#371),#2511,.T.);
#185=ADVANCED_FACE('',(#372),#19,.T.);
#186=ADVANCED_FACE('',(#373),#20,.T.);
#187=ADVANCED_FACE('',(#374),#21,.T.);
#188=ADVANCED_FACE('',(#375),#22,.T.);
#189=ADVANCED_FACE('',(#376),#23,.T.);
#190=ADVANCED_FACE('',(#377),#24,.T.);
#191=ADVANCED_FACE('',(#378),#25,.T.);
#192=ADVANCED_FACE('',(#379),#26,.T.);
#193=ADVANCED_FACE('',(#380),#27,.T.);
#194=ADVANCED_FACE('',(#381),#28,.T.);
#195=ADVANCED_FACE('',(#382),#29,.T.);
#196=ADVANCED_FACE('',(#383),#30,.T.);
#197=ADVANCED_FACE('',(#384),#2512,.T.);
#198=ADVANCED_FACE('',(#385),#2513,.T.);
#199=ADVANCED_FACE('',(#386),#2514,.T.);
#200=ADVANCED_FACE('',(#387),#2515,.T.);
#201=ADVANCED_FACE('',(#388),#2516,.T.);
#202=ADVANCED_FACE('',(#389),#2517,.T.);
#203=ADVANCED_FACE('',(#390),#2518,.T.);
#204=ADVANCED_FACE('',(#391),#2519,.T.);
#205=ADVANCED_FACE('',(#392),#2520,.T.);
#206=ADVANCED_FACE('',(#393),#2521,.T.);
#207=ADVANCED_FACE('',(#394),#2522,.T.);
#208=ADVANCED_FACE('',(#395),#2523,.T.);
#209=ADVANCED_FACE('',(#396),#2524,.T.);
#210=ADVANCED_FACE('',(#397),#31,.T.);
#211=ADVANCED_FACE('',(#398),#32,.T.);
#212=ADVANCED_FACE('',(#399),#33,.T.);
#213=ADVANCED_FACE('',(#400),#34,.T.);
#214=ADVANCED_FACE('',(#401),#35,.T.);
#215=ADVANCED_FACE('',(#402),#36,.T.);
#216=ADVANCED_FACE('',(#403),#37,.T.);
#217=ADVANCED_FACE('',(#404),#38,.T.);
#218=ADVANCED_FACE('',(#405),#39,.T.);
#219=ADVANCED_FACE('',(#406),#40,.T.);
#220=ADVANCED_FACE('',(#407),#41,.T.);
#221=ADVANCED_FACE('',(#408),#42,.T.);
#222=ADVANCED_FACE('',(#409),#2525,.T.);
#223=ADVANCED_FACE('',(#410),#2526,.T.);
#224=ADVANCED_FACE('',(#411),#2527,.T.);
#225=ADVANCED_FACE('',(#412),#2528,.T.);
#226=ADVANCED_FACE('',(#413),#2529,.T.);
#227=ADVANCED_FACE('',(#414),#43,.T.);
#228=ADVANCED_FACE('',(#415),#44,.T.);
#229=ADVANCED_FACE('',(#416),#45,.T.);
#230=ADVANCED_FACE('',(#417),#46,.T.);
#231=ADVANCED_FACE('',(#418),#2530,.T.);
#232=ADVANCED_FACE('',(#419),#2531,.T.);
#233=ADVANCED_FACE('',(#420),#2532,.T.);
#234=ADVANCED_FACE('',(#421),#2533,.T.);
#235=ADVANCED_FACE('',(#422),#2534,.T.);
#236=ADVANCED_FACE('',(#423),#2535,.T.);
#237=ADVANCED_FACE('',(#424),#2536,.T.);
#238=ADVANCED_FACE('',(#425),#2537,.T.);
#239=ADVANCED_FACE('',(#426),#2538,.T.);
#240=ADVANCED_FACE('',(#427),#47,.T.);
#241=ADVANCED_FACE('',(#428),#48,.T.);
#242=ADVANCED_FACE('',(#429),#49,.T.);
#243=ADVANCED_FACE('',(#430),#50,.T.);
#244=ADVANCED_FACE('',(#431),#51,.T.);
#245=ADVANCED_FACE('',(#432),#52,.T.);
#246=ADVANCED_FACE('',(#433),#53,.T.);
#247=ADVANCED_FACE('',(#434),#54,.T.);
#248=ADVANCED_FACE('',(#435),#2539,.T.);
#249=ADVANCED_FACE('',(#436),#2540,.T.);
#250=ADVANCED_FACE('',(#437),#2541,.T.);
#251=ADVANCED_FACE('',(#438),#2542,.T.);
#252=ADVANCED_FACE('',(#439),#2543,.T.);
#253=ADVANCED_FACE('',(#440),#2544,.T.);
#254=ADVANCED_FACE('',(#441),#2545,.T.);
#255=ADVANCED_FACE('',(#442),#2546,.T.);
#256=ADVANCED_FACE('',(#443),#2547,.T.);
#257=ADVANCED_FACE('',(#444),#2548,.T.);
#258=ADVANCED_FACE('',(#445),#2549,.T.);
#259=ADVANCED_FACE('',(#446),#2550,.T.);
#260=ADVANCED_FACE('',(#447),#2551,.T.);
#261=ADVANCED_FACE('',(#448),#2552,.T.);
#262=ADVANCED_FACE('',(#449),#2553,.T.);
#263=ADVANCED_FACE('',(#450),#2554,.T.);
#264=ADVANCED_FACE('',(#451),#2555,.T.);
#265=ADVANCED_FACE('',(#452),#55,.T.);
#266=ADVANCED_FACE('',(#453,#12),#2556,.T.);
#267=ADVANCED_FACE('',(#454),#2557,.T.);
#268=ADVANCED_FACE('',(#455),#2558,.T.);
#269=ADVANCED_FACE('',(#456),#2559,.T.);
#270=ADVANCED_FACE('',(#457),#2560,.T.);
#271=ADVANCED_FACE('',(#458),#2561,.T.);
#272=ADVANCED_FACE('',(#459),#2562,.T.);
#273=ADVANCED_FACE('',(#460),#2563,.T.);
#274=ADVANCED_FACE('',(#461),#2564,.T.);
#275=ADVANCED_FACE('',(#462),#2565,.T.);
#276=ADVANCED_FACE('',(#463),#2566,.T.);
#277=ADVANCED_FACE('',(#464),#2567,.T.);
#278=ADVANCED_FACE('',(#465),#2568,.T.);
#279=ADVANCED_FACE('',(#466),#2569,.T.);
#280=ADVANCED_FACE('',(#467),#2570,.T.);
#281=ADVANCED_FACE('',(#468),#2571,.T.);
#282=ADVANCED_FACE('',(#469),#2572,.T.);
#283=ADVANCED_FACE('',(#470),#2573,.T.);
#284=ADVANCED_FACE('',(#471),#56,.T.);
#285=ADVANCED_FACE('',(#472),#57,.T.);
#286=ADVANCED_FACE('',(#473),#58,.T.);
#287=ADVANCED_FACE('',(#474),#59,.T.);
#288=ADVANCED_FACE('',(#475),#60,.T.);
#289=ADVANCED_FACE('',(#476),#61,.T.);
#290=ADVANCED_FACE('',(#477),#62,.T.);
#291=ADVANCED_FACE('',(#478),#63,.T.);
#292=ADVANCED_FACE('',(#479),#64,.T.);
#293=ADVANCED_FACE('',(#480),#65,.T.);
#294=ADVANCED_FACE('',(#481),#66,.T.);
#295=ADVANCED_FACE('',(#482),#67,.T.);
#296=ADVANCED_FACE('',(#483),#68,.T.);
#297=ADVANCED_FACE('',(#484),#69,.T.);
#298=ADVANCED_FACE('',(#485),#70,.T.);
#299=ADVANCED_FACE('',(#486),#71,.T.);
#300=ADVANCED_FACE('',(#487),#72,.T.);
#301=ADVANCED_FACE('',(#488),#73,.T.);
#302=ADVANCED_FACE('',(#489),#74,.T.);
#303=ADVANCED_FACE('',(#490),#75,.T.);
#304=ADVANCED_FACE('',(#491),#76,.T.);
#305=ADVANCED_FACE('',(#492),#77,.T.);
#306=ADVANCED_FACE('',(#493),#78,.T.);
#307=ADVANCED_FACE('',(#494),#79,.T.);
#308=ADVANCED_FACE('',(#495),#80,.T.);
#309=ADVANCED_FACE('',(#496),#81,.T.);
#310=ADVANCED_FACE('',(#497),#82,.T.);
#311=ADVANCED_FACE('',(#498),#83,.T.);
#312=ADVANCED_FACE('',(#499),#84,.T.);
#313=ADVANCED_FACE('',(#500),#85,.T.);
#314=ADVANCED_FACE('',(#501),#86,.T.);
#315=ADVANCED_FACE('',(#502),#87,.T.);
#316=ADVANCED_FACE('',(#503),#88,.T.);
#317=ADVANCED_FACE('',(#504),#89,.T.);
#318=ADVANCED_FACE('',(#505),#90,.T.);
#319=ADVANCED_FACE('',(#506),#91,.T.);
#320=ADVANCED_FACE('',(#507),#92,.T.);
#321=ADVANCED_FACE('',(#508),#2574,.T.);
#322=ADVANCED_FACE('',(#509),#2575,.T.);
#323=ADVANCED_FACE('',(#510),#2576,.T.);
#324=ADVANCED_FACE('',(#511),#2577,.T.);
#325=ADVANCED_FACE('',(#512),#2578,.T.);
#326=ADVANCED_FACE('',(#513),#2579,.T.);
#327=ADVANCED_FACE('',(#514),#2580,.T.);
#328=ADVANCED_FACE('',(#515),#2581,.T.);
#329=ADVANCED_FACE('',(#516),#2582,.T.);
#330=ADVANCED_FACE('',(#517),#2583,.T.);
#331=ADVANCED_FACE('',(#518),#93,.T.);
#332=ADVANCED_FACE('',(#519),#94,.T.);
#333=ADVANCED_FACE('',(#520),#95,.T.);
#334=ADVANCED_FACE('',(#521),#96,.T.);
#335=ADVANCED_FACE('',(#522),#97,.T.);
#336=ADVANCED_FACE('',(#523),#98,.T.);
#337=ADVANCED_FACE('',(#524),#99,.T.);
#338=ADVANCED_FACE('',(#525),#100,.T.);
#339=ADVANCED_FACE('',(#526),#101,.T.);
#340=ADVANCED_FACE('',(#527),#2584,.T.);
#341=ADVANCED_FACE('',(#528),#102,.T.);
#342=ADVANCED_FACE('',(#529),#2585,.T.);
#343=ADVANCED_FACE('',(#530),#103,.T.);
#344=ADVANCED_FACE('',(#531),#2586,.T.);
#345=ADVANCED_FACE('',(#532),#104,.T.);
#346=ADVANCED_FACE('',(#533),#2587,.T.);
#347=ADVANCED_FACE('',(#534),#105,.T.);
#348=ADVANCED_FACE('',(#535),#2588,.T.);
#349=ADVANCED_FACE('',(#536,#13,#14,#15,#16,#17,#18),#2589,.T.);
#350=ADVANCED_FACE('',(#537),#106,.T.);
#351=ADVANCED_FACE('',(#538),#107,.T.);
#352=ADVANCED_FACE('',(#539),#108,.T.);
#353=ADVANCED_FACE('',(#540),#109,.T.);
#354=ADVANCED_FACE('',(#541),#110,.T.);
#355=ADVANCED_FACE('',(#542),#111,.T.);
#356=ADVANCED_FACE('',(#543),#112,.T.);
#357=ADVANCED_FACE('',(#544),#113,.T.);
#358=FACE_OUTER_BOUND('',#545,.T.);
#359=FACE_OUTER_BOUND('',#546,.T.);
#360=FACE_OUTER_BOUND('',#547,.T.);
#361=FACE_OUTER_BOUND('',#548,.T.);
#362=FACE_OUTER_BOUND('',#549,.T.);
#363=FACE_OUTER_BOUND('',#550,.T.);
#364=FACE_OUTER_BOUND('',#551,.T.);
#365=FACE_OUTER_BOUND('',#552,.T.);
#366=FACE_OUTER_BOUND('',#553,.T.);
#367=FACE_OUTER_BOUND('',#554,.T.);
#368=FACE_OUTER_BOUND('',#555,.T.);
#369=FACE_OUTER_BOUND('',#556,.T.);
#370=FACE_OUTER_BOUND('',#557,.T.);
#371=FACE_OUTER_BOUND('',#558,.T.);
#372=FACE_OUTER_BOUND('',#559,.T.);
#373=FACE_OUTER_BOUND('',#560,.T.);
#374=FACE_OUTER_BOUND('',#561,.T.);
#375=FACE_OUTER_BOUND('',#562,.T.);
#376=FACE_OUTER_BOUND('',#563,.T.);
#377=FACE_OUTER_BOUND('',#564,.T.);
#378=FACE_OUTER_BOUND('',#565,.T.);
#379=FACE_OUTER_BOUND('',#566,.T.);
#380=FACE_OUTER_BOUND('',#567,.T.);
#381=FACE_OUTER_BOUND('',#568,.T.);
#382=FACE_OUTER_BOUND('',#569,.T.);
#383=FACE_OUTER_BOUND('',#570,.T.);
#384=FACE_OUTER_BOUND('',#571,.T.);
#385=FACE_OUTER_BOUND('',#572,.T.);
#386=FACE_OUTER_BOUND('',#573,.T.);
#387=FACE_OUTER_BOUND('',#574,.T.);
#388=FACE_OUTER_BOUND('',#575,.T.);
#389=FACE_OUTER_BOUND('',#576,.T.);
#390=FACE_OUTER_BOUND('',#577,.T.);
#391=FACE_OUTER_BOUND('',#578,.T.);
#392=FACE_OUTER_BOUND('',#579,.T.);
#393=FACE_OUTER_BOUND('',#580,.T.);
#394=FACE_OUTER_BOUND('',#581,.T.);
#395=FACE_OUTER_BOUND('',#582,.T.);
#396=FACE_OUTER_BOUND('',#583,.T.);
#397=FACE_OUTER_BOUND('',#584,.T.);
#398=FACE_OUTER_BOUND('',#585,.T.);
#399=FACE_OUTER_BOUND('',#586,.T.);
#400=FACE_OUTER_BOUND('',#587,.T.);
#401=FACE_OUTER_BOUND('',#588,.T.);
#402=FACE_OUTER_BOUND('',#589,.T.);
#403=FACE_OUTER_BOUND('',#590,.T.);
#404=FACE_OUTER_BOUND('',#591,.T.);
#405=FACE_OUTER_BOUND('',#592,.T.);
#406=FACE_OUTER_BOUND('',#593,.T.);
#407=FACE_OUTER_BOUND('',#594,.T.);
#408=FACE_OUTER_BOUND('',#595,.T.);
#409=FACE_OUTER_BOUND('',#596,.T.);
#410=FACE_OUTER_BOUND('',#597,.T.);
#411=FACE_OUTER_BOUND('',#598,.T.);
#412=FACE_OUTER_BOUND('',#599,.T.);
#413=FACE_OUTER_BOUND('',#600,.T.);
#414=FACE_OUTER_BOUND('',#601,.T.);
#415=FACE_OUTER_BOUND('',#602,.T.);
#416=FACE_OUTER_BOUND('',#603,.T.);
#417=FACE_OUTER_BOUND('',#604,.T.);
#418=FACE_OUTER_BOUND('',#605,.T.);
#419=FACE_OUTER_BOUND('',#606,.T.);
#420=FACE_OUTER_BOUND('',#607,.T.);
#421=FACE_OUTER_BOUND('',#608,.T.);
#422=FACE_OUTER_BOUND('',#609,.T.);
#423=FACE_OUTER_BOUND('',#610,.T.);
#424=FACE_OUTER_BOUND('',#611,.T.);
#425=FACE_OUTER_BOUND('',#612,.T.);
#426=FACE_OUTER_BOUND('',#613,.T.);
#427=FACE_OUTER_BOUND('',#614,.T.);
#428=FACE_OUTER_BOUND('',#615,.T.);
#429=FACE_OUTER_BOUND('',#616,.T.);
#430=FACE_OUTER_BOUND('',#617,.T.);
#431=FACE_OUTER_BOUND('',#618,.T.);
#432=FACE_OUTER_BOUND('',#619,.T.);
#433=FACE_OUTER_BOUND('',#620,.T.);
#434=FACE_OUTER_BOUND('',#621,.T.);
#435=FACE_OUTER_BOUND('',#622,.T.);
#436=FACE_OUTER_BOUND('',#623,.T.);
#437=FACE_OUTER_BOUND('',#624,.T.);
#438=FACE_OUTER_BOUND('',#625,.T.);
#439=FACE_OUTER_BOUND('',#626,.T.);
#440=FACE_OUTER_BOUND('',#627,.T.);
#441=FACE_OUTER_BOUND('',#628,.T.);
#442=FACE_OUTER_BOUND('',#629,.T.);
#443=FACE_OUTER_BOUND('',#630,.T.);
#444=FACE_OUTER_BOUND('',#631,.T.);
#445=FACE_OUTER_BOUND('',#632,.T.);
#446=FACE_OUTER_BOUND('',#633,.T.);
#447=FACE_OUTER_BOUND('',#634,.T.);
#448=FACE_OUTER_BOUND('',#635,.T.);
#449=FACE_OUTER_BOUND('',#636,.T.);
#450=FACE_OUTER_BOUND('',#637,.T.);
#451=FACE_OUTER_BOUND('',#638,.T.);
#452=FACE_OUTER_BOUND('',#639,.T.);
#453=FACE_OUTER_BOUND('',#640,.T.);
#454=FACE_OUTER_BOUND('',#642,.T.);
#455=FACE_OUTER_BOUND('',#643,.T.);
#456=FACE_OUTER_BOUND('',#644,.T.);
#457=FACE_OUTER_BOUND('',#645,.T.);
#458=FACE_OUTER_BOUND('',#646,.T.);
#459=FACE_OUTER_BOUND('',#647,.T.);
#460=FACE_OUTER_BOUND('',#648,.T.);
#461=FACE_OUTER_BOUND('',#649,.T.);
#462=FACE_OUTER_BOUND('',#650,.T.);
#463=FACE_OUTER_BOUND('',#651,.T.);
#464=FACE_OUTER_BOUND('',#652,.T.);
#465=FACE_OUTER_BOUND('',#653,.T.);
#466=FACE_OUTER_BOUND('',#654,.T.);
#467=FACE_OUTER_BOUND('',#655,.T.);
#468=FACE_OUTER_BOUND('',#656,.T.);
#469=FACE_OUTER_BOUND('',#657,.T.);
#470=FACE_OUTER_BOUND('',#658,.T.);
#471=FACE_OUTER_BOUND('',#659,.T.);
#472=FACE_OUTER_BOUND('',#660,.T.);
#473=FACE_OUTER_BOUND('',#661,.T.);
#474=FACE_OUTER_BOUND('',#662,.T.);
#475=FACE_OUTER_BOUND('',#663,.T.);
#476=FACE_OUTER_BOUND('',#664,.T.);
#477=FACE_OUTER_BOUND('',#665,.T.);
#478=FACE_OUTER_BOUND('',#666,.T.);
#479=FACE_OUTER_BOUND('',#667,.T.);
#480=FACE_OUTER_BOUND('',#668,.T.);
#481=FACE_OUTER_BOUND('',#669,.T.);
#482=FACE_OUTER_BOUND('',#670,.T.);
#483=FACE_OUTER_BOUND('',#671,.T.);
#484=FACE_OUTER_BOUND('',#672,.T.);
#485=FACE_OUTER_BOUND('',#673,.T.);
#486=FACE_OUTER_BOUND('',#674,.T.);
#487=FACE_OUTER_BOUND('',#675,.T.);
#488=FACE_OUTER_BOUND('',#676,.T.);
#489=FACE_OUTER_BOUND('',#677,.T.);
#490=FACE_OUTER_BOUND('',#678,.T.);
#491=FACE_OUTER_BOUND('',#679,.T.);
#492=FACE_OUTER_BOUND('',#680,.T.);
#493=FACE_OUTER_BOUND('',#681,.T.);
#494=FACE_OUTER_BOUND('',#682,.T.);
#495=FACE_OUTER_BOUND('',#683,.T.);
#496=FACE_OUTER_BOUND('',#684,.T.);
#497=FACE_OUTER_BOUND('',#685,.T.);
#498=FACE_OUTER_BOUND('',#686,.T.);
#499=FACE_OUTER_BOUND('',#687,.T.);
#500=FACE_OUTER_BOUND('',#688,.T.);
#501=FACE_OUTER_BOUND('',#689,.T.);
#502=FACE_OUTER_BOUND('',#690,.T.);
#503=FACE_OUTER_BOUND('',#691,.T.);
#504=FACE_OUTER_BOUND('',#692,.T.);
#505=FACE_OUTER_BOUND('',#693,.T.);
#506=FACE_OUTER_BOUND('',#694,.T.);
#507=FACE_OUTER_BOUND('',#695,.T.);
#508=FACE_OUTER_BOUND('',#696,.T.);
#509=FACE_OUTER_BOUND('',#697,.T.);
#510=FACE_OUTER_BOUND('',#698,.T.);
#511=FACE_OUTER_BOUND('',#699,.T.);
#512=FACE_OUTER_BOUND('',#700,.T.);
#513=FACE_OUTER_BOUND('',#701,.T.);
#514=FACE_OUTER_BOUND('',#702,.T.);
#515=FACE_OUTER_BOUND('',#703,.T.);
#516=FACE_OUTER_BOUND('',#704,.T.);
#517=FACE_OUTER_BOUND('',#705,.T.);
#518=FACE_OUTER_BOUND('',#706,.T.);
#519=FACE_OUTER_BOUND('',#707,.T.);
#520=FACE_OUTER_BOUND('',#708,.T.);
#521=FACE_OUTER_BOUND('',#709,.T.);
#522=FACE_OUTER_BOUND('',#710,.T.);
#523=FACE_OUTER_BOUND('',#711,.T.);
#524=FACE_OUTER_BOUND('',#712,.T.);
#525=FACE_OUTER_BOUND('',#713,.T.);
#526=FACE_OUTER_BOUND('',#714,.T.);
#527=FACE_OUTER_BOUND('',#715,.T.);
#528=FACE_OUTER_BOUND('',#716,.T.);
#529=FACE_OUTER_BOUND('',#717,.T.);
#530=FACE_OUTER_BOUND('',#718,.T.);
#531=FACE_OUTER_BOUND('',#719,.T.);
#532=FACE_OUTER_BOUND('',#720,.T.);
#533=FACE_OUTER_BOUND('',#721,.T.);
#534=FACE_OUTER_BOUND('',#722,.T.);
#535=FACE_OUTER_BOUND('',#723,.T.);
#536=FACE_OUTER_BOUND('',#724,.T.);
#537=FACE_OUTER_BOUND('',#731,.T.);
#538=FACE_OUTER_BOUND('',#732,.T.);
#539=FACE_OUTER_BOUND('',#733,.T.);
#540=FACE_OUTER_BOUND('',#734,.T.);
#541=FACE_OUTER_BOUND('',#735,.T.);
#542=FACE_OUTER_BOUND('',#736,.T.);
#543=FACE_OUTER_BOUND('',#737,.T.);
#544=FACE_OUTER_BOUND('',#738,.T.);
#545=EDGE_LOOP('',(#739));
#546=EDGE_LOOP('',(#740,#741,#742,#743,#744,#745,#746,#747,#748,#749,#750,
#751));
#547=EDGE_LOOP('',(#752,#753,#754,#755));
#548=EDGE_LOOP('',(#756,#757,#758,#759));
#549=EDGE_LOOP('',(#760,#761,#762,#763));
#550=EDGE_LOOP('',(#764,#765,#766,#767));
#551=EDGE_LOOP('',(#768,#769,#770,#771));
#552=EDGE_LOOP('',(#772,#773,#774,#775));
#553=EDGE_LOOP('',(#776,#777,#778,#779));
#554=EDGE_LOOP('',(#780,#781,#782,#783));
#555=EDGE_LOOP('',(#784,#785,#786,#787));
#556=EDGE_LOOP('',(#788,#789,#790,#791));
#557=EDGE_LOOP('',(#792,#793,#794,#795));
#558=EDGE_LOOP('',(#796,#797,#798,#799));
#559=EDGE_LOOP('',(#800,#801,#802,#803));
#560=EDGE_LOOP('',(#804,#805,#806,#807));
#561=EDGE_LOOP('',(#808,#809,#810,#811));
#562=EDGE_LOOP('',(#812,#813,#814,#815));
#563=EDGE_LOOP('',(#816,#817,#818,#819));
#564=EDGE_LOOP('',(#820,#821,#822,#823));
#565=EDGE_LOOP('',(#824,#825,#826,#827));
#566=EDGE_LOOP('',(#828,#829,#830,#831));
#567=EDGE_LOOP('',(#832,#833,#834,#835));
#568=EDGE_LOOP('',(#836,#837,#838,#839));
#569=EDGE_LOOP('',(#840,#841,#842,#843));
#570=EDGE_LOOP('',(#844,#845,#846,#847));
#571=EDGE_LOOP('',(#848,#849,#850,#851));
#572=EDGE_LOOP('',(#852,#853,#854,#855));
#573=EDGE_LOOP('',(#856,#857,#858,#859));
#574=EDGE_LOOP('',(#860,#861,#862,#863));
#575=EDGE_LOOP('',(#864,#865,#866,#867));
#576=EDGE_LOOP('',(#868,#869,#870,#871));
#577=EDGE_LOOP('',(#872,#873,#874,#875));
#578=EDGE_LOOP('',(#876,#877,#878,#879));
#579=EDGE_LOOP('',(#880,#881,#882,#883));
#580=EDGE_LOOP('',(#884,#885,#886,#887));
#581=EDGE_LOOP('',(#888,#889,#890,#891));
#582=EDGE_LOOP('',(#892,#893,#894,#895));
#583=EDGE_LOOP('',(#896,#897,#898,#899,#900,#901,#902,#903,#904,#905,#906,
#907));
#584=EDGE_LOOP('',(#908,#909,#910,#911));
#585=EDGE_LOOP('',(#912,#913,#914,#915));
#586=EDGE_LOOP('',(#916,#917,#918,#919));
#587=EDGE_LOOP('',(#920,#921,#922,#923));
#588=EDGE_LOOP('',(#924,#925,#926,#927));
#589=EDGE_LOOP('',(#928,#929,#930,#931));
#590=EDGE_LOOP('',(#932,#933,#934,#935));
#591=EDGE_LOOP('',(#936,#937,#938,#939));
#592=EDGE_LOOP('',(#940,#941,#942,#943));
#593=EDGE_LOOP('',(#944,#945,#946,#947));
#594=EDGE_LOOP('',(#948,#949,#950,#951));
#595=EDGE_LOOP('',(#952,#953,#954,#955));
#596=EDGE_LOOP('',(#956,#957,#958,#959));
#597=EDGE_LOOP('',(#960,#961,#962,#963));
#598=EDGE_LOOP('',(#964,#965,#966,#967));
#599=EDGE_LOOP('',(#968,#969,#970,#971));
#600=EDGE_LOOP('',(#972,#973,#974,#975));
#601=EDGE_LOOP('',(#976,#977,#978,#979));
#602=EDGE_LOOP('',(#980,#981,#982,#983));
#603=EDGE_LOOP('',(#984,#985,#986,#987));
#604=EDGE_LOOP('',(#988,#989,#990,#991));
#605=EDGE_LOOP('',(#992,#993,#994,#995,#996,#997,#998,#999));
#606=EDGE_LOOP('',(#1000,#1001,#1002,#1003));
#607=EDGE_LOOP('',(#1004,#1005,#1006,#1007));
#608=EDGE_LOOP('',(#1008,#1009,#1010,#1011));
#609=EDGE_LOOP('',(#1012,#1013,#1014,#1015));
#610=EDGE_LOOP('',(#1016,#1017,#1018,#1019));
#611=EDGE_LOOP('',(#1020,#1021,#1022,#1023));
#612=EDGE_LOOP('',(#1024,#1025,#1026,#1027));
#613=EDGE_LOOP('',(#1028,#1029,#1030,#1031));
#614=EDGE_LOOP('',(#1032,#1033,#1034,#1035));
#615=EDGE_LOOP('',(#1036,#1037,#1038,#1039));
#616=EDGE_LOOP('',(#1040,#1041,#1042,#1043));
#617=EDGE_LOOP('',(#1044,#1045,#1046,#1047));
#618=EDGE_LOOP('',(#1048,#1049,#1050,#1051));
#619=EDGE_LOOP('',(#1052,#1053,#1054,#1055));
#620=EDGE_LOOP('',(#1056,#1057,#1058,#1059));
#621=EDGE_LOOP('',(#1060,#1061,#1062,#1063));
#622=EDGE_LOOP('',(#1064,#1065,#1066,#1067));
#623=EDGE_LOOP('',(#1068,#1069,#1070,#1071));
#624=EDGE_LOOP('',(#1072,#1073,#1074,#1075));
#625=EDGE_LOOP('',(#1076,#1077,#1078,#1079));
#626=EDGE_LOOP('',(#1080,#1081,#1082,#1083));
#627=EDGE_LOOP('',(#1084,#1085,#1086,#1087));
#628=EDGE_LOOP('',(#1088,#1089,#1090,#1091));
#629=EDGE_LOOP('',(#1092,#1093,#1094,#1095));
#630=EDGE_LOOP('',(#1096,#1097,#1098,#1099));
#631=EDGE_LOOP('',(#1100,#1101,#1102,#1103));
#632=EDGE_LOOP('',(#1104,#1105,#1106,#1107));
#633=EDGE_LOOP('',(#1108,#1109,#1110,#1111));
#634=EDGE_LOOP('',(#1112,#1113,#1114,#1115));
#635=EDGE_LOOP('',(#1116,#1117,#1118,#1119));
#636=EDGE_LOOP('',(#1120,#1121,#1122,#1123));
#637=EDGE_LOOP('',(#1124,#1125,#1126,#1127));
#638=EDGE_LOOP('',(#1128,#1129,#1130,#1131));
#639=EDGE_LOOP('',(#1132,#1133,#1134,#1135));
#640=EDGE_LOOP('',(#1136,#1137,#1138,#1139,#1140,#1141,#1142,#1143,#1144,
#1145,#1146,#1147,#1148,#1149,#1150,#1151,#1152,#1153,#1154,#1155,#1156,
#1157,#1158,#1159,#1160,#1161,#1162,#1163,#1164,#1165,#1166,#1167,#1168,
#1169));
#641=EDGE_LOOP('',(#1170,#1171));
#642=EDGE_LOOP('',(#1172,#1173,#1174,#1175));
#643=EDGE_LOOP('',(#1176,#1177,#1178,#1179));
#644=EDGE_LOOP('',(#1180,#1181,#1182,#1183));
#645=EDGE_LOOP('',(#1184,#1185,#1186,#1187));
#646=EDGE_LOOP('',(#1188,#1189,#1190,#1191));
#647=EDGE_LOOP('',(#1192,#1193,#1194,#1195));
#648=EDGE_LOOP('',(#1196,#1197,#1198,#1199));
#649=EDGE_LOOP('',(#1200,#1201,#1202,#1203));
#650=EDGE_LOOP('',(#1204,#1205,#1206,#1207));
#651=EDGE_LOOP('',(#1208,#1209,#1210,#1211));
#652=EDGE_LOOP('',(#1212,#1213,#1214,#1215));
#653=EDGE_LOOP('',(#1216,#1217,#1218,#1219));
#654=EDGE_LOOP('',(#1220,#1221,#1222,#1223));
#655=EDGE_LOOP('',(#1224,#1225,#1226,#1227));
#656=EDGE_LOOP('',(#1228,#1229,#1230,#1231));
#657=EDGE_LOOP('',(#1232,#1233,#1234,#1235));
#658=EDGE_LOOP('',(#1236,#1237,#1238,#1239));
#659=EDGE_LOOP('',(#1240,#1241,#1242,#1243));
#660=EDGE_LOOP('',(#1244,#1245,#1246,#1247));
#661=EDGE_LOOP('',(#1248,#1249,#1250,#1251));
#662=EDGE_LOOP('',(#1252,#1253,#1254,#1255));
#663=EDGE_LOOP('',(#1256,#1257,#1258,#1259));
#664=EDGE_LOOP('',(#1260,#1261,#1262,#1263));
#665=EDGE_LOOP('',(#1264,#1265,#1266,#1267));
#666=EDGE_LOOP('',(#1268,#1269,#1270,#1271));
#667=EDGE_LOOP('',(#1272,#1273,#1274,#1275));
#668=EDGE_LOOP('',(#1276,#1277,#1278,#1279));
#669=EDGE_LOOP('',(#1280,#1281,#1282,#1283));
#670=EDGE_LOOP('',(#1284,#1285,#1286,#1287));
#671=EDGE_LOOP('',(#1288,#1289,#1290,#1291));
#672=EDGE_LOOP('',(#1292,#1293,#1294,#1295));
#673=EDGE_LOOP('',(#1296,#1297,#1298,#1299));
#674=EDGE_LOOP('',(#1300,#1301,#1302,#1303));
#675=EDGE_LOOP('',(#1304,#1305,#1306,#1307));
#676=EDGE_LOOP('',(#1308,#1309,#1310,#1311));
#677=EDGE_LOOP('',(#1312,#1313,#1314,#1315));
#678=EDGE_LOOP('',(#1316,#1317,#1318,#1319));
#679=EDGE_LOOP('',(#1320,#1321,#1322,#1323));
#680=EDGE_LOOP('',(#1324,#1325,#1326,#1327));
#681=EDGE_LOOP('',(#1328,#1329,#1330,#1331));
#682=EDGE_LOOP('',(#1332,#1333,#1334,#1335));
#683=EDGE_LOOP('',(#1336,#1337,#1338,#1339));
#684=EDGE_LOOP('',(#1340,#1341,#1342,#1343));
#685=EDGE_LOOP('',(#1344,#1345,#1346,#1347));
#686=EDGE_LOOP('',(#1348,#1349,#1350,#1351));
#687=EDGE_LOOP('',(#1352,#1353,#1354,#1355));
#688=EDGE_LOOP('',(#1356,#1357,#1358,#1359));
#689=EDGE_LOOP('',(#1360,#1361,#1362,#1363));
#690=EDGE_LOOP('',(#1364,#1365,#1366,#1367));
#691=EDGE_LOOP('',(#1368,#1369,#1370,#1371));
#692=EDGE_LOOP('',(#1372,#1373,#1374,#1375));
#693=EDGE_LOOP('',(#1376,#1377,#1378,#1379));
#694=EDGE_LOOP('',(#1380,#1381,#1382,#1383));
#695=EDGE_LOOP('',(#1384,#1385,#1386,#1387));
#696=EDGE_LOOP('',(#1388,#1389,#1390,#1391));
#697=EDGE_LOOP('',(#1392,#1393,#1394,#1395));
#698=EDGE_LOOP('',(#1396,#1397,#1398,#1399));
#699=EDGE_LOOP('',(#1400,#1401,#1402,#1403));
#700=EDGE_LOOP('',(#1404,#1405,#1406,#1407,#1408,#1409,#1410,#1411,#1412));
#701=EDGE_LOOP('',(#1413,#1414,#1415,#1416));
#702=EDGE_LOOP('',(#1417,#1418,#1419,#1420));
#703=EDGE_LOOP('',(#1421,#1422,#1423,#1424));
#704=EDGE_LOOP('',(#1425,#1426,#1427,#1428));
#705=EDGE_LOOP('',(#1429,#1430,#1431,#1432));
#706=EDGE_LOOP('',(#1433,#1434,#1435,#1436));
#707=EDGE_LOOP('',(#1437,#1438,#1439,#1440));
#708=EDGE_LOOP('',(#1441,#1442,#1443,#1444));
#709=EDGE_LOOP('',(#1445,#1446,#1447,#1448));
#710=EDGE_LOOP('',(#1449,#1450,#1451,#1452));
#711=EDGE_LOOP('',(#1453,#1454,#1455,#1456));
#712=EDGE_LOOP('',(#1457,#1458,#1459,#1460));
#713=EDGE_LOOP('',(#1461,#1462,#1463,#1464));
#714=EDGE_LOOP('',(#1465,#1466,#1467,#1468));
#715=EDGE_LOOP('',(#1469,#1470,#1471,#1472));
#716=EDGE_LOOP('',(#1473,#1474,#1475,#1476));
#717=EDGE_LOOP('',(#1477,#1478,#1479,#1480));
#718=EDGE_LOOP('',(#1481,#1482,#1483,#1484));
#719=EDGE_LOOP('',(#1485,#1486,#1487,#1488));
#720=EDGE_LOOP('',(#1489,#1490,#1491,#1492));
#721=EDGE_LOOP('',(#1493,#1494,#1495,#1496));
#722=EDGE_LOOP('',(#1497,#1498,#1499,#1500));
#723=EDGE_LOOP('',(#1501,#1502,#1503,#1504));
#724=EDGE_LOOP('',(#1505,#1506,#1507,#1508,#1509,#1510,#1511,#1512));
#725=EDGE_LOOP('',(#1513,#1514,#1515,#1516,#1517,#1518,#1519,#1520,#1521,
#1522,#1523,#1524,#1525,#1526,#1527,#1528,#1529,#1530,#1531,#1532,#1533,
#1534,#1535,#1536,#1537,#1538,#1539,#1540,#1541,#1542,#1543,#1544,#1545,
#1546));
#726=EDGE_LOOP('',(#1547,#1548,#1549,#1550,#1551,#1552,#1553,#1554,#1555));
#727=EDGE_LOOP('',(#1556,#1557,#1558,#1559,#1560,#1561,#1562,#1563));
#728=EDGE_LOOP('',(#1564,#1565,#1566,#1567,#1568,#1569,#1570,#1571,#1572,
#1573,#1574,#1575));
#729=EDGE_LOOP('',(#1576,#1577,#1578,#1579,#1580,#1581,#1582,#1583,#1584,
#1585,#1586,#1587));
#730=EDGE_LOOP('',(#1588,#1589,#1590,#1591));
#731=EDGE_LOOP('',(#1592,#1593,#1594,#1595));
#732=EDGE_LOOP('',(#1596,#1597,#1598,#1599));
#733=EDGE_LOOP('',(#1600,#1601,#1602,#1603));
#734=EDGE_LOOP('',(#1604,#1605,#1606,#1607));
#735=EDGE_LOOP('',(#1608,#1609,#1610,#1611));
#736=EDGE_LOOP('',(#1612,#1613,#1614,#1615));
#737=EDGE_LOOP('',(#1616,#1617,#1618,#1619));
#738=EDGE_LOOP('',(#1620,#1621,#1622,#1623));
#739=ORIENTED_EDGE('',*,*,#1624,.F.);
#740=ORIENTED_EDGE('',*,*,#1658,.F.);
#741=ORIENTED_EDGE('',*,*,#1656,.F.);
#742=ORIENTED_EDGE('',*,*,#1660,.F.);
#743=ORIENTED_EDGE('',*,*,#1650,.F.);
#744=ORIENTED_EDGE('',*,*,#1652,.F.);
#745=ORIENTED_EDGE('',*,*,#1655,.F.);
#746=ORIENTED_EDGE('',*,*,#1654,.F.);
#747=ORIENTED_EDGE('',*,*,#1657,.F.);
#748=ORIENTED_EDGE('',*,*,#1651,.F.);
#749=ORIENTED_EDGE('',*,*,#1659,.F.);
#750=ORIENTED_EDGE('',*,*,#1653,.F.);
#751=ORIENTED_EDGE('',*,*,#1649,.F.);
#752=ORIENTED_EDGE('',*,*,#1661,.T.);
#753=ORIENTED_EDGE('',*,*,#1626,.F.);
#754=ORIENTED_EDGE('',*,*,#1625,.F.);
#755=ORIENTED_EDGE('',*,*,#1627,.T.);
#756=ORIENTED_EDGE('',*,*,#1662,.T.);
#757=ORIENTED_EDGE('',*,*,#1629,.F.);
#758=ORIENTED_EDGE('',*,*,#1628,.F.);
#759=ORIENTED_EDGE('',*,*,#1626,.T.);
#760=ORIENTED_EDGE('',*,*,#1663,.T.);
#761=ORIENTED_EDGE('',*,*,#1631,.F.);
#762=ORIENTED_EDGE('',*,*,#1630,.F.);
#763=ORIENTED_EDGE('',*,*,#1629,.T.);
#764=ORIENTED_EDGE('',*,*,#1664,.T.);
#765=ORIENTED_EDGE('',*,*,#1633,.F.);
#766=ORIENTED_EDGE('',*,*,#1632,.F.);
#767=ORIENTED_EDGE('',*,*,#1631,.T.);
#768=ORIENTED_EDGE('',*,*,#1665,.T.);
#769=ORIENTED_EDGE('',*,*,#1635,.F.);
#770=ORIENTED_EDGE('',*,*,#1634,.F.);
#771=ORIENTED_EDGE('',*,*,#1633,.T.);
#772=ORIENTED_EDGE('',*,*,#1666,.T.);
#773=ORIENTED_EDGE('',*,*,#1637,.F.);
#774=ORIENTED_EDGE('',*,*,#1636,.F.);
#775=ORIENTED_EDGE('',*,*,#1635,.T.);
#776=ORIENTED_EDGE('',*,*,#1667,.T.);
#777=ORIENTED_EDGE('',*,*,#1639,.F.);
#778=ORIENTED_EDGE('',*,*,#1638,.F.);
#779=ORIENTED_EDGE('',*,*,#1637,.T.);
#780=ORIENTED_EDGE('',*,*,#1668,.T.);
#781=ORIENTED_EDGE('',*,*,#1641,.F.);
#782=ORIENTED_EDGE('',*,*,#1640,.F.);
#783=ORIENTED_EDGE('',*,*,#1639,.T.);
#784=ORIENTED_EDGE('',*,*,#1669,.T.);
#785=ORIENTED_EDGE('',*,*,#1643,.F.);
#786=ORIENTED_EDGE('',*,*,#1642,.F.);
#787=ORIENTED_EDGE('',*,*,#1641,.T.);
#788=ORIENTED_EDGE('',*,*,#1670,.T.);
#789=ORIENTED_EDGE('',*,*,#1645,.F.);
#790=ORIENTED_EDGE('',*,*,#1644,.F.);
#791=ORIENTED_EDGE('',*,*,#1643,.T.);
#792=ORIENTED_EDGE('',*,*,#1671,.T.);
#793=ORIENTED_EDGE('',*,*,#1647,.F.);
#794=ORIENTED_EDGE('',*,*,#1646,.F.);
#795=ORIENTED_EDGE('',*,*,#1645,.T.);
#796=ORIENTED_EDGE('',*,*,#1672,.T.);
#797=ORIENTED_EDGE('',*,*,#1627,.F.);
#798=ORIENTED_EDGE('',*,*,#1648,.F.);
#799=ORIENTED_EDGE('',*,*,#1647,.T.);
#800=ORIENTED_EDGE('',*,*,#1651,.T.);
#801=ORIENTED_EDGE('',*,*,#1674,.T.);
#802=ORIENTED_EDGE('',*,*,#1661,.F.);
#803=ORIENTED_EDGE('',*,*,#1673,.F.);
#804=ORIENTED_EDGE('',*,*,#1659,.T.);
#805=ORIENTED_EDGE('',*,*,#1673,.T.);
#806=ORIENTED_EDGE('',*,*,#1672,.F.);
#807=ORIENTED_EDGE('',*,*,#1675,.F.);
#808=ORIENTED_EDGE('',*,*,#1653,.T.);
#809=ORIENTED_EDGE('',*,*,#1675,.T.);
#810=ORIENTED_EDGE('',*,*,#1671,.F.);
#811=ORIENTED_EDGE('',*,*,#1676,.T.);
#812=ORIENTED_EDGE('',*,*,#1649,.T.);
#813=ORIENTED_EDGE('',*,*,#1676,.F.);
#814=ORIENTED_EDGE('',*,*,#1670,.F.);
#815=ORIENTED_EDGE('',*,*,#1677,.T.);
#816=ORIENTED_EDGE('',*,*,#1658,.T.);
#817=ORIENTED_EDGE('',*,*,#1677,.F.);
#818=ORIENTED_EDGE('',*,*,#1669,.F.);
#819=ORIENTED_EDGE('',*,*,#1678,.F.);
#820=ORIENTED_EDGE('',*,*,#1656,.T.);
#821=ORIENTED_EDGE('',*,*,#1678,.T.);
#822=ORIENTED_EDGE('',*,*,#1668,.F.);
#823=ORIENTED_EDGE('',*,*,#1679,.F.);
#824=ORIENTED_EDGE('',*,*,#1660,.T.);
#825=ORIENTED_EDGE('',*,*,#1679,.T.);
#826=ORIENTED_EDGE('',*,*,#1667,.F.);
#827=ORIENTED_EDGE('',*,*,#1680,.T.);
#828=ORIENTED_EDGE('',*,*,#1650,.T.);
#829=ORIENTED_EDGE('',*,*,#1680,.F.);
#830=ORIENTED_EDGE('',*,*,#1666,.F.);
#831=ORIENTED_EDGE('',*,*,#1681,.F.);
#832=ORIENTED_EDGE('',*,*,#1652,.T.);
#833=ORIENTED_EDGE('',*,*,#1681,.T.);
#834=ORIENTED_EDGE('',*,*,#1665,.F.);
#835=ORIENTED_EDGE('',*,*,#1682,.F.);
#836=ORIENTED_EDGE('',*,*,#1655,.T.);
#837=ORIENTED_EDGE('',*,*,#1682,.T.);
#838=ORIENTED_EDGE('',*,*,#1664,.F.);
#839=ORIENTED_EDGE('',*,*,#1683,.F.);
#840=ORIENTED_EDGE('',*,*,#1654,.T.);
#841=ORIENTED_EDGE('',*,*,#1683,.T.);
#842=ORIENTED_EDGE('',*,*,#1663,.F.);
#843=ORIENTED_EDGE('',*,*,#1684,.T.);
#844=ORIENTED_EDGE('',*,*,#1657,.T.);
#845=ORIENTED_EDGE('',*,*,#1684,.F.);
#846=ORIENTED_EDGE('',*,*,#1662,.F.);
#847=ORIENTED_EDGE('',*,*,#1674,.F.);
#848=ORIENTED_EDGE('',*,*,#1709,.T.);
#849=ORIENTED_EDGE('',*,*,#1687,.F.);
#850=ORIENTED_EDGE('',*,*,#1685,.T.);
#851=ORIENTED_EDGE('',*,*,#1686,.T.);
#852=ORIENTED_EDGE('',*,*,#1710,.T.);
#853=ORIENTED_EDGE('',*,*,#1686,.F.);
#854=ORIENTED_EDGE('',*,*,#1688,.T.);
#855=ORIENTED_EDGE('',*,*,#1689,.T.);
#856=ORIENTED_EDGE('',*,*,#1711,.T.);
#857=ORIENTED_EDGE('',*,*,#1689,.F.);
#858=ORIENTED_EDGE('',*,*,#1690,.T.);
#859=ORIENTED_EDGE('',*,*,#1691,.T.);
#860=ORIENTED_EDGE('',*,*,#1712,.T.);
#861=ORIENTED_EDGE('',*,*,#1691,.F.);
#862=ORIENTED_EDGE('',*,*,#1692,.T.);
#863=ORIENTED_EDGE('',*,*,#1693,.T.);
#864=ORIENTED_EDGE('',*,*,#1713,.T.);
#865=ORIENTED_EDGE('',*,*,#1693,.F.);
#866=ORIENTED_EDGE('',*,*,#1694,.T.);
#867=ORIENTED_EDGE('',*,*,#1695,.T.);
#868=ORIENTED_EDGE('',*,*,#1714,.T.);
#869=ORIENTED_EDGE('',*,*,#1695,.F.);
#870=ORIENTED_EDGE('',*,*,#1696,.T.);
#871=ORIENTED_EDGE('',*,*,#1697,.T.);
#872=ORIENTED_EDGE('',*,*,#1715,.T.);
#873=ORIENTED_EDGE('',*,*,#1697,.F.);
#874=ORIENTED_EDGE('',*,*,#1698,.T.);
#875=ORIENTED_EDGE('',*,*,#1699,.T.);
#876=ORIENTED_EDGE('',*,*,#1716,.T.);
#877=ORIENTED_EDGE('',*,*,#1699,.F.);
#878=ORIENTED_EDGE('',*,*,#1700,.T.);
#879=ORIENTED_EDGE('',*,*,#1701,.T.);
#880=ORIENTED_EDGE('',*,*,#1717,.T.);
#881=ORIENTED_EDGE('',*,*,#1701,.F.);
#882=ORIENTED_EDGE('',*,*,#1702,.T.);
#883=ORIENTED_EDGE('',*,*,#1703,.T.);
#884=ORIENTED_EDGE('',*,*,#1718,.T.);
#885=ORIENTED_EDGE('',*,*,#1703,.F.);
#886=ORIENTED_EDGE('',*,*,#1704,.T.);
#887=ORIENTED_EDGE('',*,*,#1705,.T.);
#888=ORIENTED_EDGE('',*,*,#1719,.T.);
#889=ORIENTED_EDGE('',*,*,#1705,.F.);
#890=ORIENTED_EDGE('',*,*,#1706,.T.);
#891=ORIENTED_EDGE('',*,*,#1707,.T.);
#892=ORIENTED_EDGE('',*,*,#1720,.T.);
#893=ORIENTED_EDGE('',*,*,#1707,.F.);
#894=ORIENTED_EDGE('',*,*,#1708,.T.);
#895=ORIENTED_EDGE('',*,*,#1687,.T.);
#896=ORIENTED_EDGE('',*,*,#1736,.F.);
#897=ORIENTED_EDGE('',*,*,#1738,.F.);
#898=ORIENTED_EDGE('',*,*,#1722,.F.);
#899=ORIENTED_EDGE('',*,*,#1741,.F.);
#900=ORIENTED_EDGE('',*,*,#1744,.F.);
#901=ORIENTED_EDGE('',*,*,#1724,.F.);
#902=ORIENTED_EDGE('',*,*,#1726,.F.);
#903=ORIENTED_EDGE('',*,*,#1728,.F.);
#904=ORIENTED_EDGE('',*,*,#1723,.F.);
#905=ORIENTED_EDGE('',*,*,#1731,.F.);
#906=ORIENTED_EDGE('',*,*,#1733,.F.);
#907=ORIENTED_EDGE('',*,*,#1721,.F.);
#908=ORIENTED_EDGE('',*,*,#1725,.F.);
#909=ORIENTED_EDGE('',*,*,#1724,.T.);
#910=ORIENTED_EDGE('',*,*,#1743,.T.);
#911=ORIENTED_EDGE('',*,*,#1709,.F.);
#912=ORIENTED_EDGE('',*,*,#1727,.T.);
#913=ORIENTED_EDGE('',*,*,#1726,.T.);
#914=ORIENTED_EDGE('',*,*,#1725,.T.);
#915=ORIENTED_EDGE('',*,*,#1710,.F.);
#916=ORIENTED_EDGE('',*,*,#1729,.T.);
#917=ORIENTED_EDGE('',*,*,#1728,.T.);
#918=ORIENTED_EDGE('',*,*,#1727,.F.);
#919=ORIENTED_EDGE('',*,*,#1711,.F.);
#920=ORIENTED_EDGE('',*,*,#1730,.F.);
#921=ORIENTED_EDGE('',*,*,#1723,.T.);
#922=ORIENTED_EDGE('',*,*,#1729,.F.);
#923=ORIENTED_EDGE('',*,*,#1712,.F.);
#924=ORIENTED_EDGE('',*,*,#1732,.F.);
#925=ORIENTED_EDGE('',*,*,#1731,.T.);
#926=ORIENTED_EDGE('',*,*,#1730,.T.);
#927=ORIENTED_EDGE('',*,*,#1713,.F.);
#928=ORIENTED_EDGE('',*,*,#1734,.T.);
#929=ORIENTED_EDGE('',*,*,#1733,.T.);
#930=ORIENTED_EDGE('',*,*,#1732,.T.);
#931=ORIENTED_EDGE('',*,*,#1714,.F.);
#932=ORIENTED_EDGE('',*,*,#1735,.F.);
#933=ORIENTED_EDGE('',*,*,#1721,.T.);
#934=ORIENTED_EDGE('',*,*,#1734,.F.);
#935=ORIENTED_EDGE('',*,*,#1715,.F.);
#936=ORIENTED_EDGE('',*,*,#1737,.T.);
#937=ORIENTED_EDGE('',*,*,#1736,.T.);
#938=ORIENTED_EDGE('',*,*,#1735,.T.);
#939=ORIENTED_EDGE('',*,*,#1716,.F.);
#940=ORIENTED_EDGE('',*,*,#1739,.T.);
#941=ORIENTED_EDGE('',*,*,#1738,.T.);
#942=ORIENTED_EDGE('',*,*,#1737,.F.);
#943=ORIENTED_EDGE('',*,*,#1717,.F.);
#944=ORIENTED_EDGE('',*,*,#1740,.T.);
#945=ORIENTED_EDGE('',*,*,#1722,.T.);
#946=ORIENTED_EDGE('',*,*,#1739,.F.);
#947=ORIENTED_EDGE('',*,*,#1718,.F.);
#948=ORIENTED_EDGE('',*,*,#1742,.F.);
#949=ORIENTED_EDGE('',*,*,#1741,.T.);
#950=ORIENTED_EDGE('',*,*,#1740,.F.);
#951=ORIENTED_EDGE('',*,*,#1719,.F.);
#952=ORIENTED_EDGE('',*,*,#1743,.F.);
#953=ORIENTED_EDGE('',*,*,#1744,.T.);
#954=ORIENTED_EDGE('',*,*,#1742,.T.);
#955=ORIENTED_EDGE('',*,*,#1720,.F.);
#956=ORIENTED_EDGE('',*,*,#1756,.F.);
#957=ORIENTED_EDGE('',*,*,#1755,.F.);
#958=ORIENTED_EDGE('',*,*,#1754,.F.);
#959=ORIENTED_EDGE('',*,*,#1753,.F.);
#960=ORIENTED_EDGE('',*,*,#1757,.T.);
#961=ORIENTED_EDGE('',*,*,#1746,.F.);
#962=ORIENTED_EDGE('',*,*,#1745,.F.);
#963=ORIENTED_EDGE('',*,*,#1747,.T.);
#964=ORIENTED_EDGE('',*,*,#1758,.T.);
#965=ORIENTED_EDGE('',*,*,#1749,.F.);
#966=ORIENTED_EDGE('',*,*,#1748,.F.);
#967=ORIENTED_EDGE('',*,*,#1746,.T.);
#968=ORIENTED_EDGE('',*,*,#1759,.T.);
#969=ORIENTED_EDGE('',*,*,#1751,.F.);
#970=ORIENTED_EDGE('',*,*,#1750,.F.);
#971=ORIENTED_EDGE('',*,*,#1749,.T.);
#972=ORIENTED_EDGE('',*,*,#1760,.T.);
#973=ORIENTED_EDGE('',*,*,#1747,.F.);
#974=ORIENTED_EDGE('',*,*,#1752,.F.);
#975=ORIENTED_EDGE('',*,*,#1751,.T.);
#976=ORIENTED_EDGE('',*,*,#1754,.T.);
#977=ORIENTED_EDGE('',*,*,#1764,.T.);
#978=ORIENTED_EDGE('',*,*,#1757,.F.);
#979=ORIENTED_EDGE('',*,*,#1761,.F.);
#980=ORIENTED_EDGE('',*,*,#1753,.T.);
#981=ORIENTED_EDGE('',*,*,#1761,.T.);
#982=ORIENTED_EDGE('',*,*,#1760,.F.);
#983=ORIENTED_EDGE('',*,*,#1762,.T.);
#984=ORIENTED_EDGE('',*,*,#1756,.T.);
#985=ORIENTED_EDGE('',*,*,#1762,.F.);
#986=ORIENTED_EDGE('',*,*,#1759,.F.);
#987=ORIENTED_EDGE('',*,*,#1763,.T.);
#988=ORIENTED_EDGE('',*,*,#1755,.T.);
#989=ORIENTED_EDGE('',*,*,#1763,.F.);
#990=ORIENTED_EDGE('',*,*,#1758,.F.);
#991=ORIENTED_EDGE('',*,*,#1764,.F.);
#992=ORIENTED_EDGE('',*,*,#1787,.F.);
#993=ORIENTED_EDGE('',*,*,#1788,.F.);
#994=ORIENTED_EDGE('',*,*,#1783,.F.);
#995=ORIENTED_EDGE('',*,*,#1786,.F.);
#996=ORIENTED_EDGE('',*,*,#1784,.F.);
#997=ORIENTED_EDGE('',*,*,#1785,.F.);
#998=ORIENTED_EDGE('',*,*,#1782,.F.);
#999=ORIENTED_EDGE('',*,*,#1781,.F.);
#1000=ORIENTED_EDGE('',*,*,#1789,.T.);
#1001=ORIENTED_EDGE('',*,*,#1766,.F.);
#1002=ORIENTED_EDGE('',*,*,#1765,.F.);
#1003=ORIENTED_EDGE('',*,*,#1767,.T.);
#1004=ORIENTED_EDGE('',*,*,#1790,.T.);
#1005=ORIENTED_EDGE('',*,*,#1769,.F.);
#1006=ORIENTED_EDGE('',*,*,#1768,.F.);
#1007=ORIENTED_EDGE('',*,*,#1766,.T.);
#1008=ORIENTED_EDGE('',*,*,#1791,.T.);
#1009=ORIENTED_EDGE('',*,*,#1771,.F.);
#1010=ORIENTED_EDGE('',*,*,#1770,.F.);
#1011=ORIENTED_EDGE('',*,*,#1769,.T.);
#1012=ORIENTED_EDGE('',*,*,#1792,.T.);
#1013=ORIENTED_EDGE('',*,*,#1773,.F.);
#1014=ORIENTED_EDGE('',*,*,#1772,.F.);
#1015=ORIENTED_EDGE('',*,*,#1771,.T.);
#1016=ORIENTED_EDGE('',*,*,#1793,.T.);
#1017=ORIENTED_EDGE('',*,*,#1775,.F.);
#1018=ORIENTED_EDGE('',*,*,#1774,.F.);
#1019=ORIENTED_EDGE('',*,*,#1773,.T.);
#1020=ORIENTED_EDGE('',*,*,#1794,.T.);
#1021=ORIENTED_EDGE('',*,*,#1777,.F.);
#1022=ORIENTED_EDGE('',*,*,#1776,.F.);
#1023=ORIENTED_EDGE('',*,*,#1775,.T.);
#1024=ORIENTED_EDGE('',*,*,#1795,.T.);
#1025=ORIENTED_EDGE('',*,*,#1779,.F.);
#1026=ORIENTED_EDGE('',*,*,#1778,.F.);
#1027=ORIENTED_EDGE('',*,*,#1777,.T.);
#1028=ORIENTED_EDGE('',*,*,#1796,.T.);
#1029=ORIENTED_EDGE('',*,*,#1767,.F.);
#1030=ORIENTED_EDGE('',*,*,#1780,.F.);
#1031=ORIENTED_EDGE('',*,*,#1779,.T.);
#1032=ORIENTED_EDGE('',*,*,#1785,.T.);
#1033=ORIENTED_EDGE('',*,*,#1804,.F.);
#1034=ORIENTED_EDGE('',*,*,#1789,.F.);
#1035=ORIENTED_EDGE('',*,*,#1797,.F.);
#1036=ORIENTED_EDGE('',*,*,#1782,.T.);
#1037=ORIENTED_EDGE('',*,*,#1797,.T.);
#1038=ORIENTED_EDGE('',*,*,#1796,.F.);
#1039=ORIENTED_EDGE('',*,*,#1798,.F.);
#1040=ORIENTED_EDGE('',*,*,#1781,.T.);
#1041=ORIENTED_EDGE('',*,*,#1798,.T.);
#1042=ORIENTED_EDGE('',*,*,#1795,.F.);
#1043=ORIENTED_EDGE('',*,*,#1799,.F.);
#1044=ORIENTED_EDGE('',*,*,#1787,.T.);
#1045=ORIENTED_EDGE('',*,*,#1799,.T.);
#1046=ORIENTED_EDGE('',*,*,#1794,.F.);
#1047=ORIENTED_EDGE('',*,*,#1800,.F.);
#1048=ORIENTED_EDGE('',*,*,#1788,.T.);
#1049=ORIENTED_EDGE('',*,*,#1800,.T.);
#1050=ORIENTED_EDGE('',*,*,#1793,.F.);
#1051=ORIENTED_EDGE('',*,*,#1801,.F.);
#1052=ORIENTED_EDGE('',*,*,#1783,.T.);
#1053=ORIENTED_EDGE('',*,*,#1801,.T.);
#1054=ORIENTED_EDGE('',*,*,#1792,.F.);
#1055=ORIENTED_EDGE('',*,*,#1802,.F.);
#1056=ORIENTED_EDGE('',*,*,#1786,.T.);
#1057=ORIENTED_EDGE('',*,*,#1802,.T.);
#1058=ORIENTED_EDGE('',*,*,#1791,.F.);
#1059=ORIENTED_EDGE('',*,*,#1803,.F.);
#1060=ORIENTED_EDGE('',*,*,#1784,.T.);
#1061=ORIENTED_EDGE('',*,*,#1803,.T.);
#1062=ORIENTED_EDGE('',*,*,#1790,.F.);
#1063=ORIENTED_EDGE('',*,*,#1804,.T.);
#1064=ORIENTED_EDGE('',*,*,#1809,.F.);
#1065=ORIENTED_EDGE('',*,*,#1808,.F.);
#1066=ORIENTED_EDGE('',*,*,#1806,.T.);
#1067=ORIENTED_EDGE('',*,*,#1893,.F.);
#1068=ORIENTED_EDGE('',*,*,#1813,.F.);
#1069=ORIENTED_EDGE('',*,*,#1812,.F.);
#1070=ORIENTED_EDGE('',*,*,#1811,.T.);
#1071=ORIENTED_EDGE('',*,*,#1895,.F.);
#1072=ORIENTED_EDGE('',*,*,#1819,.F.);
#1073=ORIENTED_EDGE('',*,*,#1818,.F.);
#1074=ORIENTED_EDGE('',*,*,#1817,.T.);
#1075=ORIENTED_EDGE('',*,*,#1898,.F.);
#1076=ORIENTED_EDGE('',*,*,#1821,.F.);
#1077=ORIENTED_EDGE('',*,*,#1820,.F.);
#1078=ORIENTED_EDGE('',*,*,#1819,.T.);
#1079=ORIENTED_EDGE('',*,*,#1899,.F.);
#1080=ORIENTED_EDGE('',*,*,#1823,.F.);
#1081=ORIENTED_EDGE('',*,*,#1822,.F.);
#1082=ORIENTED_EDGE('',*,*,#1821,.T.);
#1083=ORIENTED_EDGE('',*,*,#1900,.F.);
#1084=ORIENTED_EDGE('',*,*,#1827,.F.);
#1085=ORIENTED_EDGE('',*,*,#1826,.F.);
#1086=ORIENTED_EDGE('',*,*,#1825,.T.);
#1087=ORIENTED_EDGE('',*,*,#1902,.F.);
#1088=ORIENTED_EDGE('',*,*,#1829,.F.);
#1089=ORIENTED_EDGE('',*,*,#1828,.F.);
#1090=ORIENTED_EDGE('',*,*,#1827,.T.);
#1091=ORIENTED_EDGE('',*,*,#1903,.F.);
#1092=ORIENTED_EDGE('',*,*,#1833,.F.);
#1093=ORIENTED_EDGE('',*,*,#1832,.F.);
#1094=ORIENTED_EDGE('',*,*,#1831,.T.);
#1095=ORIENTED_EDGE('',*,*,#1905,.F.);
#1096=ORIENTED_EDGE('',*,*,#1837,.F.);
#1097=ORIENTED_EDGE('',*,*,#1836,.F.);
#1098=ORIENTED_EDGE('',*,*,#1835,.T.);
#1099=ORIENTED_EDGE('',*,*,#1907,.F.);
#1100=ORIENTED_EDGE('',*,*,#1839,.F.);
#1101=ORIENTED_EDGE('',*,*,#1838,.F.);
#1102=ORIENTED_EDGE('',*,*,#1837,.T.);
#1103=ORIENTED_EDGE('',*,*,#1908,.F.);
#1104=ORIENTED_EDGE('',*,*,#1843,.F.);
#1105=ORIENTED_EDGE('',*,*,#1842,.F.);
#1106=ORIENTED_EDGE('',*,*,#1841,.T.);
#1107=ORIENTED_EDGE('',*,*,#1910,.F.);
#1108=ORIENTED_EDGE('',*,*,#1845,.F.);
#1109=ORIENTED_EDGE('',*,*,#1844,.F.);
#1110=ORIENTED_EDGE('',*,*,#1843,.T.);
#1111=ORIENTED_EDGE('',*,*,#1911,.F.);
#1112=ORIENTED_EDGE('',*,*,#1847,.F.);
#1113=ORIENTED_EDGE('',*,*,#1846,.F.);
#1114=ORIENTED_EDGE('',*,*,#1845,.T.);
#1115=ORIENTED_EDGE('',*,*,#1912,.F.);
#1116=ORIENTED_EDGE('',*,*,#1851,.F.);
#1117=ORIENTED_EDGE('',*,*,#1850,.F.);
#1118=ORIENTED_EDGE('',*,*,#1849,.T.);
#1119=ORIENTED_EDGE('',*,*,#1914,.F.);
#1120=ORIENTED_EDGE('',*,*,#1863,.F.);
#1121=ORIENTED_EDGE('',*,*,#1862,.F.);
#1122=ORIENTED_EDGE('',*,*,#1861,.T.);
#1123=ORIENTED_EDGE('',*,*,#1920,.F.);
#1124=ORIENTED_EDGE('',*,*,#1869,.F.);
#1125=ORIENTED_EDGE('',*,*,#1868,.F.);
#1126=ORIENTED_EDGE('',*,*,#1867,.T.);
#1127=ORIENTED_EDGE('',*,*,#1923,.F.);
#1128=ORIENTED_EDGE('',*,*,#1807,.F.);
#1129=ORIENTED_EDGE('',*,*,#1872,.F.);
#1130=ORIENTED_EDGE('',*,*,#1871,.T.);
#1131=ORIENTED_EDGE('',*,*,#1925,.F.);
#1132=ORIENTED_EDGE('',*,*,#1980,.T.);
#1133=ORIENTED_EDGE('',*,*,#1982,.T.);
#1134=ORIENTED_EDGE('',*,*,#1874,.F.);
#1135=ORIENTED_EDGE('',*,*,#1873,.T.);
#1136=ORIENTED_EDGE('',*,*,#1942,.T.);
#1137=ORIENTED_EDGE('',*,*,#1890,.F.);
#1138=ORIENTED_EDGE('',*,*,#1976,.T.);
#1139=ORIENTED_EDGE('',*,*,#1887,.F.);
#1140=ORIENTED_EDGE('',*,*,#1974,.T.);
#1141=ORIENTED_EDGE('',*,*,#1884,.F.);
#1142=ORIENTED_EDGE('',*,*,#1876,.F.);
#1143=ORIENTED_EDGE('',*,*,#1973,.T.);
#1144=ORIENTED_EDGE('',*,*,#1888,.F.);
#1145=ORIENTED_EDGE('',*,*,#1875,.F.);
#1146=ORIENTED_EDGE('',*,*,#1879,.F.);
#1147=ORIENTED_EDGE('',*,*,#1886,.F.);
#1148=ORIENTED_EDGE('',*,*,#1889,.F.);
#1149=ORIENTED_EDGE('',*,*,#1970,.T.);
#1150=ORIENTED_EDGE('',*,*,#1891,.F.);
#1151=ORIENTED_EDGE('',*,*,#1968,.T.);
#1152=ORIENTED_EDGE('',*,*,#1965,.T.);
#1153=ORIENTED_EDGE('',*,*,#1963,.T.);
#1154=ORIENTED_EDGE('',*,*,#1880,.F.);
#1155=ORIENTED_EDGE('',*,*,#1962,.T.);
#1156=ORIENTED_EDGE('',*,*,#1960,.T.);
#1157=ORIENTED_EDGE('',*,*,#1877,.F.);
#1158=ORIENTED_EDGE('',*,*,#1957,.T.);
#1159=ORIENTED_EDGE('',*,*,#1882,.F.);
#1160=ORIENTED_EDGE('',*,*,#1956,.T.);
#1161=ORIENTED_EDGE('',*,*,#1953,.T.);
#1162=ORIENTED_EDGE('',*,*,#1878,.F.);
#1163=ORIENTED_EDGE('',*,*,#1951,.T.);
#1164=ORIENTED_EDGE('',*,*,#1948,.T.);
#1165=ORIENTED_EDGE('',*,*,#1947,.T.);
#1166=ORIENTED_EDGE('',*,*,#1885,.F.);
#1167=ORIENTED_EDGE('',*,*,#1881,.F.);
#1168=ORIENTED_EDGE('',*,*,#1944,.T.);
#1169=ORIENTED_EDGE('',*,*,#1883,.F.);
#1170=ORIENTED_EDGE('',*,*,#1984,.F.);
#1171=ORIENTED_EDGE('',*,*,#1979,.F.);
#1172=ORIENTED_EDGE('',*,*,#1892,.T.);
#1173=ORIENTED_EDGE('',*,*,#1806,.F.);
#1174=ORIENTED_EDGE('',*,*,#1805,.F.);
#1175=ORIENTED_EDGE('',*,*,#1807,.T.);
#1176=ORIENTED_EDGE('',*,*,#1894,.T.);
#1177=ORIENTED_EDGE('',*,*,#1811,.F.);
#1178=ORIENTED_EDGE('',*,*,#1810,.F.);
#1179=ORIENTED_EDGE('',*,*,#1809,.T.);
#1180=ORIENTED_EDGE('',*,*,#1896,.T.);
#1181=ORIENTED_EDGE('',*,*,#1815,.F.);
#1182=ORIENTED_EDGE('',*,*,#1814,.F.);
#1183=ORIENTED_EDGE('',*,*,#1813,.T.);
#1184=ORIENTED_EDGE('',*,*,#1897,.T.);
#1185=ORIENTED_EDGE('',*,*,#1817,.F.);
#1186=ORIENTED_EDGE('',*,*,#1816,.F.);
#1187=ORIENTED_EDGE('',*,*,#1815,.T.);
#1188=ORIENTED_EDGE('',*,*,#1901,.T.);
#1189=ORIENTED_EDGE('',*,*,#1825,.F.);
#1190=ORIENTED_EDGE('',*,*,#1824,.F.);
#1191=ORIENTED_EDGE('',*,*,#1823,.T.);
#1192=ORIENTED_EDGE('',*,*,#1904,.T.);
#1193=ORIENTED_EDGE('',*,*,#1831,.F.);
#1194=ORIENTED_EDGE('',*,*,#1830,.F.);
#1195=ORIENTED_EDGE('',*,*,#1829,.T.);
#1196=ORIENTED_EDGE('',*,*,#1906,.T.);
#1197=ORIENTED_EDGE('',*,*,#1835,.F.);
#1198=ORIENTED_EDGE('',*,*,#1834,.F.);
#1199=ORIENTED_EDGE('',*,*,#1833,.T.);
#1200=ORIENTED_EDGE('',*,*,#1909,.T.);
#1201=ORIENTED_EDGE('',*,*,#1841,.F.);
#1202=ORIENTED_EDGE('',*,*,#1840,.F.);
#1203=ORIENTED_EDGE('',*,*,#1839,.T.);
#1204=ORIENTED_EDGE('',*,*,#1913,.T.);
#1205=ORIENTED_EDGE('',*,*,#1849,.F.);
#1206=ORIENTED_EDGE('',*,*,#1848,.F.);
#1207=ORIENTED_EDGE('',*,*,#1847,.T.);
#1208=ORIENTED_EDGE('',*,*,#1915,.T.);
#1209=ORIENTED_EDGE('',*,*,#1853,.F.);
#1210=ORIENTED_EDGE('',*,*,#1852,.F.);
#1211=ORIENTED_EDGE('',*,*,#1851,.T.);
#1212=ORIENTED_EDGE('',*,*,#1916,.T.);
#1213=ORIENTED_EDGE('',*,*,#1855,.F.);
#1214=ORIENTED_EDGE('',*,*,#1854,.F.);
#1215=ORIENTED_EDGE('',*,*,#1853,.T.);
#1216=ORIENTED_EDGE('',*,*,#1917,.T.);
#1217=ORIENTED_EDGE('',*,*,#1857,.F.);
#1218=ORIENTED_EDGE('',*,*,#1856,.F.);
#1219=ORIENTED_EDGE('',*,*,#1855,.T.);
#1220=ORIENTED_EDGE('',*,*,#1918,.T.);
#1221=ORIENTED_EDGE('',*,*,#1859,.F.);
#1222=ORIENTED_EDGE('',*,*,#1858,.F.);
#1223=ORIENTED_EDGE('',*,*,#1857,.T.);
#1224=ORIENTED_EDGE('',*,*,#1919,.T.);
#1225=ORIENTED_EDGE('',*,*,#1861,.F.);
#1226=ORIENTED_EDGE('',*,*,#1860,.F.);
#1227=ORIENTED_EDGE('',*,*,#1859,.T.);
#1228=ORIENTED_EDGE('',*,*,#1921,.T.);
#1229=ORIENTED_EDGE('',*,*,#1865,.F.);
#1230=ORIENTED_EDGE('',*,*,#1864,.F.);
#1231=ORIENTED_EDGE('',*,*,#1863,.T.);
#1232=ORIENTED_EDGE('',*,*,#1922,.T.);
#1233=ORIENTED_EDGE('',*,*,#1867,.F.);
#1234=ORIENTED_EDGE('',*,*,#1866,.F.);
#1235=ORIENTED_EDGE('',*,*,#1865,.T.);
#1236=ORIENTED_EDGE('',*,*,#1924,.T.);
#1237=ORIENTED_EDGE('',*,*,#1871,.F.);
#1238=ORIENTED_EDGE('',*,*,#1870,.F.);
#1239=ORIENTED_EDGE('',*,*,#1869,.T.);
#1240=ORIENTED_EDGE('',*,*,#1887,.T.);
#1241=ORIENTED_EDGE('',*,*,#1926,.F.);
#1242=ORIENTED_EDGE('',*,*,#1924,.F.);
#1243=ORIENTED_EDGE('',*,*,#1927,.F.);
#1244=ORIENTED_EDGE('',*,*,#1884,.T.);
#1245=ORIENTED_EDGE('',*,*,#1928,.T.);
#1246=ORIENTED_EDGE('',*,*,#1922,.F.);
#1247=ORIENTED_EDGE('',*,*,#1929,.F.);
#1248=ORIENTED_EDGE('',*,*,#1876,.T.);
#1249=ORIENTED_EDGE('',*,*,#1929,.T.);
#1250=ORIENTED_EDGE('',*,*,#1921,.F.);
#1251=ORIENTED_EDGE('',*,*,#1971,.T.);
#1252=ORIENTED_EDGE('',*,*,#1888,.T.);
#1253=ORIENTED_EDGE('',*,*,#1972,.F.);
#1254=ORIENTED_EDGE('',*,*,#1919,.F.);
#1255=ORIENTED_EDGE('',*,*,#1930,.F.);
#1256=ORIENTED_EDGE('',*,*,#1875,.T.);
#1257=ORIENTED_EDGE('',*,*,#1930,.T.);
#1258=ORIENTED_EDGE('',*,*,#1918,.F.);
#1259=ORIENTED_EDGE('',*,*,#1931,.T.);
#1260=ORIENTED_EDGE('',*,*,#1879,.T.);
#1261=ORIENTED_EDGE('',*,*,#1931,.F.);
#1262=ORIENTED_EDGE('',*,*,#1917,.F.);
#1263=ORIENTED_EDGE('',*,*,#1932,.T.);
#1264=ORIENTED_EDGE('',*,*,#1886,.T.);
#1265=ORIENTED_EDGE('',*,*,#1932,.F.);
#1266=ORIENTED_EDGE('',*,*,#1916,.F.);
#1267=ORIENTED_EDGE('',*,*,#1933,.T.);
#1268=ORIENTED_EDGE('',*,*,#1889,.T.);
#1269=ORIENTED_EDGE('',*,*,#1933,.F.);
#1270=ORIENTED_EDGE('',*,*,#1915,.F.);
#1271=ORIENTED_EDGE('',*,*,#1934,.F.);
#1272=ORIENTED_EDGE('',*,*,#1891,.T.);
#1273=ORIENTED_EDGE('',*,*,#1969,.T.);
#1274=ORIENTED_EDGE('',*,*,#1913,.F.);
#1275=ORIENTED_EDGE('',*,*,#1966,.T.);
#1276=ORIENTED_EDGE('',*,*,#1880,.T.);
#1277=ORIENTED_EDGE('',*,*,#1935,.T.);
#1278=ORIENTED_EDGE('',*,*,#1909,.F.);
#1279=ORIENTED_EDGE('',*,*,#1961,.T.);
#1280=ORIENTED_EDGE('',*,*,#1877,.T.);
#1281=ORIENTED_EDGE('',*,*,#1959,.T.);
#1282=ORIENTED_EDGE('',*,*,#1906,.F.);
#1283=ORIENTED_EDGE('',*,*,#1936,.T.);
#1284=ORIENTED_EDGE('',*,*,#1882,.T.);
#1285=ORIENTED_EDGE('',*,*,#1937,.T.);
#1286=ORIENTED_EDGE('',*,*,#1904,.F.);
#1287=ORIENTED_EDGE('',*,*,#1954,.F.);
#1288=ORIENTED_EDGE('',*,*,#1878,.T.);
#1289=ORIENTED_EDGE('',*,*,#1952,.T.);
#1290=ORIENTED_EDGE('',*,*,#1901,.F.);
#1291=ORIENTED_EDGE('',*,*,#1949,.F.);
#1292=ORIENTED_EDGE('',*,*,#1885,.T.);
#1293=ORIENTED_EDGE('',*,*,#1946,.F.);
#1294=ORIENTED_EDGE('',*,*,#1897,.F.);
#1295=ORIENTED_EDGE('',*,*,#1938,.F.);
#1296=ORIENTED_EDGE('',*,*,#1881,.T.);
#1297=ORIENTED_EDGE('',*,*,#1938,.T.);
#1298=ORIENTED_EDGE('',*,*,#1896,.F.);
#1299=ORIENTED_EDGE('',*,*,#1943,.F.);
#1300=ORIENTED_EDGE('',*,*,#1883,.T.);
#1301=ORIENTED_EDGE('',*,*,#1939,.T.);
#1302=ORIENTED_EDGE('',*,*,#1894,.F.);
#1303=ORIENTED_EDGE('',*,*,#1941,.F.);
#1304=ORIENTED_EDGE('',*,*,#1890,.T.);
#1305=ORIENTED_EDGE('',*,*,#1940,.T.);
#1306=ORIENTED_EDGE('',*,*,#1892,.F.);
#1307=ORIENTED_EDGE('',*,*,#1975,.T.);
#1308=ORIENTED_EDGE('',*,*,#1893,.T.);
#1309=ORIENTED_EDGE('',*,*,#1940,.F.);
#1310=ORIENTED_EDGE('',*,*,#1942,.F.);
#1311=ORIENTED_EDGE('',*,*,#1941,.T.);
#1312=ORIENTED_EDGE('',*,*,#1895,.T.);
#1313=ORIENTED_EDGE('',*,*,#1939,.F.);
#1314=ORIENTED_EDGE('',*,*,#1944,.F.);
#1315=ORIENTED_EDGE('',*,*,#1943,.T.);
#1316=ORIENTED_EDGE('',*,*,#1898,.T.);
#1317=ORIENTED_EDGE('',*,*,#1946,.T.);
#1318=ORIENTED_EDGE('',*,*,#1947,.F.);
#1319=ORIENTED_EDGE('',*,*,#1945,.F.);
#1320=ORIENTED_EDGE('',*,*,#1899,.T.);
#1321=ORIENTED_EDGE('',*,*,#1945,.T.);
#1322=ORIENTED_EDGE('',*,*,#1948,.F.);
#1323=ORIENTED_EDGE('',*,*,#1950,.T.);
#1324=ORIENTED_EDGE('',*,*,#1900,.T.);
#1325=ORIENTED_EDGE('',*,*,#1950,.F.);
#1326=ORIENTED_EDGE('',*,*,#1951,.F.);
#1327=ORIENTED_EDGE('',*,*,#1949,.T.);
#1328=ORIENTED_EDGE('',*,*,#1902,.T.);
#1329=ORIENTED_EDGE('',*,*,#1952,.F.);
#1330=ORIENTED_EDGE('',*,*,#1953,.F.);
#1331=ORIENTED_EDGE('',*,*,#1955,.F.);
#1332=ORIENTED_EDGE('',*,*,#1903,.T.);
#1333=ORIENTED_EDGE('',*,*,#1955,.T.);
#1334=ORIENTED_EDGE('',*,*,#1956,.F.);
#1335=ORIENTED_EDGE('',*,*,#1954,.T.);
#1336=ORIENTED_EDGE('',*,*,#1905,.T.);
#1337=ORIENTED_EDGE('',*,*,#1937,.F.);
#1338=ORIENTED_EDGE('',*,*,#1957,.F.);
#1339=ORIENTED_EDGE('',*,*,#1936,.F.);
#1340=ORIENTED_EDGE('',*,*,#1907,.T.);
#1341=ORIENTED_EDGE('',*,*,#1959,.F.);
#1342=ORIENTED_EDGE('',*,*,#1960,.F.);
#1343=ORIENTED_EDGE('',*,*,#1958,.T.);
#1344=ORIENTED_EDGE('',*,*,#1908,.T.);
#1345=ORIENTED_EDGE('',*,*,#1958,.F.);
#1346=ORIENTED_EDGE('',*,*,#1962,.F.);
#1347=ORIENTED_EDGE('',*,*,#1961,.F.);
#1348=ORIENTED_EDGE('',*,*,#1910,.T.);
#1349=ORIENTED_EDGE('',*,*,#1935,.F.);
#1350=ORIENTED_EDGE('',*,*,#1963,.F.);
#1351=ORIENTED_EDGE('',*,*,#1964,.T.);
#1352=ORIENTED_EDGE('',*,*,#1911,.T.);
#1353=ORIENTED_EDGE('',*,*,#1964,.F.);
#1354=ORIENTED_EDGE('',*,*,#1965,.F.);
#1355=ORIENTED_EDGE('',*,*,#1967,.T.);
#1356=ORIENTED_EDGE('',*,*,#1912,.T.);
#1357=ORIENTED_EDGE('',*,*,#1967,.F.);
#1358=ORIENTED_EDGE('',*,*,#1968,.F.);
#1359=ORIENTED_EDGE('',*,*,#1966,.F.);
#1360=ORIENTED_EDGE('',*,*,#1914,.T.);
#1361=ORIENTED_EDGE('',*,*,#1969,.F.);
#1362=ORIENTED_EDGE('',*,*,#1970,.F.);
#1363=ORIENTED_EDGE('',*,*,#1934,.T.);
#1364=ORIENTED_EDGE('',*,*,#1920,.T.);
#1365=ORIENTED_EDGE('',*,*,#1972,.T.);
#1366=ORIENTED_EDGE('',*,*,#1973,.F.);
#1367=ORIENTED_EDGE('',*,*,#1971,.F.);
#1368=ORIENTED_EDGE('',*,*,#1923,.T.);
#1369=ORIENTED_EDGE('',*,*,#1928,.F.);
#1370=ORIENTED_EDGE('',*,*,#1974,.F.);
#1371=ORIENTED_EDGE('',*,*,#1927,.T.);
#1372=ORIENTED_EDGE('',*,*,#1925,.T.);
#1373=ORIENTED_EDGE('',*,*,#1926,.T.);
#1374=ORIENTED_EDGE('',*,*,#1976,.F.);
#1375=ORIENTED_EDGE('',*,*,#1975,.F.);
#1376=ORIENTED_EDGE('',*,*,#1977,.F.);
#1377=ORIENTED_EDGE('',*,*,#1978,.T.);
#1378=ORIENTED_EDGE('',*,*,#1979,.T.);
#1379=ORIENTED_EDGE('',*,*,#1983,.F.);
#1380=ORIENTED_EDGE('',*,*,#1981,.T.);
#1381=ORIENTED_EDGE('',*,*,#1874,.T.);
#1382=ORIENTED_EDGE('',*,*,#1977,.T.);
#1383=ORIENTED_EDGE('',*,*,#1980,.F.);
#1384=ORIENTED_EDGE('',*,*,#1983,.T.);
#1385=ORIENTED_EDGE('',*,*,#1984,.T.);
#1386=ORIENTED_EDGE('',*,*,#1978,.F.);
#1387=ORIENTED_EDGE('',*,*,#1982,.F.);
#1388=ORIENTED_EDGE('',*,*,#1986,.F.);
#1389=ORIENTED_EDGE('',*,*,#1985,.F.);
#1390=ORIENTED_EDGE('',*,*,#1987,.T.);
#1391=ORIENTED_EDGE('',*,*,#2008,.F.);
#1392=ORIENTED_EDGE('',*,*,#1995,.F.);
#1393=ORIENTED_EDGE('',*,*,#1994,.F.);
#1394=ORIENTED_EDGE('',*,*,#1993,.T.);
#1395=ORIENTED_EDGE('',*,*,#2011,.F.);
#1396=ORIENTED_EDGE('',*,*,#1999,.F.);
#1397=ORIENTED_EDGE('',*,*,#1998,.F.);
#1398=ORIENTED_EDGE('',*,*,#1997,.T.);
#1399=ORIENTED_EDGE('',*,*,#2013,.F.);
#1400=ORIENTED_EDGE('',*,*,#2001,.F.);
#1401=ORIENTED_EDGE('',*,*,#2000,.F.);
#1402=ORIENTED_EDGE('',*,*,#1999,.T.);
#1403=ORIENTED_EDGE('',*,*,#2014,.F.);
#1404=ORIENTED_EDGE('',*,*,#2029,.T.);
#1405=ORIENTED_EDGE('',*,*,#2026,.T.);
#1406=ORIENTED_EDGE('',*,*,#2005,.F.);
#1407=ORIENTED_EDGE('',*,*,#2025,.T.);
#1408=ORIENTED_EDGE('',*,*,#2007,.F.);
#1409=ORIENTED_EDGE('',*,*,#2004,.F.);
#1410=ORIENTED_EDGE('',*,*,#2006,.F.);
#1411=ORIENTED_EDGE('',*,*,#2023,.T.);
#1412=ORIENTED_EDGE('',*,*,#2003,.F.);
#1413=ORIENTED_EDGE('',*,*,#2009,.T.);
#1414=ORIENTED_EDGE('',*,*,#1989,.F.);
#1415=ORIENTED_EDGE('',*,*,#1988,.F.);
#1416=ORIENTED_EDGE('',*,*,#1986,.T.);
#1417=ORIENTED_EDGE('',*,*,#2020,.T.);
#1418=ORIENTED_EDGE('',*,*,#1991,.F.);
#1419=ORIENTED_EDGE('',*,*,#1990,.F.);
#1420=ORIENTED_EDGE('',*,*,#1989,.T.);
#1421=ORIENTED_EDGE('',*,*,#2010,.T.);
#1422=ORIENTED_EDGE('',*,*,#1993,.F.);
#1423=ORIENTED_EDGE('',*,*,#1992,.F.);
#1424=ORIENTED_EDGE('',*,*,#1991,.T.);
#1425=ORIENTED_EDGE('',*,*,#2012,.T.);
#1426=ORIENTED_EDGE('',*,*,#1997,.F.);
#1427=ORIENTED_EDGE('',*,*,#1996,.F.);
#1428=ORIENTED_EDGE('',*,*,#1995,.T.);
#1429=ORIENTED_EDGE('',*,*,#2015,.T.);
#1430=ORIENTED_EDGE('',*,*,#1987,.F.);
#1431=ORIENTED_EDGE('',*,*,#2002,.F.);
#1432=ORIENTED_EDGE('',*,*,#2001,.T.);
#1433=ORIENTED_EDGE('',*,*,#2003,.T.);
#1434=ORIENTED_EDGE('',*,*,#2016,.T.);
#1435=ORIENTED_EDGE('',*,*,#2015,.F.);
#1436=ORIENTED_EDGE('',*,*,#2027,.T.);
#1437=ORIENTED_EDGE('',*,*,#2005,.T.);
#1438=ORIENTED_EDGE('',*,*,#2017,.T.);
#1439=ORIENTED_EDGE('',*,*,#2012,.F.);
#1440=ORIENTED_EDGE('',*,*,#2024,.T.);
#1441=ORIENTED_EDGE('',*,*,#2007,.T.);
#1442=ORIENTED_EDGE('',*,*,#2018,.T.);
#1443=ORIENTED_EDGE('',*,*,#2010,.F.);
#1444=ORIENTED_EDGE('',*,*,#2019,.F.);
#1445=ORIENTED_EDGE('',*,*,#2004,.T.);
#1446=ORIENTED_EDGE('',*,*,#2019,.T.);
#1447=ORIENTED_EDGE('',*,*,#2020,.F.);
#1448=ORIENTED_EDGE('',*,*,#2021,.T.);
#1449=ORIENTED_EDGE('',*,*,#2006,.T.);
#1450=ORIENTED_EDGE('',*,*,#2021,.F.);
#1451=ORIENTED_EDGE('',*,*,#2009,.F.);
#1452=ORIENTED_EDGE('',*,*,#2022,.T.);
#1453=ORIENTED_EDGE('',*,*,#2008,.T.);
#1454=ORIENTED_EDGE('',*,*,#2016,.F.);
#1455=ORIENTED_EDGE('',*,*,#2023,.F.);
#1456=ORIENTED_EDGE('',*,*,#2022,.F.);
#1457=ORIENTED_EDGE('',*,*,#2011,.T.);
#1458=ORIENTED_EDGE('',*,*,#2018,.F.);
#1459=ORIENTED_EDGE('',*,*,#2025,.F.);
#1460=ORIENTED_EDGE('',*,*,#2024,.F.);
#1461=ORIENTED_EDGE('',*,*,#2013,.T.);
#1462=ORIENTED_EDGE('',*,*,#2017,.F.);
#1463=ORIENTED_EDGE('',*,*,#2026,.F.);
#1464=ORIENTED_EDGE('',*,*,#2028,.F.);
#1465=ORIENTED_EDGE('',*,*,#2014,.T.);
#1466=ORIENTED_EDGE('',*,*,#2028,.T.);
#1467=ORIENTED_EDGE('',*,*,#2029,.F.);
#1468=ORIENTED_EDGE('',*,*,#2027,.F.);
#1469=ORIENTED_EDGE('',*,*,#2125,.T.);
#1470=ORIENTED_EDGE('',*,*,#2118,.T.);
#1471=ORIENTED_EDGE('',*,*,#2124,.F.);
#1472=ORIENTED_EDGE('',*,*,#2123,.F.);
#1473=ORIENTED_EDGE('',*,*,#2124,.T.);
#1474=ORIENTED_EDGE('',*,*,#2109,.T.);
#1475=ORIENTED_EDGE('',*,*,#2127,.F.);
#1476=ORIENTED_EDGE('',*,*,#2126,.F.);
#1477=ORIENTED_EDGE('',*,*,#2127,.T.);
#1478=ORIENTED_EDGE('',*,*,#2110,.T.);
#1479=ORIENTED_EDGE('',*,*,#2129,.F.);
#1480=ORIENTED_EDGE('',*,*,#2128,.F.);
#1481=ORIENTED_EDGE('',*,*,#2129,.T.);
#1482=ORIENTED_EDGE('',*,*,#2111,.T.);
#1483=ORIENTED_EDGE('',*,*,#2131,.F.);
#1484=ORIENTED_EDGE('',*,*,#2130,.F.);
#1485=ORIENTED_EDGE('',*,*,#2131,.T.);
#1486=ORIENTED_EDGE('',*,*,#2112,.T.);
#1487=ORIENTED_EDGE('',*,*,#2133,.F.);
#1488=ORIENTED_EDGE('',*,*,#2132,.F.);
#1489=ORIENTED_EDGE('',*,*,#2133,.T.);
#1490=ORIENTED_EDGE('',*,*,#2113,.T.);
#1491=ORIENTED_EDGE('',*,*,#2135,.F.);
#1492=ORIENTED_EDGE('',*,*,#2134,.F.);
#1493=ORIENTED_EDGE('',*,*,#2135,.T.);
#1494=ORIENTED_EDGE('',*,*,#2114,.T.);
#1495=ORIENTED_EDGE('',*,*,#2137,.F.);
#1496=ORIENTED_EDGE('',*,*,#2136,.F.);
#1497=ORIENTED_EDGE('',*,*,#2137,.T.);
#1498=ORIENTED_EDGE('',*,*,#2115,.T.);
#1499=ORIENTED_EDGE('',*,*,#2125,.F.);
#1500=ORIENTED_EDGE('',*,*,#2138,.F.);
#1501=ORIENTED_EDGE('',*,*,#2118,.F.);
#1502=ORIENTED_EDGE('',*,*,#2117,.F.);
#1503=ORIENTED_EDGE('',*,*,#2112,.F.);
#1504=ORIENTED_EDGE('',*,*,#2116,.F.);
#1505=ORIENTED_EDGE('',*,*,#2147,.T.);
#1506=ORIENTED_EDGE('',*,*,#2120,.T.);
#1507=ORIENTED_EDGE('',*,*,#2149,.T.);
#1508=ORIENTED_EDGE('',*,*,#2121,.T.);
#1509=ORIENTED_EDGE('',*,*,#2141,.T.);
#1510=ORIENTED_EDGE('',*,*,#2122,.T.);
#1511=ORIENTED_EDGE('',*,*,#2144,.T.);
#1512=ORIENTED_EDGE('',*,*,#2119,.T.);
#1513=ORIENTED_EDGE('',*,*,#2063,.F.);
#1514=ORIENTED_EDGE('',*,*,#2062,.F.);
#1515=ORIENTED_EDGE('',*,*,#2061,.F.);
#1516=ORIENTED_EDGE('',*,*,#2060,.F.);
#1517=ORIENTED_EDGE('',*,*,#2059,.F.);
#1518=ORIENTED_EDGE('',*,*,#2058,.F.);
#1519=ORIENTED_EDGE('',*,*,#2057,.F.);
#1520=ORIENTED_EDGE('',*,*,#2056,.F.);
#1521=ORIENTED_EDGE('',*,*,#2055,.F.);
#1522=ORIENTED_EDGE('',*,*,#2054,.F.);
#1523=ORIENTED_EDGE('',*,*,#2053,.F.);
#1524=ORIENTED_EDGE('',*,*,#2052,.F.);
#1525=ORIENTED_EDGE('',*,*,#2051,.F.);
#1526=ORIENTED_EDGE('',*,*,#2050,.F.);
#1527=ORIENTED_EDGE('',*,*,#2049,.F.);
#1528=ORIENTED_EDGE('',*,*,#2048,.F.);
#1529=ORIENTED_EDGE('',*,*,#2047,.F.);
#1530=ORIENTED_EDGE('',*,*,#2046,.F.);
#1531=ORIENTED_EDGE('',*,*,#2045,.F.);
#1532=ORIENTED_EDGE('',*,*,#2044,.F.);
#1533=ORIENTED_EDGE('',*,*,#2043,.F.);
#1534=ORIENTED_EDGE('',*,*,#2042,.F.);
#1535=ORIENTED_EDGE('',*,*,#2041,.F.);
#1536=ORIENTED_EDGE('',*,*,#2040,.F.);
#1537=ORIENTED_EDGE('',*,*,#2039,.F.);
#1538=ORIENTED_EDGE('',*,*,#2038,.F.);
#1539=ORIENTED_EDGE('',*,*,#2037,.F.);
#1540=ORIENTED_EDGE('',*,*,#2036,.F.);
#1541=ORIENTED_EDGE('',*,*,#2035,.F.);
#1542=ORIENTED_EDGE('',*,*,#2034,.F.);
#1543=ORIENTED_EDGE('',*,*,#2033,.F.);
#1544=ORIENTED_EDGE('',*,*,#2032,.F.);
#1545=ORIENTED_EDGE('',*,*,#2031,.F.);
#1546=ORIENTED_EDGE('',*,*,#2030,.F.);
#1547=ORIENTED_EDGE('',*,*,#2072,.F.);
#1548=ORIENTED_EDGE('',*,*,#2071,.F.);
#1549=ORIENTED_EDGE('',*,*,#2070,.F.);
#1550=ORIENTED_EDGE('',*,*,#2069,.F.);
#1551=ORIENTED_EDGE('',*,*,#2068,.F.);
#1552=ORIENTED_EDGE('',*,*,#2067,.F.);
#1553=ORIENTED_EDGE('',*,*,#2066,.F.);
#1554=ORIENTED_EDGE('',*,*,#2065,.F.);
#1555=ORIENTED_EDGE('',*,*,#2064,.F.);
#1556=ORIENTED_EDGE('',*,*,#2074,.T.);
#1557=ORIENTED_EDGE('',*,*,#2086,.T.);
#1558=ORIENTED_EDGE('',*,*,#2085,.T.);
#1559=ORIENTED_EDGE('',*,*,#2084,.T.);
#1560=ORIENTED_EDGE('',*,*,#2083,.T.);
#1561=ORIENTED_EDGE('',*,*,#2082,.T.);
#1562=ORIENTED_EDGE('',*,*,#2081,.T.);
#1563=ORIENTED_EDGE('',*,*,#2080,.T.);
#1564=ORIENTED_EDGE('',*,*,#2075,.T.);
#1565=ORIENTED_EDGE('',*,*,#2097,.T.);
#1566=ORIENTED_EDGE('',*,*,#2096,.T.);
#1567=ORIENTED_EDGE('',*,*,#2095,.T.);
#1568=ORIENTED_EDGE('',*,*,#2094,.T.);
#1569=ORIENTED_EDGE('',*,*,#2093,.T.);
#1570=ORIENTED_EDGE('',*,*,#2092,.T.);
#1571=ORIENTED_EDGE('',*,*,#2091,.T.);
#1572=ORIENTED_EDGE('',*,*,#2090,.T.);
#1573=ORIENTED_EDGE('',*,*,#2089,.T.);
#1574=ORIENTED_EDGE('',*,*,#2088,.T.);
#1575=ORIENTED_EDGE('',*,*,#2087,.T.);
#1576=ORIENTED_EDGE('',*,*,#2076,.T.);
#1577=ORIENTED_EDGE('',*,*,#2108,.T.);
#1578=ORIENTED_EDGE('',*,*,#2107,.T.);
#1579=ORIENTED_EDGE('',*,*,#2106,.T.);
#1580=ORIENTED_EDGE('',*,*,#2105,.T.);
#1581=ORIENTED_EDGE('',*,*,#2104,.T.);
#1582=ORIENTED_EDGE('',*,*,#2103,.T.);
#1583=ORIENTED_EDGE('',*,*,#2102,.T.);
#1584=ORIENTED_EDGE('',*,*,#2101,.T.);
#1585=ORIENTED_EDGE('',*,*,#2100,.T.);
#1586=ORIENTED_EDGE('',*,*,#2099,.T.);
#1587=ORIENTED_EDGE('',*,*,#2098,.T.);
#1588=ORIENTED_EDGE('',*,*,#2073,.T.);
#1589=ORIENTED_EDGE('',*,*,#2079,.T.);
#1590=ORIENTED_EDGE('',*,*,#2078,.T.);
#1591=ORIENTED_EDGE('',*,*,#2077,.T.);
#1592=ORIENTED_EDGE('',*,*,#2123,.T.);
#1593=ORIENTED_EDGE('',*,*,#2140,.T.);
#1594=ORIENTED_EDGE('',*,*,#2121,.F.);
#1595=ORIENTED_EDGE('',*,*,#2139,.T.);
#1596=ORIENTED_EDGE('',*,*,#2126,.T.);
#1597=ORIENTED_EDGE('',*,*,#2142,.T.);
#1598=ORIENTED_EDGE('',*,*,#2141,.F.);
#1599=ORIENTED_EDGE('',*,*,#2140,.F.);
#1600=ORIENTED_EDGE('',*,*,#2128,.T.);
#1601=ORIENTED_EDGE('',*,*,#2143,.T.);
#1602=ORIENTED_EDGE('',*,*,#2122,.F.);
#1603=ORIENTED_EDGE('',*,*,#2142,.F.);
#1604=ORIENTED_EDGE('',*,*,#2130,.T.);
#1605=ORIENTED_EDGE('',*,*,#2145,.T.);
#1606=ORIENTED_EDGE('',*,*,#2144,.F.);
#1607=ORIENTED_EDGE('',*,*,#2143,.F.);
#1608=ORIENTED_EDGE('',*,*,#2132,.T.);
#1609=ORIENTED_EDGE('',*,*,#2146,.T.);
#1610=ORIENTED_EDGE('',*,*,#2119,.F.);
#1611=ORIENTED_EDGE('',*,*,#2145,.F.);
#1612=ORIENTED_EDGE('',*,*,#2134,.T.);
#1613=ORIENTED_EDGE('',*,*,#2148,.T.);
#1614=ORIENTED_EDGE('',*,*,#2147,.F.);
#1615=ORIENTED_EDGE('',*,*,#2146,.F.);
#1616=ORIENTED_EDGE('',*,*,#2136,.T.);
#1617=ORIENTED_EDGE('',*,*,#2150,.F.);
#1618=ORIENTED_EDGE('',*,*,#2120,.F.);
#1619=ORIENTED_EDGE('',*,*,#2148,.F.);
#1620=ORIENTED_EDGE('',*,*,#2138,.T.);
#1621=ORIENTED_EDGE('',*,*,#2139,.F.);
#1622=ORIENTED_EDGE('',*,*,#2149,.F.);
#1623=ORIENTED_EDGE('',*,*,#2150,.T.);
#1624=EDGE_CURVE('',#2151,#2151,#2591,.T.);
#1625=EDGE_CURVE('',#2152,#2153,#2751,.T.);
#1626=EDGE_CURVE('',#2153,#2177,#2752,.T.);
#1627=EDGE_CURVE('',#2152,#2176,#2753,.T.);
#1628=EDGE_CURVE('',#2153,#2154,#2754,.T.);
#1629=EDGE_CURVE('',#2154,#2178,#2755,.T.);
#1630=EDGE_CURVE('',#2154,#2155,#2756,.T.);
#1631=EDGE_CURVE('',#2155,#2179,#2757,.T.);
#1632=EDGE_CURVE('',#2155,#2156,#2758,.T.);
#1633=EDGE_CURVE('',#2156,#2180,#2759,.T.);
#1634=EDGE_CURVE('',#2156,#2157,#2760,.T.);
#1635=EDGE_CURVE('',#2157,#2181,#2761,.T.);
#1636=EDGE_CURVE('',#2157,#2158,#2762,.T.);
#1637=EDGE_CURVE('',#2158,#2182,#2763,.T.);
#1638=EDGE_CURVE('',#2158,#2159,#2764,.T.);
#1639=EDGE_CURVE('',#2159,#2183,#2765,.T.);
#1640=EDGE_CURVE('',#2159,#2160,#2766,.T.);
#1641=EDGE_CURVE('',#2160,#2184,#2767,.T.);
#1642=EDGE_CURVE('',#2160,#2161,#2768,.T.);
#1643=EDGE_CURVE('',#2161,#2185,#2769,.T.);
#1644=EDGE_CURVE('',#2161,#2162,#2770,.T.);
#1645=EDGE_CURVE('',#2162,#2186,#2771,.T.);
#1646=EDGE_CURVE('',#2162,#2163,#2772,.T.);
#1647=EDGE_CURVE('',#2163,#2187,#2773,.T.);
#1648=EDGE_CURVE('',#2163,#2152,#2774,.T.);
#1649=EDGE_CURVE('',#2164,#2165,#2775,.T.);
#1650=EDGE_CURVE('',#2166,#2167,#2776,.T.);
#1651=EDGE_CURVE('',#2168,#2169,#2777,.T.);
#1652=EDGE_CURVE('',#2170,#2166,#2778,.T.);
#1653=EDGE_CURVE('',#2165,#2171,#2779,.T.);
#1654=EDGE_CURVE('',#2172,#2173,#2780,.T.);
#1655=EDGE_CURVE('',#2173,#2170,#2781,.T.);
#1656=EDGE_CURVE('',#2174,#2175,#2782,.T.);
#1657=EDGE_CURVE('',#2169,#2172,#2783,.T.);
#1658=EDGE_CURVE('',#2175,#2164,#2784,.T.);
#1659=EDGE_CURVE('',#2171,#2168,#2785,.T.);
#1660=EDGE_CURVE('',#2167,#2174,#2786,.T.);
#1661=EDGE_CURVE('',#2176,#2177,#2787,.T.);
#1662=EDGE_CURVE('',#2177,#2178,#2788,.T.);
#1663=EDGE_CURVE('',#2178,#2179,#2789,.T.);
#1664=EDGE_CURVE('',#2179,#2180,#2790,.T.);
#1665=EDGE_CURVE('',#2180,#2181,#2791,.T.);
#1666=EDGE_CURVE('',#2181,#2182,#2792,.T.);
#1667=EDGE_CURVE('',#2182,#2183,#2793,.T.);
#1668=EDGE_CURVE('',#2183,#2184,#2794,.T.);
#1669=EDGE_CURVE('',#2184,#2185,#2795,.T.);
#1670=EDGE_CURVE('',#2185,#2186,#2796,.T.);
#1671=EDGE_CURVE('',#2186,#2187,#2797,.T.);
#1672=EDGE_CURVE('',#2187,#2176,#2798,.T.);
#1673=EDGE_CURVE('',#2168,#2176,#2799,.T.);
#1674=EDGE_CURVE('',#2169,#2177,#2800,.T.);
#1675=EDGE_CURVE('',#2171,#2187,#2801,.T.);
#1676=EDGE_CURVE('',#2186,#2165,#2802,.T.);
#1677=EDGE_CURVE('',#2185,#2164,#2803,.T.);
#1678=EDGE_CURVE('',#2175,#2184,#2804,.T.);
#1679=EDGE_CURVE('',#2174,#2183,#2805,.T.);
#1680=EDGE_CURVE('',#2182,#2167,#2806,.T.);
#1681=EDGE_CURVE('',#2166,#2181,#2807,.T.);
#1682=EDGE_CURVE('',#2170,#2180,#2808,.T.);
#1683=EDGE_CURVE('',#2173,#2179,#2809,.T.);
#1684=EDGE_CURVE('',#2178,#2172,#2810,.T.);
#1685=EDGE_CURVE('',#2188,#2189,#2811,.T.);
#1686=EDGE_CURVE('',#2189,#2200,#2812,.T.);
#1687=EDGE_CURVE('',#2188,#2201,#2813,.T.);
#1688=EDGE_CURVE('',#2189,#2190,#2814,.T.);
#1689=EDGE_CURVE('',#2190,#2202,#2815,.T.);
#1690=EDGE_CURVE('',#2190,#2191,#2816,.T.);
#1691=EDGE_CURVE('',#2191,#2203,#2817,.T.);
#1692=EDGE_CURVE('',#2191,#2192,#2818,.T.);
#1693=EDGE_CURVE('',#2192,#2204,#2819,.T.);
#1694=EDGE_CURVE('',#2192,#2193,#2820,.T.);
#1695=EDGE_CURVE('',#2193,#2205,#2821,.T.);
#1696=EDGE_CURVE('',#2193,#2194,#2822,.T.);
#1697=EDGE_CURVE('',#2194,#2206,#2823,.T.);
#1698=EDGE_CURVE('',#2194,#2195,#2824,.T.);
#1699=EDGE_CURVE('',#2195,#2207,#2825,.T.);
#1700=EDGE_CURVE('',#2195,#2196,#2826,.T.);
#1701=EDGE_CURVE('',#2196,#2208,#2827,.T.);
#1702=EDGE_CURVE('',#2196,#2197,#2828,.T.);
#1703=EDGE_CURVE('',#2197,#2209,#2829,.T.);
#1704=EDGE_CURVE('',#2197,#2198,#2830,.T.);
#1705=EDGE_CURVE('',#2198,#2210,#2831,.T.);
#1706=EDGE_CURVE('',#2198,#2199,#2832,.T.);
#1707=EDGE_CURVE('',#2199,#2211,#2833,.T.);
#1708=EDGE_CURVE('',#2199,#2188,#2834,.T.);
#1709=EDGE_CURVE('',#2200,#2201,#2835,.T.);
#1710=EDGE_CURVE('',#2202,#2200,#2836,.T.);
#1711=EDGE_CURVE('',#2203,#2202,#2837,.T.);
#1712=EDGE_CURVE('',#2204,#2203,#2838,.T.);
#1713=EDGE_CURVE('',#2205,#2204,#2839,.T.);
#1714=EDGE_CURVE('',#2206,#2205,#2840,.T.);
#1715=EDGE_CURVE('',#2207,#2206,#2841,.T.);
#1716=EDGE_CURVE('',#2208,#2207,#2842,.T.);
#1717=EDGE_CURVE('',#2209,#2208,#2843,.T.);
#1718=EDGE_CURVE('',#2210,#2209,#2844,.T.);
#1719=EDGE_CURVE('',#2211,#2210,#2845,.T.);
#1720=EDGE_CURVE('',#2201,#2211,#2846,.T.);
#1721=EDGE_CURVE('',#2212,#2213,#2847,.T.);
#1722=EDGE_CURVE('',#2219,#2220,#2848,.T.);
#1723=EDGE_CURVE('',#2221,#2217,#2849,.T.);
#1724=EDGE_CURVE('',#2223,#2214,#2850,.T.);
#1725=EDGE_CURVE('',#2223,#2200,#2851,.T.);
#1726=EDGE_CURVE('',#2218,#2223,#2592,.T.);
#1727=EDGE_CURVE('',#2202,#2218,#2852,.T.);
#1728=EDGE_CURVE('',#2217,#2218,#2593,.T.);
#1729=EDGE_CURVE('',#2203,#2217,#2853,.T.);
#1730=EDGE_CURVE('',#2221,#2204,#2854,.T.);
#1731=EDGE_CURVE('',#2216,#2221,#2594,.T.);
#1732=EDGE_CURVE('',#2216,#2205,#2855,.T.);
#1733=EDGE_CURVE('',#2213,#2216,#2595,.T.);
#1734=EDGE_CURVE('',#2206,#2213,#2856,.T.);
#1735=EDGE_CURVE('',#2212,#2207,#2857,.T.);
#1736=EDGE_CURVE('',#2222,#2212,#2596,.T.);
#1737=EDGE_CURVE('',#2208,#2222,#2858,.T.);
#1738=EDGE_CURVE('',#2220,#2222,#2597,.T.);
#1739=EDGE_CURVE('',#2209,#2220,#2859,.T.);
#1740=EDGE_CURVE('',#2210,#2219,#2860,.T.);
#1741=EDGE_CURVE('',#2215,#2219,#2598,.T.);
#1742=EDGE_CURVE('',#2215,#2211,#2861,.T.);
#1743=EDGE_CURVE('',#2214,#2201,#2862,.T.);
#1744=EDGE_CURVE('',#2214,#2215,#2599,.T.);
#1745=EDGE_CURVE('',#2224,#2225,#2863,.T.);
#1746=EDGE_CURVE('',#2225,#2233,#2864,.T.);
#1747=EDGE_CURVE('',#2224,#2232,#2865,.T.);
#1748=EDGE_CURVE('',#2225,#2226,#2866,.T.);
#1749=EDGE_CURVE('',#2226,#2234,#2867,.T.);
#1750=EDGE_CURVE('',#2226,#2227,#2868,.T.);
#1751=EDGE_CURVE('',#2227,#2235,#2869,.T.);
#1752=EDGE_CURVE('',#2227,#2224,#2870,.T.);
#1753=EDGE_CURVE('',#2228,#2229,#2871,.T.);
#1754=EDGE_CURVE('',#2229,#2230,#2872,.T.);
#1755=EDGE_CURVE('',#2230,#2231,#2873,.T.);
#1756=EDGE_CURVE('',#2231,#2228,#2874,.T.);
#1757=EDGE_CURVE('',#2232,#2233,#2875,.T.);
#1758=EDGE_CURVE('',#2233,#2234,#2876,.T.);
#1759=EDGE_CURVE('',#2234,#2235,#2877,.T.);
#1760=EDGE_CURVE('',#2235,#2232,#2878,.T.);
#1761=EDGE_CURVE('',#2229,#2232,#2879,.T.);
#1762=EDGE_CURVE('',#2235,#2228,#2880,.T.);
#1763=EDGE_CURVE('',#2234,#2231,#2881,.T.);
#1764=EDGE_CURVE('',#2230,#2233,#2882,.T.);
#1765=EDGE_CURVE('',#2236,#2237,#2883,.T.);
#1766=EDGE_CURVE('',#2237,#2253,#2884,.T.);
#1767=EDGE_CURVE('',#2236,#2252,#2885,.T.);
#1768=EDGE_CURVE('',#2237,#2238,#2886,.T.);
#1769=EDGE_CURVE('',#2238,#2254,#2887,.T.);
#1770=EDGE_CURVE('',#2238,#2239,#2888,.T.);
#1771=EDGE_CURVE('',#2239,#2255,#2889,.T.);
#1772=EDGE_CURVE('',#2239,#2240,#2890,.T.);
#1773=EDGE_CURVE('',#2240,#2256,#2891,.T.);
#1774=EDGE_CURVE('',#2240,#2241,#2892,.T.);
#1775=EDGE_CURVE('',#2241,#2257,#2893,.T.);
#1776=EDGE_CURVE('',#2241,#2242,#2894,.T.);
#1777=EDGE_CURVE('',#2242,#2258,#2895,.T.);
#1778=EDGE_CURVE('',#2242,#2243,#2896,.T.);
#1779=EDGE_CURVE('',#2243,#2259,#2897,.T.);
#1780=EDGE_CURVE('',#2243,#2236,#2898,.T.);
#1781=EDGE_CURVE('',#2244,#2245,#2899,.T.);
#1782=EDGE_CURVE('',#2245,#2246,#2900,.T.);
#1783=EDGE_CURVE('',#2247,#2248,#2901,.T.);
#1784=EDGE_CURVE('',#2249,#2250,#2902,.T.);
#1785=EDGE_CURVE('',#2246,#2249,#2903,.T.);
#1786=EDGE_CURVE('',#2250,#2247,#2904,.T.);
#1787=EDGE_CURVE('',#2251,#2244,#2905,.T.);
#1788=EDGE_CURVE('',#2248,#2251,#2906,.T.);
#1789=EDGE_CURVE('',#2252,#2253,#2907,.T.);
#1790=EDGE_CURVE('',#2253,#2254,#2908,.T.);
#1791=EDGE_CURVE('',#2254,#2255,#2909,.T.);
#1792=EDGE_CURVE('',#2255,#2256,#2910,.T.);
#1793=EDGE_CURVE('',#2256,#2257,#2911,.T.);
#1794=EDGE_CURVE('',#2257,#2258,#2912,.T.);
#1795=EDGE_CURVE('',#2258,#2259,#2913,.T.);
#1796=EDGE_CURVE('',#2259,#2252,#2914,.T.);
#1797=EDGE_CURVE('',#2246,#2252,#2915,.T.);
#1798=EDGE_CURVE('',#2245,#2259,#2916,.T.);
#1799=EDGE_CURVE('',#2244,#2258,#2917,.T.);
#1800=EDGE_CURVE('',#2251,#2257,#2918,.T.);
#1801=EDGE_CURVE('',#2248,#2256,#2919,.T.);
#1802=EDGE_CURVE('',#2247,#2255,#2920,.T.);
#1803=EDGE_CURVE('',#2250,#2254,#2921,.T.);
#1804=EDGE_CURVE('',#2253,#2249,#2922,.T.);
#1805=EDGE_CURVE('',#2260,#2261,#2923,.T.);
#1806=EDGE_CURVE('',#2261,#2330,#2924,.T.);
#1807=EDGE_CURVE('',#2260,#2329,#2925,.T.);
#1808=EDGE_CURVE('',#2261,#2262,#2926,.T.);
#1809=EDGE_CURVE('',#2262,#2331,#2927,.T.);
#1810=EDGE_CURVE('',#2262,#2263,#2928,.T.);
#1811=EDGE_CURVE('',#2263,#2332,#2929,.T.);
#1812=EDGE_CURVE('',#2263,#2264,#2930,.T.);
#1813=EDGE_CURVE('',#2264,#2333,#2931,.T.);
#1814=EDGE_CURVE('',#2264,#2265,#2932,.T.);
#1815=EDGE_CURVE('',#2265,#2334,#2933,.T.);
#1816=EDGE_CURVE('',#2265,#2266,#2934,.T.);
#1817=EDGE_CURVE('',#2266,#2335,#2935,.T.);
#1818=EDGE_CURVE('',#2266,#2267,#2936,.T.);
#1819=EDGE_CURVE('',#2267,#2336,#2937,.T.);
#1820=EDGE_CURVE('',#2267,#2268,#2938,.T.);
#1821=EDGE_CURVE('',#2268,#2337,#2939,.T.);
#1822=EDGE_CURVE('',#2268,#2269,#2940,.T.);
#1823=EDGE_CURVE('',#2269,#2338,#2941,.T.);
#1824=EDGE_CURVE('',#2269,#2270,#2942,.T.);
#1825=EDGE_CURVE('',#2270,#2339,#2943,.T.);
#1826=EDGE_CURVE('',#2270,#2271,#2944,.T.);
#1827=EDGE_CURVE('',#2271,#2340,#2945,.T.);
#1828=EDGE_CURVE('',#2271,#2272,#2946,.T.);
#1829=EDGE_CURVE('',#2272,#2341,#2947,.T.);
#1830=EDGE_CURVE('',#2272,#2273,#2948,.T.);
#1831=EDGE_CURVE('',#2273,#2342,#2949,.T.);
#1832=EDGE_CURVE('',#2273,#2274,#2950,.T.);
#1833=EDGE_CURVE('',#2274,#2343,#2951,.T.);
#1834=EDGE_CURVE('',#2274,#2275,#2952,.T.);
#1835=EDGE_CURVE('',#2275,#2344,#2953,.T.);
#1836=EDGE_CURVE('',#2275,#2276,#2954,.T.);
#1837=EDGE_CURVE('',#2276,#2345,#2955,.T.);
#1838=EDGE_CURVE('',#2276,#2277,#2956,.T.);
#1839=EDGE_CURVE('',#2277,#2346,#2957,.T.);
#1840=EDGE_CURVE('',#2277,#2278,#2958,.T.);
#1841=EDGE_CURVE('',#2278,#2347,#2959,.T.);
#1842=EDGE_CURVE('',#2278,#2279,#2960,.T.);
#1843=EDGE_CURVE('',#2279,#2348,#2961,.T.);
#1844=EDGE_CURVE('',#2279,#2280,#2962,.T.);
#1845=EDGE_CURVE('',#2280,#2349,#2963,.T.);
#1846=EDGE_CURVE('',#2280,#2281,#2964,.T.);
#1847=EDGE_CURVE('',#2281,#2350,#2965,.T.);
#1848=EDGE_CURVE('',#2281,#2282,#2966,.T.);
#1849=EDGE_CURVE('',#2282,#2351,#2967,.T.);
#1850=EDGE_CURVE('',#2282,#2283,#2968,.T.);
#1851=EDGE_CURVE('',#2283,#2352,#2969,.T.);
#1852=EDGE_CURVE('',#2283,#2284,#2970,.T.);
#1853=EDGE_CURVE('',#2284,#2353,#2971,.T.);
#1854=EDGE_CURVE('',#2284,#2285,#2972,.T.);
#1855=EDGE_CURVE('',#2285,#2354,#2973,.T.);
#1856=EDGE_CURVE('',#2285,#2286,#2974,.T.);
#1857=EDGE_CURVE('',#2286,#2355,#2975,.T.);
#1858=EDGE_CURVE('',#2286,#2287,#2976,.T.);
#1859=EDGE_CURVE('',#2287,#2356,#2977,.T.);
#1860=EDGE_CURVE('',#2287,#2288,#2978,.T.);
#1861=EDGE_CURVE('',#2288,#2357,#2979,.T.);
#1862=EDGE_CURVE('',#2288,#2289,#2980,.T.);
#1863=EDGE_CURVE('',#2289,#2358,#2981,.T.);
#1864=EDGE_CURVE('',#2289,#2290,#2982,.T.);
#1865=EDGE_CURVE('',#2290,#2359,#2983,.T.);
#1866=EDGE_CURVE('',#2290,#2291,#2984,.T.);
#1867=EDGE_CURVE('',#2291,#2360,#2985,.T.);
#1868=EDGE_CURVE('',#2291,#2292,#2986,.T.);
#1869=EDGE_CURVE('',#2292,#2361,#2987,.T.);
#1870=EDGE_CURVE('',#2292,#2293,#2988,.T.);
#1871=EDGE_CURVE('',#2293,#2362,#2989,.T.);
#1872=EDGE_CURVE('',#2293,#2260,#2990,.T.);
#1873=EDGE_CURVE('',#2294,#2365,#2600,.T.);
#1874=EDGE_CURVE('',#2294,#2363,#2601,.T.);
#1875=EDGE_CURVE('',#2299,#2300,#2991,.T.);
#1876=EDGE_CURVE('',#2305,#2306,#2992,.T.);
#1877=EDGE_CURVE('',#2309,#2310,#2993,.T.);
#1878=EDGE_CURVE('',#2301,#2311,#2994,.T.);
#1879=EDGE_CURVE('',#2317,#2299,#2995,.T.);
#1880=EDGE_CURVE('',#2313,#2316,#2996,.T.);
#1881=EDGE_CURVE('',#2307,#2320,#2997,.T.);
#1882=EDGE_CURVE('',#2303,#2312,#2998,.T.);
#1883=EDGE_CURVE('',#2295,#2308,#2999,.T.);
#1884=EDGE_CURVE('',#2306,#2319,#3000,.T.);
#1885=EDGE_CURVE('',#2320,#2298,#3001,.T.);
#1886=EDGE_CURVE('',#2326,#2317,#3002,.T.);
#1887=EDGE_CURVE('',#2318,#2327,#3003,.T.);
#1888=EDGE_CURVE('',#2300,#2323,#3004,.T.);
#1889=EDGE_CURVE('',#2321,#2326,#3005,.T.);
#1890=EDGE_CURVE('',#2328,#2296,#3006,.T.);
#1891=EDGE_CURVE('',#2324,#2322,#3007,.T.);
#1892=EDGE_CURVE('',#2329,#2330,#3008,.T.);
#1893=EDGE_CURVE('',#2331,#2330,#3009,.T.);
#1894=EDGE_CURVE('',#2331,#2332,#3010,.T.);
#1895=EDGE_CURVE('',#2333,#2332,#3011,.T.);
#1896=EDGE_CURVE('',#2333,#2334,#3012,.T.);
#1897=EDGE_CURVE('',#2334,#2335,#3013,.T.);
#1898=EDGE_CURVE('',#2336,#2335,#3014,.T.);
#1899=EDGE_CURVE('',#2337,#2336,#3015,.T.);
#1900=EDGE_CURVE('',#2338,#2337,#3016,.T.);
#1901=EDGE_CURVE('',#2338,#2339,#3017,.T.);
#1902=EDGE_CURVE('',#2340,#2339,#3018,.T.);
#1903=EDGE_CURVE('',#2341,#2340,#3019,.T.);
#1904=EDGE_CURVE('',#2341,#2342,#3020,.T.);
#1905=EDGE_CURVE('',#2343,#2342,#3021,.T.);
#1906=EDGE_CURVE('',#2343,#2344,#3022,.T.);
#1907=EDGE_CURVE('',#2345,#2344,#3023,.T.);
#1908=EDGE_CURVE('',#2346,#2345,#3024,.T.);
#1909=EDGE_CURVE('',#2346,#2347,#3025,.T.);
#1910=EDGE_CURVE('',#2348,#2347,#3026,.T.);
#1911=EDGE_CURVE('',#2349,#2348,#3027,.T.);
#1912=EDGE_CURVE('',#2350,#2349,#3028,.T.);
#1913=EDGE_CURVE('',#2350,#2351,#3029,.T.);
#1914=EDGE_CURVE('',#2352,#2351,#3030,.T.);
#1915=EDGE_CURVE('',#2352,#2353,#3031,.T.);
#1916=EDGE_CURVE('',#2353,#2354,#3032,.T.);
#1917=EDGE_CURVE('',#2354,#2355,#3033,.T.);
#1918=EDGE_CURVE('',#2355,#2356,#3034,.T.);
#1919=EDGE_CURVE('',#2356,#2357,#3035,.T.);
#1920=EDGE_CURVE('',#2358,#2357,#3036,.T.);
#1921=EDGE_CURVE('',#2358,#2359,#3037,.T.);
#1922=EDGE_CURVE('',#2359,#2360,#3038,.T.);
#1923=EDGE_CURVE('',#2361,#2360,#3039,.T.);
#1924=EDGE_CURVE('',#2361,#2362,#3040,.T.);
#1925=EDGE_CURVE('',#2329,#2362,#3041,.T.);
#1926=EDGE_CURVE('',#2362,#2327,#3042,.T.);
#1927=EDGE_CURVE('',#2318,#2361,#3043,.T.);
#1928=EDGE_CURVE('',#2319,#2360,#3044,.T.);
#1929=EDGE_CURVE('',#2306,#2359,#3045,.T.);
#1930=EDGE_CURVE('',#2300,#2356,#3046,.T.);
#1931=EDGE_CURVE('',#2355,#2299,#3047,.T.);
#1932=EDGE_CURVE('',#2354,#2317,#3048,.T.);
#1933=EDGE_CURVE('',#2353,#2326,#3049,.T.);
#1934=EDGE_CURVE('',#2321,#2352,#3050,.T.);
#1935=EDGE_CURVE('',#2316,#2347,#3051,.T.);
#1936=EDGE_CURVE('',#2343,#2309,#3052,.T.);
#1937=EDGE_CURVE('',#2312,#2342,#3053,.T.);
#1938=EDGE_CURVE('',#2320,#2334,#3054,.T.);
#1939=EDGE_CURVE('',#2308,#2332,#3055,.T.);
#1940=EDGE_CURVE('',#2296,#2330,#3056,.T.);
#1941=EDGE_CURVE('',#2295,#2331,#3057,.T.);
#1942=EDGE_CURVE('',#2295,#2296,#2602,.T.);
#1943=EDGE_CURVE('',#2307,#2333,#3058,.T.);
#1944=EDGE_CURVE('',#2307,#2308,#2603,.T.);
#1945=EDGE_CURVE('',#2336,#2297,#3059,.T.);
#1946=EDGE_CURVE('',#2335,#2298,#3060,.T.);
#1947=EDGE_CURVE('',#2297,#2298,#2604,.T.);
#1948=EDGE_CURVE('',#2302,#2297,#2605,.T.);
#1949=EDGE_CURVE('',#2301,#2338,#3061,.T.);
#1950=EDGE_CURVE('',#2302,#2337,#3062,.T.);
#1951=EDGE_CURVE('',#2301,#2302,#2606,.T.);
#1952=EDGE_CURVE('',#2311,#2339,#3063,.T.);
#1953=EDGE_CURVE('',#2304,#2311,#2607,.T.);
#1954=EDGE_CURVE('',#2303,#2341,#3064,.T.);
#1955=EDGE_CURVE('',#2340,#2304,#3065,.T.);
#1956=EDGE_CURVE('',#2303,#2304,#2608,.T.);
#1957=EDGE_CURVE('',#2309,#2312,#2609,.T.);
#1958=EDGE_CURVE('',#2314,#2345,#3066,.T.);
#1959=EDGE_CURVE('',#2310,#2344,#3067,.T.);
#1960=EDGE_CURVE('',#2314,#2310,#2610,.T.);
#1961=EDGE_CURVE('',#2346,#2313,#3068,.T.);
#1962=EDGE_CURVE('',#2313,#2314,#2611,.T.);
#1963=EDGE_CURVE('',#2315,#2316,#2612,.T.);
#1964=EDGE_CURVE('',#2315,#2348,#3069,.T.);
#1965=EDGE_CURVE('',#2325,#2315,#2613,.T.);
#1966=EDGE_CURVE('',#2350,#2324,#3070,.T.);
#1967=EDGE_CURVE('',#2325,#2349,#3071,.T.);
#1968=EDGE_CURVE('',#2324,#2325,#2614,.T.);
#1969=EDGE_CURVE('',#2322,#2351,#3072,.T.);
#1970=EDGE_CURVE('',#2321,#2322,#2615,.T.);
#1971=EDGE_CURVE('',#2358,#2305,#3073,.T.);
#1972=EDGE_CURVE('',#2357,#2323,#3074,.T.);
#1973=EDGE_CURVE('',#2305,#2323,#2616,.T.);
#1974=EDGE_CURVE('',#2318,#2319,#2617,.T.);
#1975=EDGE_CURVE('',#2329,#2328,#3075,.T.);
#1976=EDGE_CURVE('',#2328,#2327,#2618,.T.);
#1977=EDGE_CURVE('',#2363,#2366,#2619,.T.);
#1978=EDGE_CURVE('',#2363,#2364,#2620,.T.);
#1979=EDGE_CURVE('',#2364,#2367,#2621,.T.);
#1980=EDGE_CURVE('',#2365,#2366,#2622,.T.);
#1981=EDGE_CURVE('',#2365,#2294,#2623,.T.);
#1982=EDGE_CURVE('',#2366,#2363,#2624,.T.);
#1983=EDGE_CURVE('',#2366,#2367,#2625,.T.);
#1984=EDGE_CURVE('',#2367,#2364,#2626,.T.);
#1985=EDGE_CURVE('',#2368,#2369,#3076,.T.);
#1986=EDGE_CURVE('',#2369,#2386,#3077,.T.);
#1987=EDGE_CURVE('',#2368,#2387,#3078,.T.);
#1988=EDGE_CURVE('',#2369,#2370,#3079,.T.);
#1989=EDGE_CURVE('',#2370,#2388,#3080,.T.);
#1990=EDGE_CURVE('',#2370,#2371,#3081,.T.);
#1991=EDGE_CURVE('',#2371,#2389,#3082,.T.);
#1992=EDGE_CURVE('',#2371,#2372,#3083,.T.);
#1993=EDGE_CURVE('',#2372,#2390,#3084,.T.);
#1994=EDGE_CURVE('',#2372,#2373,#3085,.T.);
#1995=EDGE_CURVE('',#2373,#2391,#3086,.T.);
#1996=EDGE_CURVE('',#2373,#2374,#3087,.T.);
#1997=EDGE_CURVE('',#2374,#2392,#3088,.T.);
#1998=EDGE_CURVE('',#2374,#2375,#3089,.T.);
#1999=EDGE_CURVE('',#2375,#2393,#3090,.T.);
#2000=EDGE_CURVE('',#2375,#2376,#3091,.T.);
#2001=EDGE_CURVE('',#2376,#2394,#3092,.T.);
#2002=EDGE_CURVE('',#2376,#2368,#3093,.T.);
#2003=EDGE_CURVE('',#2377,#2378,#3094,.T.);
#2004=EDGE_CURVE('',#2384,#2385,#3095,.T.);
#2005=EDGE_CURVE('',#2379,#2382,#3096,.T.);
#2006=EDGE_CURVE('',#2383,#2384,#3097,.T.);
#2007=EDGE_CURVE('',#2385,#2380,#3098,.T.);
#2008=EDGE_CURVE('',#2386,#2387,#3099,.T.);
#2009=EDGE_CURVE('',#2386,#2388,#3100,.T.);
#2010=EDGE_CURVE('',#2389,#2390,#3101,.T.);
#2011=EDGE_CURVE('',#2391,#2390,#3102,.T.);
#2012=EDGE_CURVE('',#2391,#2392,#3103,.T.);
#2013=EDGE_CURVE('',#2393,#2392,#3104,.T.);
#2014=EDGE_CURVE('',#2394,#2393,#3105,.T.);
#2015=EDGE_CURVE('',#2394,#2387,#3106,.T.);
#2016=EDGE_CURVE('',#2378,#2387,#3107,.T.);
#2017=EDGE_CURVE('',#2382,#2392,#3108,.T.);
#2018=EDGE_CURVE('',#2380,#2390,#3109,.T.);
#2019=EDGE_CURVE('',#2385,#2389,#3110,.T.);
#2020=EDGE_CURVE('',#2388,#2389,#2627,.T.);
#2021=EDGE_CURVE('',#2388,#2384,#3111,.T.);
#2022=EDGE_CURVE('',#2386,#2383,#3112,.T.);
#2023=EDGE_CURVE('',#2383,#2378,#2628,.T.);
#2024=EDGE_CURVE('',#2391,#2379,#3113,.T.);
#2025=EDGE_CURVE('',#2379,#2380,#2629,.T.);
#2026=EDGE_CURVE('',#2381,#2382,#2630,.T.);
#2027=EDGE_CURVE('',#2394,#2377,#3114,.T.);
#2028=EDGE_CURVE('',#2393,#2381,#3115,.T.);
#2029=EDGE_CURVE('',#2377,#2381,#2631,.T.);
#2030=EDGE_CURVE('',#2395,#2396,#3116,.T.);
#2031=EDGE_CURVE('',#2396,#2397,#3117,.T.);
#2032=EDGE_CURVE('',#2397,#2398,#3118,.T.);
#2033=EDGE_CURVE('',#2398,#2399,#3119,.T.);
#2034=EDGE_CURVE('',#2399,#2400,#3120,.T.);
#2035=EDGE_CURVE('',#2400,#2401,#3121,.T.);
#2036=EDGE_CURVE('',#2401,#2402,#3122,.T.);
#2037=EDGE_CURVE('',#2402,#2403,#3123,.T.);
#2038=EDGE_CURVE('',#2403,#2404,#3124,.T.);
#2039=EDGE_CURVE('',#2404,#2405,#3125,.T.);
#2040=EDGE_CURVE('',#2405,#2406,#3126,.T.);
#2041=EDGE_CURVE('',#2406,#2407,#3127,.T.);
#2042=EDGE_CURVE('',#2407,#2408,#3128,.T.);
#2043=EDGE_CURVE('',#2408,#2409,#3129,.T.);
#2044=EDGE_CURVE('',#2409,#2410,#3130,.T.);
#2045=EDGE_CURVE('',#2410,#2411,#3131,.T.);
#2046=EDGE_CURVE('',#2411,#2412,#3132,.T.);
#2047=EDGE_CURVE('',#2412,#2413,#3133,.T.);
#2048=EDGE_CURVE('',#2413,#2414,#3134,.T.);
#2049=EDGE_CURVE('',#2414,#2415,#3135,.T.);
#2050=EDGE_CURVE('',#2415,#2416,#3136,.T.);
#2051=EDGE_CURVE('',#2416,#2417,#3137,.T.);
#2052=EDGE_CURVE('',#2417,#2418,#3138,.T.);
#2053=EDGE_CURVE('',#2418,#2419,#3139,.T.);
#2054=EDGE_CURVE('',#2419,#2420,#3140,.T.);
#2055=EDGE_CURVE('',#2420,#2421,#3141,.T.);
#2056=EDGE_CURVE('',#2421,#2422,#3142,.T.);
#2057=EDGE_CURVE('',#2422,#2423,#3143,.T.);
#2058=EDGE_CURVE('',#2423,#2424,#3144,.T.);
#2059=EDGE_CURVE('',#2424,#2425,#3145,.T.);
#2060=EDGE_CURVE('',#2425,#2426,#3146,.T.);
#2061=EDGE_CURVE('',#2426,#2427,#3147,.T.);
#2062=EDGE_CURVE('',#2427,#2428,#3148,.T.);
#2063=EDGE_CURVE('',#2428,#2395,#3149,.T.);
#2064=EDGE_CURVE('',#2429,#2430,#3150,.T.);
#2065=EDGE_CURVE('',#2430,#2431,#3151,.T.);
#2066=EDGE_CURVE('',#2431,#2432,#3152,.T.);
#2067=EDGE_CURVE('',#2432,#2433,#3153,.T.);
#2068=EDGE_CURVE('',#2433,#2434,#3154,.T.);
#2069=EDGE_CURVE('',#2434,#2435,#3155,.T.);
#2070=EDGE_CURVE('',#2435,#2436,#3156,.T.);
#2071=EDGE_CURVE('',#2436,#2437,#3157,.T.);
#2072=EDGE_CURVE('',#2437,#2429,#3158,.T.);
#2073=EDGE_CURVE('',#2438,#2444,#3159,.T.);
#2074=EDGE_CURVE('',#2439,#2451,#3160,.T.);
#2075=EDGE_CURVE('',#2440,#2462,#3161,.T.);
#2076=EDGE_CURVE('',#2441,#2473,#3162,.T.);
#2077=EDGE_CURVE('',#2442,#2438,#3163,.T.);
#2078=EDGE_CURVE('',#2443,#2442,#3164,.T.);
#2079=EDGE_CURVE('',#2444,#2443,#3165,.T.);
#2080=EDGE_CURVE('',#2445,#2439,#3166,.T.);
#2081=EDGE_CURVE('',#2446,#2445,#3167,.T.);
#2082=EDGE_CURVE('',#2447,#2446,#3168,.T.);
#2083=EDGE_CURVE('',#2448,#2447,#3169,.T.);
#2084=EDGE_CURVE('',#2449,#2448,#3170,.T.);
#2085=EDGE_CURVE('',#2450,#2449,#3171,.T.);
#2086=EDGE_CURVE('',#2451,#2450,#3172,.T.);
#2087=EDGE_CURVE('',#2452,#2440,#3173,.T.);
#2088=EDGE_CURVE('',#2453,#2452,#3174,.T.);
#2089=EDGE_CURVE('',#2454,#2453,#3175,.T.);
#2090=EDGE_CURVE('',#2455,#2454,#3176,.T.);
#2091=EDGE_CURVE('',#2456,#2455,#3177,.T.);
#2092=EDGE_CURVE('',#2457,#2456,#3178,.T.);
#2093=EDGE_CURVE('',#2458,#2457,#3179,.T.);
#2094=EDGE_CURVE('',#2459,#2458,#3180,.T.);
#2095=EDGE_CURVE('',#2460,#2459,#3181,.T.);
#2096=EDGE_CURVE('',#2461,#2460,#3182,.T.);
#2097=EDGE_CURVE('',#2462,#2461,#3183,.T.);
#2098=EDGE_CURVE('',#2463,#2441,#3184,.T.);
#2099=EDGE_CURVE('',#2464,#2463,#3185,.T.);
#2100=EDGE_CURVE('',#2465,#2464,#3186,.T.);
#2101=EDGE_CURVE('',#2466,#2465,#3187,.T.);
#2102=EDGE_CURVE('',#2467,#2466,#3188,.T.);
#2103=EDGE_CURVE('',#2468,#2467,#3189,.T.);
#2104=EDGE_CURVE('',#2469,#2468,#3190,.T.);
#2105=EDGE_CURVE('',#2470,#2469,#3191,.T.);
#2106=EDGE_CURVE('',#2471,#2470,#3192,.T.);
#2107=EDGE_CURVE('',#2472,#2471,#3193,.T.);
#2108=EDGE_CURVE('',#2473,#2472,#3194,.T.);
#2109=EDGE_CURVE('',#2474,#2476,#2632,.T.);
#2110=EDGE_CURVE('',#2476,#2477,#3195,.T.);
#2111=EDGE_CURVE('',#2477,#2478,#2633,.T.);
#2112=EDGE_CURVE('',#2478,#2479,#3196,.T.);
#2113=EDGE_CURVE('',#2479,#2480,#2634,.T.);
#2114=EDGE_CURVE('',#2480,#2481,#3197,.T.);
#2115=EDGE_CURVE('',#2481,#2475,#2635,.T.);
#2116=EDGE_CURVE('',#2474,#2478,#2636,.T.);
#2117=EDGE_CURVE('',#2479,#2475,#2637,.T.);
#2118=EDGE_CURVE('',#2475,#2474,#3198,.T.);
#2119=EDGE_CURVE('',#2484,#2482,#3199,.T.);
#2120=EDGE_CURVE('',#2483,#2485,#3200,.T.);
#2121=EDGE_CURVE('',#2486,#2487,#3201,.T.);
#2122=EDGE_CURVE('',#2488,#2489,#3202,.T.);
#2123=EDGE_CURVE('',#2490,#2491,#3203,.T.);
#2124=EDGE_CURVE('',#2491,#2474,#3204,.T.);
#2125=EDGE_CURVE('',#2490,#2475,#3205,.T.);
#2126=EDGE_CURVE('',#2491,#2492,#2638,.T.);
#2127=EDGE_CURVE('',#2492,#2476,#2639,.T.);
#2128=EDGE_CURVE('',#2492,#2493,#3206,.T.);
#2129=EDGE_CURVE('',#2493,#2477,#3207,.T.);
#2130=EDGE_CURVE('',#2493,#2494,#2640,.T.);
#2131=EDGE_CURVE('',#2494,#2478,#2641,.T.);
#2132=EDGE_CURVE('',#2494,#2495,#3208,.T.);
#2133=EDGE_CURVE('',#2495,#2479,#3209,.T.);
#2134=EDGE_CURVE('',#2495,#2496,#2642,.T.);
#2135=EDGE_CURVE('',#2496,#2480,#2643,.T.);
#2136=EDGE_CURVE('',#2496,#2497,#3210,.T.);
#2137=EDGE_CURVE('',#2497,#2481,#3211,.T.);
#2138=EDGE_CURVE('',#2497,#2490,#2644,.T.);
#2139=EDGE_CURVE('',#2486,#2490,#2645,.T.);
#2140=EDGE_CURVE('',#2491,#2487,#2646,.T.);
#2141=EDGE_CURVE('',#2487,#2488,#2647,.T.);
#2142=EDGE_CURVE('',#2492,#2488,#2648,.T.);
#2143=EDGE_CURVE('',#2493,#2489,#2649,.T.);
#2144=EDGE_CURVE('',#2489,#2484,#2650,.T.);
#2145=EDGE_CURVE('',#2494,#2484,#2651,.T.);
#2146=EDGE_CURVE('',#2495,#2482,#2652,.T.);
#2147=EDGE_CURVE('',#2482,#2483,#2653,.T.);
#2148=EDGE_CURVE('',#2496,#2483,#2654,.T.);
#2149=EDGE_CURVE('',#2485,#2486,#2655,.T.);
#2150=EDGE_CURVE('',#2485,#2497,#2656,.T.);
#2151=VERTEX_POINT('',#3529);
#2152=VERTEX_POINT('',#3635);
#2153=VERTEX_POINT('',#3636);
#2154=VERTEX_POINT('',#3637);
#2155=VERTEX_POINT('',#3638);
#2156=VERTEX_POINT('',#3639);
#2157=VERTEX_POINT('',#3640);
#2158=VERTEX_POINT('',#3641);
#2159=VERTEX_POINT('',#3642);
#2160=VERTEX_POINT('',#3643);
#2161=VERTEX_POINT('',#3644);
#2162=VERTEX_POINT('',#3645);
#2163=VERTEX_POINT('',#3646);
#2164=VERTEX_POINT('',#3647);
#2165=VERTEX_POINT('',#3648);
#2166=VERTEX_POINT('',#3649);
#2167=VERTEX_POINT('',#3650);
#2168=VERTEX_POINT('',#3651);
#2169=VERTEX_POINT('',#3652);
#2170=VERTEX_POINT('',#3653);
#2171=VERTEX_POINT('',#3654);
#2172=VERTEX_POINT('',#3655);
#2173=VERTEX_POINT('',#3656);
#2174=VERTEX_POINT('',#3657);
#2175=VERTEX_POINT('',#3658);
#2176=VERTEX_POINT('',#3659);
#2177=VERTEX_POINT('',#3660);
#2178=VERTEX_POINT('',#3661);
#2179=VERTEX_POINT('',#3662);
#2180=VERTEX_POINT('',#3663);
#2181=VERTEX_POINT('',#3664);
#2182=VERTEX_POINT('',#3665);
#2183=VERTEX_POINT('',#3666);
#2184=VERTEX_POINT('',#3667);
#2185=VERTEX_POINT('',#3668);
#2186=VERTEX_POINT('',#3669);
#2187=VERTEX_POINT('',#3670);
#2188=VERTEX_POINT('',#3996);
#2189=VERTEX_POINT('',#3997);
#2190=VERTEX_POINT('',#3998);
#2191=VERTEX_POINT('',#3999);
#2192=VERTEX_POINT('',#4000);
#2193=VERTEX_POINT('',#4001);
#2194=VERTEX_POINT('',#4002);
#2195=VERTEX_POINT('',#4003);
#2196=VERTEX_POINT('',#4004);
#2197=VERTEX_POINT('',#4005);
#2198=VERTEX_POINT('',#4006);
#2199=VERTEX_POINT('',#4007);
#2200=VERTEX_POINT('',#4008);
#2201=VERTEX_POINT('',#4009);
#2202=VERTEX_POINT('',#4010);
#2203=VERTEX_POINT('',#4011);
#2204=VERTEX_POINT('',#4012);
#2205=VERTEX_POINT('',#4013);
#2206=VERTEX_POINT('',#4014);
#2207=VERTEX_POINT('',#4015);
#2208=VERTEX_POINT('',#4016);
#2209=VERTEX_POINT('',#4017);
#2210=VERTEX_POINT('',#4018);
#2211=VERTEX_POINT('',#4019);
#2212=VERTEX_POINT('',#4020);
#2213=VERTEX_POINT('',#4021);
#2214=VERTEX_POINT('',#4022);
#2215=VERTEX_POINT('',#4023);
#2216=VERTEX_POINT('',#4024);
#2217=VERTEX_POINT('',#4025);
#2218=VERTEX_POINT('',#4026);
#2219=VERTEX_POINT('',#4027);
#2220=VERTEX_POINT('',#4028);
#2221=VERTEX_POINT('',#4029);
#2222=VERTEX_POINT('',#4030);
#2223=VERTEX_POINT('',#4031);
#2224=VERTEX_POINT('',#4301);
#2225=VERTEX_POINT('',#4302);
#2226=VERTEX_POINT('',#4303);
#2227=VERTEX_POINT('',#4304);
#2228=VERTEX_POINT('',#4305);
#2229=VERTEX_POINT('',#4306);
#2230=VERTEX_POINT('',#4307);
#2231=VERTEX_POINT('',#4308);
#2232=VERTEX_POINT('',#4309);
#2233=VERTEX_POINT('',#4310);
#2234=VERTEX_POINT('',#4311);
#2235=VERTEX_POINT('',#4312);
#2236=VERTEX_POINT('',#4450);
#2237=VERTEX_POINT('',#4451);
#2238=VERTEX_POINT('',#4452);
#2239=VERTEX_POINT('',#4453);
#2240=VERTEX_POINT('',#4454);
#2241=VERTEX_POINT('',#4455);
#2242=VERTEX_POINT('',#4456);
#2243=VERTEX_POINT('',#4457);
#2244=VERTEX_POINT('',#4458);
#2245=VERTEX_POINT('',#4459);
#2246=VERTEX_POINT('',#4460);
#2247=VERTEX_POINT('',#4461);
#2248=VERTEX_POINT('',#4462);
#2249=VERTEX_POINT('',#4463);
#2250=VERTEX_POINT('',#4464);
#2251=VERTEX_POINT('',#4465);
#2252=VERTEX_POINT('',#4466);
#2253=VERTEX_POINT('',#4467);
#2254=VERTEX_POINT('',#4468);
#2255=VERTEX_POINT('',#4469);
#2256=VERTEX_POINT('',#4470);
#2257=VERTEX_POINT('',#4471);
#2258=VERTEX_POINT('',#4472);
#2259=VERTEX_POINT('',#4473);
#2260=VERTEX_POINT('',#4947);
#2261=VERTEX_POINT('',#4948);
#2262=VERTEX_POINT('',#4949);
#2263=VERTEX_POINT('',#4950);
#2264=VERTEX_POINT('',#4951);
#2265=VERTEX_POINT('',#4952);
#2266=VERTEX_POINT('',#4953);
#2267=VERTEX_POINT('',#4954);
#2268=VERTEX_POINT('',#4955);
#2269=VERTEX_POINT('',#4956);
#2270=VERTEX_POINT('',#4957);
#2271=VERTEX_POINT('',#4958);
#2272=VERTEX_POINT('',#4959);
#2273=VERTEX_POINT('',#4960);
#2274=VERTEX_POINT('',#4961);
#2275=VERTEX_POINT('',#4962);
#2276=VERTEX_POINT('',#4963);
#2277=VERTEX_POINT('',#4964);
#2278=VERTEX_POINT('',#4965);
#2279=VERTEX_POINT('',#4966);
#2280=VERTEX_POINT('',#4967);
#2281=VERTEX_POINT('',#4968);
#2282=VERTEX_POINT('',#4969);
#2283=VERTEX_POINT('',#4970);
#2284=VERTEX_POINT('',#4971);
#2285=VERTEX_POINT('',#4972);
#2286=VERTEX_POINT('',#4973);
#2287=VERTEX_POINT('',#4974);
#2288=VERTEX_POINT('',#4975);
#2289=VERTEX_POINT('',#4976);
#2290=VERTEX_POINT('',#4977);
#2291=VERTEX_POINT('',#4978);
#2292=VERTEX_POINT('',#4979);
#2293=VERTEX_POINT('',#4980);
#2294=VERTEX_POINT('',#4981);
#2295=VERTEX_POINT('',#4982);
#2296=VERTEX_POINT('',#4983);
#2297=VERTEX_POINT('',#4984);
#2298=VERTEX_POINT('',#4985);
#2299=VERTEX_POINT('',#4986);
#2300=VERTEX_POINT('',#4987);
#2301=VERTEX_POINT('',#4988);
#2302=VERTEX_POINT('',#4989);
#2303=VERTEX_POINT('',#4990);
#2304=VERTEX_POINT('',#4991);
#2305=VERTEX_POINT('',#4992);
#2306=VERTEX_POINT('',#4993);
#2307=VERTEX_POINT('',#4994);
#2308=VERTEX_POINT('',#4995);
#2309=VERTEX_POINT('',#4996);
#2310=VERTEX_POINT('',#4997);
#2311=VERTEX_POINT('',#4998);
#2312=VERTEX_POINT('',#4999);
#2313=VERTEX_POINT('',#5000);
#2314=VERTEX_POINT('',#5001);
#2315=VERTEX_POINT('',#5002);
#2316=VERTEX_POINT('',#5003);
#2317=VERTEX_POINT('',#5004);
#2318=VERTEX_POINT('',#5005);
#2319=VERTEX_POINT('',#5006);
#2320=VERTEX_POINT('',#5007);
#2321=VERTEX_POINT('',#5008);
#2322=VERTEX_POINT('',#5009);
#2323=VERTEX_POINT('',#5010);
#2324=VERTEX_POINT('',#5011);
#2325=VERTEX_POINT('',#5012);
#2326=VERTEX_POINT('',#5013);
#2327=VERTEX_POINT('',#5014);
#2328=VERTEX_POINT('',#5015);
#2329=VERTEX_POINT('',#5016);
#2330=VERTEX_POINT('',#5017);
#2331=VERTEX_POINT('',#5018);
#2332=VERTEX_POINT('',#5019);
#2333=VERTEX_POINT('',#5020);
#2334=VERTEX_POINT('',#5021);
#2335=VERTEX_POINT('',#5022);
#2336=VERTEX_POINT('',#5023);
#2337=VERTEX_POINT('',#5024);
#2338=VERTEX_POINT('',#5025);
#2339=VERTEX_POINT('',#5026);
#2340=VERTEX_POINT('',#5027);
#2341=VERTEX_POINT('',#5028);
#2342=VERTEX_POINT('',#5029);
#2343=VERTEX_POINT('',#5030);
#2344=VERTEX_POINT('',#5031);
#2345=VERTEX_POINT('',#5032);
#2346=VERTEX_POINT('',#5033);
#2347=VERTEX_POINT('',#5034);
#2348=VERTEX_POINT('',#5035);
#2349=VERTEX_POINT('',#5036);
#2350=VERTEX_POINT('',#5037);
#2351=VERTEX_POINT('',#5038);
#2352=VERTEX_POINT('',#5039);
#2353=VERTEX_POINT('',#5040);
#2354=VERTEX_POINT('',#5041);
#2355=VERTEX_POINT('',#5042);
#2356=VERTEX_POINT('',#5043);
#2357=VERTEX_POINT('',#5044);
#2358=VERTEX_POINT('',#5045);
#2359=VERTEX_POINT('',#5046);
#2360=VERTEX_POINT('',#5047);
#2361=VERTEX_POINT('',#5048);
#2362=VERTEX_POINT('',#5049);
#2363=VERTEX_POINT('',#5050);
#2364=VERTEX_POINT('',#5051);
#2365=VERTEX_POINT('',#5052);
#2366=VERTEX_POINT('',#5053);
#2367=VERTEX_POINT('',#5054);
#2368=VERTEX_POINT('',#5847);
#2369=VERTEX_POINT('',#5848);
#2370=VERTEX_POINT('',#5849);
#2371=VERTEX_POINT('',#5850);
#2372=VERTEX_POINT('',#5851);
#2373=VERTEX_POINT('',#5852);
#2374=VERTEX_POINT('',#5853);
#2375=VERTEX_POINT('',#5854);
#2376=VERTEX_POINT('',#5855);
#2377=VERTEX_POINT('',#5856);
#2378=VERTEX_POINT('',#5857);
#2379=VERTEX_POINT('',#5858);
#2380=VERTEX_POINT('',#5859);
#2381=VERTEX_POINT('',#5860);
#2382=VERTEX_POINT('',#5861);
#2383=VERTEX_POINT('',#5862);
#2384=VERTEX_POINT('',#5863);
#2385=VERTEX_POINT('',#5864);
#2386=VERTEX_POINT('',#5865);
#2387=VERTEX_POINT('',#5866);
#2388=VERTEX_POINT('',#5867);
#2389=VERTEX_POINT('',#5868);
#2390=VERTEX_POINT('',#5869);
#2391=VERTEX_POINT('',#5870);
#2392=VERTEX_POINT('',#5871);
#2393=VERTEX_POINT('',#5872);
#2394=VERTEX_POINT('',#5873);
#2395=VERTEX_POINT('',#6178);
#2396=VERTEX_POINT('',#6179);
#2397=VERTEX_POINT('',#6180);
#2398=VERTEX_POINT('',#6181);
#2399=VERTEX_POINT('',#6182);
#2400=VERTEX_POINT('',#6183);
#2401=VERTEX_POINT('',#6184);
#2402=VERTEX_POINT('',#6185);
#2403=VERTEX_POINT('',#6186);
#2404=VERTEX_POINT('',#6187);
#2405=VERTEX_POINT('',#6188);
#2406=VERTEX_POINT('',#6189);
#2407=VERTEX_POINT('',#6190);
#2408=VERTEX_POINT('',#6191);
#2409=VERTEX_POINT('',#6192);
#2410=VERTEX_POINT('',#6193);
#2411=VERTEX_POINT('',#6194);
#2412=VERTEX_POINT('',#6195);
#2413=VERTEX_POINT('',#6196);
#2414=VERTEX_POINT('',#6197);
#2415=VERTEX_POINT('',#6198);
#2416=VERTEX_POINT('',#6199);
#2417=VERTEX_POINT('',#6200);
#2418=VERTEX_POINT('',#6201);
#2419=VERTEX_POINT('',#6202);
#2420=VERTEX_POINT('',#6203);
#2421=VERTEX_POINT('',#6204);
#2422=VERTEX_POINT('',#6205);
#2423=VERTEX_POINT('',#6206);
#2424=VERTEX_POINT('',#6207);
#2425=VERTEX_POINT('',#6208);
#2426=VERTEX_POINT('',#6209);
#2427=VERTEX_POINT('',#6210);
#2428=VERTEX_POINT('',#6211);
#2429=VERTEX_POINT('',#6212);
#2430=VERTEX_POINT('',#6213);
#2431=VERTEX_POINT('',#6214);
#2432=VERTEX_POINT('',#6215);
#2433=VERTEX_POINT('',#6216);
#2434=VERTEX_POINT('',#6217);
#2435=VERTEX_POINT('',#6218);
#2436=VERTEX_POINT('',#6219);
#2437=VERTEX_POINT('',#6220);
#2438=VERTEX_POINT('',#6221);
#2439=VERTEX_POINT('',#6222);
#2440=VERTEX_POINT('',#6223);
#2441=VERTEX_POINT('',#6224);
#2442=VERTEX_POINT('',#6225);
#2443=VERTEX_POINT('',#6226);
#2444=VERTEX_POINT('',#6227);
#2445=VERTEX_POINT('',#6228);
#2446=VERTEX_POINT('',#6229);
#2447=VERTEX_POINT('',#6230);
#2448=VERTEX_POINT('',#6231);
#2449=VERTEX_POINT('',#6232);
#2450=VERTEX_POINT('',#6233);
#2451=VERTEX_POINT('',#6234);
#2452=VERTEX_POINT('',#6235);
#2453=VERTEX_POINT('',#6236);
#2454=VERTEX_POINT('',#6237);
#2455=VERTEX_POINT('',#6238);
#2456=VERTEX_POINT('',#6239);
#2457=VERTEX_POINT('',#6240);
#2458=VERTEX_POINT('',#6241);
#2459=VERTEX_POINT('',#6242);
#2460=VERTEX_POINT('',#6243);
#2461=VERTEX_POINT('',#6244);
#2462=VERTEX_POINT('',#6245);
#2463=VERTEX_POINT('',#6246);
#2464=VERTEX_POINT('',#6247);
#2465=VERTEX_POINT('',#6248);
#2466=VERTEX_POINT('',#6249);
#2467=VERTEX_POINT('',#6250);
#2468=VERTEX_POINT('',#6251);
#2469=VERTEX_POINT('',#6252);
#2470=VERTEX_POINT('',#6253);
#2471=VERTEX_POINT('',#6254);
#2472=VERTEX_POINT('',#6255);
#2473=VERTEX_POINT('',#6256);
#2474=VERTEX_POINT('',#6257);
#2475=VERTEX_POINT('',#6258);
#2476=VERTEX_POINT('',#6259);
#2477=VERTEX_POINT('',#6260);
#2478=VERTEX_POINT('',#6261);
#2479=VERTEX_POINT('',#6262);
#2480=VERTEX_POINT('',#6263);
#2481=VERTEX_POINT('',#6264);
#2482=VERTEX_POINT('',#6265);
#2483=VERTEX_POINT('',#6266);
#2484=VERTEX_POINT('',#6267);
#2485=VERTEX_POINT('',#6268);
#2486=VERTEX_POINT('',#6269);
#2487=VERTEX_POINT('',#6270);
#2488=VERTEX_POINT('',#6271);
#2489=VERTEX_POINT('',#6272);
#2490=VERTEX_POINT('',#6273);
#2491=VERTEX_POINT('',#6274);
#2492=VERTEX_POINT('',#6275);
#2493=VERTEX_POINT('',#6276);
#2494=VERTEX_POINT('',#6277);
#2495=VERTEX_POINT('',#6278);
#2496=VERTEX_POINT('',#6279);
#2497=VERTEX_POINT('',#6280);
#2498=PLANE('',#3232);
#2499=PLANE('',#3233);
#2500=PLANE('',#3234);
#2501=PLANE('',#3235);
#2502=PLANE('',#3236);
#2503=PLANE('',#3237);
#2504=PLANE('',#3238);
#2505=PLANE('',#3239);
#2506=PLANE('',#3240);
#2507=PLANE('',#3241);
#2508=PLANE('',#3242);
#2509=PLANE('',#3243);
#2510=PLANE('',#3244);
#2511=PLANE('',#3245);
#2512=PLANE('',#3246);
#2513=PLANE('',#3247);
#2514=PLANE('',#3248);
#2515=PLANE('',#3249);
#2516=PLANE('',#3250);
#2517=PLANE('',#3251);
#2518=PLANE('',#3252);
#2519=PLANE('',#3253);
#2520=PLANE('',#3254);
#2521=PLANE('',#3255);
#2522=PLANE('',#3256);
#2523=PLANE('',#3257);
#2524=PLANE('',#3258);
#2525=PLANE('',#3259);
#2526=PLANE('',#3260);
#2527=PLANE('',#3261);
#2528=PLANE('',#3262);
#2529=PLANE('',#3263);
#2530=PLANE('',#3264);
#2531=PLANE('',#3265);
#2532=PLANE('',#3266);
#2533=PLANE('',#3267);
#2534=PLANE('',#3268);
#2535=PLANE('',#3269);
#2536=PLANE('',#3270);
#2537=PLANE('',#3271);
#2538=PLANE('',#3272);
#2539=PLANE('',#3273);
#2540=PLANE('',#3274);
#2541=PLANE('',#3275);
#2542=PLANE('',#3276);
#2543=PLANE('',#3277);
#2544=PLANE('',#3278);
#2545=PLANE('',#3279);
#2546=PLANE('',#3280);
#2547=PLANE('',#3281);
#2548=PLANE('',#3282);
#2549=PLANE('',#3283);
#2550=PLANE('',#3284);
#2551=PLANE('',#3285);
#2552=PLANE('',#3286);
#2553=PLANE('',#3287);
#2554=PLANE('',#3288);
#2555=PLANE('',#3289);
#2556=PLANE('',#3290);
#2557=PLANE('',#3291);
#2558=PLANE('',#3292);
#2559=PLANE('',#3293);
#2560=PLANE('',#3294);
#2561=PLANE('',#3295);
#2562=PLANE('',#3296);
#2563=PLANE('',#3297);
#2564=PLANE('',#3298);
#2565=PLANE('',#3299);
#2566=PLANE('',#3300);
#2567=PLANE('',#3301);
#2568=PLANE('',#3302);
#2569=PLANE('',#3303);
#2570=PLANE('',#3304);
#2571=PLANE('',#3305);
#2572=PLANE('',#3306);
#2573=PLANE('',#3307);
#2574=PLANE('',#3308);
#2575=PLANE('',#3309);
#2576=PLANE('',#3310);
#2577=PLANE('',#3311);
#2578=PLANE('',#3312);
#2579=PLANE('',#3313);
#2580=PLANE('',#3314);
#2581=PLANE('',#3315);
#2582=PLANE('',#3316);
#2583=PLANE('',#3317);
#2584=PLANE('',#3318);
#2585=PLANE('',#3319);
#2586=PLANE('',#3320);
#2587=PLANE('',#3321);
#2588=PLANE('',#3322);
#2589=PLANE('',#3323);
#2590=(
BOUNDED_CURVE()
B_SPLINE_CURVE(2,(#3484,#3485,#3486,#3487,#3488,#3489,#3490,#3491,#3492),
 .UNSPECIFIED.,.T.,.F.)
B_SPLINE_CURVE_WITH_KNOTS((3,2,2,2,3),(0.,0.846502583306626,1.69300516661325,
2.53950774991988,3.38601033322651),.UNSPECIFIED.)
CURVE()
GEOMETRIC_REPRESENTATION_ITEM()
RATIONAL_B_SPLINE_CURVE((1.,0.707106781186548,1.,0.707106781186548,1.,0.707106781186548,
1.,0.707106781186548,1.))
REPRESENTATION_ITEM('')
);
#2591=(
BOUNDED_CURVE()
B_SPLINE_CURVE(2,(#3530,#3531,#3532,#3533,#3534,#3535,#3536,#3537,#3538),
 .UNSPECIFIED.,.T.,.F.)
B_SPLINE_CURVE_WITH_KNOTS((3,2,2,2,3),(0.,0.846502583306626,1.69300516661325,
2.53950774991988,3.38601033322651),.UNSPECIFIED.)
CURVE()
GEOMETRIC_REPRESENTATION_ITEM()
RATIONAL_B_SPLINE_CURVE((1.,0.707106781186548,1.,0.707106781186548,1.,0.707106781186548,
1.,0.707106781186548,1.))
REPRESENTATION_ITEM('')
);
#2592=(
BOUNDED_CURVE()
B_SPLINE_CURVE(1,(#4124,#4125),.UNSPECIFIED.,.F.,.F.)
B_SPLINE_CURVE_WITH_KNOTS((2,2),(-0.398509010573168,22.8633047988231),
 .UNSPECIFIED.)
CURVE()
GEOMETRIC_REPRESENTATION_ITEM()
RATIONAL_B_SPLINE_CURVE((1.,1.))
REPRESENTATION_ITEM('')
);
#2593=(
BOUNDED_CURVE()
B_SPLINE_CURVE(1,(#4138,#4139),.UNSPECIFIED.,.F.,.F.)
B_SPLINE_CURVE_WITH_KNOTS((2,2),(0.137134428205485,23.606439055898),
 .UNSPECIFIED.)
CURVE()
GEOMETRIC_REPRESENTATION_ITEM()
RATIONAL_B_SPLINE_CURVE((1.,1.))
REPRESENTATION_ITEM('')
);
#2594=(
BOUNDED_CURVE()
B_SPLINE_CURVE(1,(#4164,#4165),.UNSPECIFIED.,.F.,.F.)
B_SPLINE_CURVE_WITH_KNOTS((2,2),(-0.156834596812883,34.8852428238119),
 .UNSPECIFIED.)
CURVE()
GEOMETRIC_REPRESENTATION_ITEM()
RATIONAL_B_SPLINE_CURVE((1.,1.))
REPRESENTATION_ITEM('')
);
#2595=(
BOUNDED_CURVE()
B_SPLINE_CURVE(1,(#4178,#4179),.UNSPECIFIED.,.F.,.F.)
B_SPLINE_CURVE_WITH_KNOTS((2,2),(0.448204658021572,36.3043736568223),
 .UNSPECIFIED.)
CURVE()
GEOMETRIC_REPRESENTATION_ITEM()
RATIONAL_B_SPLINE_CURVE((1.,1.))
REPRESENTATION_ITEM('')
);
#2596=(
BOUNDED_CURVE()
B_SPLINE_CURVE(1,(#4204,#4205),.UNSPECIFIED.,.F.,.F.)
B_SPLINE_CURVE_WITH_KNOTS((2,2),(-0.398509010575479,22.8633047988203),
 .UNSPECIFIED.)
CURVE()
GEOMETRIC_REPRESENTATION_ITEM()
RATIONAL_B_SPLINE_CURVE((1.,1.))
REPRESENTATION_ITEM('')
);
#2597=(
BOUNDED_CURVE()
B_SPLINE_CURVE(1,(#4218,#4219),.UNSPECIFIED.,.F.,.F.)
B_SPLINE_CURVE_WITH_KNOTS((2,2),(0.137134428215359,23.6064390559013),
 .UNSPECIFIED.)
CURVE()
GEOMETRIC_REPRESENTATION_ITEM()
RATIONAL_B_SPLINE_CURVE((1.,1.))
REPRESENTATION_ITEM('')
);
#2598=(
BOUNDED_CURVE()
B_SPLINE_CURVE(1,(#4244,#4245),.UNSPECIFIED.,.F.,.F.)
B_SPLINE_CURVE_WITH_KNOTS((2,2),(-0.156834596818658,34.8852428238166),
 .UNSPECIFIED.)
CURVE()
GEOMETRIC_REPRESENTATION_ITEM()
RATIONAL_B_SPLINE_CURVE((1.,1.))
REPRESENTATION_ITEM('')
);
#2599=(
BOUNDED_CURVE()
B_SPLINE_CURVE(1,(#4270,#4271),.UNSPECIFIED.,.F.,.F.)
B_SPLINE_CURVE_WITH_KNOTS((2,2),(0.448204658020189,36.3043736568212),
 .UNSPECIFIED.)
CURVE()
GEOMETRIC_REPRESENTATION_ITEM()
RATIONAL_B_SPLINE_CURVE((1.,1.))
REPRESENTATION_ITEM('')
);
#2600=(
BOUNDED_CURVE()
B_SPLINE_CURVE(2,(#5191,#5192,#5193,#5194,#5195),.UNSPECIFIED.,.F.,.F.)
B_SPLINE_CURVE_WITH_KNOTS((3,2,3),(0.,0.846502583306626,1.69300516661325),
 .UNSPECIFIED.)
CURVE()
GEOMETRIC_REPRESENTATION_ITEM()
RATIONAL_B_SPLINE_CURVE((1.,0.707106781186548,1.,0.707106781186548,1.))
REPRESENTATION_ITEM('')
);
#2601=(
BOUNDED_CURVE()
B_SPLINE_CURVE(1,(#5196,#5197),.UNSPECIFIED.,.F.,.F.)
B_SPLINE_CURVE_WITH_KNOTS((2,2),(0.,1.75),.UNSPECIFIED.)
CURVE()
GEOMETRIC_REPRESENTATION_ITEM()
RATIONAL_B_SPLINE_CURVE((1.,1.))
REPRESENTATION_ITEM('')
);
#2602=(
BOUNDED_CURVE()
B_SPLINE_CURVE(1,(#5492,#5493),.UNSPECIFIED.,.F.,.F.)
B_SPLINE_CURVE_WITH_KNOTS((2,2),(0.62175623957396,13.6289391375524),
 .UNSPECIFIED.)
CURVE()
GEOMETRIC_REPRESENTATION_ITEM()
RATIONAL_B_SPLINE_CURVE((1.,1.))
REPRESENTATION_ITEM('')
);
#2603=(
BOUNDED_CURVE()
B_SPLINE_CURVE(1,(#5506,#5507),.UNSPECIFIED.,.F.,.F.)
B_SPLINE_CURVE_WITH_KNOTS((2,2),(0.106196076568201,18.1481586467733),
 .UNSPECIFIED.)
CURVE()
GEOMETRIC_REPRESENTATION_ITEM()
RATIONAL_B_SPLINE_CURVE((1.,1.))
REPRESENTATION_ITEM('')
);
#2604=(
BOUNDED_CURVE()
B_SPLINE_CURVE(1,(#5532,#5533),.UNSPECIFIED.,.F.,.F.)
B_SPLINE_CURVE_WITH_KNOTS((2,2),(0.331942718932825,18.3492183936224),
 .UNSPECIFIED.)
CURVE()
GEOMETRIC_REPRESENTATION_ITEM()
RATIONAL_B_SPLINE_CURVE((1.,1.))
REPRESENTATION_ITEM('')
);
#2605=(
BOUNDED_CURVE()
B_SPLINE_CURVE(1,(#5534,#5535),.UNSPECIFIED.,.F.,.F.)
B_SPLINE_CURVE_WITH_KNOTS((2,2),(0.131742033097735,22.9528913720173),
 .UNSPECIFIED.)
CURVE()
GEOMETRIC_REPRESENTATION_ITEM()
RATIONAL_B_SPLINE_CURVE((1.,1.))
REPRESENTATION_ITEM('')
);
#2606=(
BOUNDED_CURVE()
B_SPLINE_CURVE(1,(#5560,#5561),.UNSPECIFIED.,.F.,.F.)
B_SPLINE_CURVE_WITH_KNOTS((2,2),(-0.396450548514232,60.6124309527815),
 .UNSPECIFIED.)
CURVE()
GEOMETRIC_REPRESENTATION_ITEM()
RATIONAL_B_SPLINE_CURVE((1.,1.))
REPRESENTATION_ITEM('')
);
#2607=(
BOUNDED_CURVE()
B_SPLINE_CURVE(1,(#5574,#5575),.UNSPECIFIED.,.F.,.F.)
B_SPLINE_CURVE_WITH_KNOTS((2,2),(0.781302710278631,55.7597061875973),
 .UNSPECIFIED.)
CURVE()
GEOMETRIC_REPRESENTATION_ITEM()
RATIONAL_B_SPLINE_CURVE((1.,1.))
REPRESENTATION_ITEM('')
);
#2608=(
BOUNDED_CURVE()
B_SPLINE_CURVE(1,(#5600,#5601),.UNSPECIFIED.,.F.,.F.)
B_SPLINE_CURVE_WITH_KNOTS((2,2),(-0.209931822482528,31.3805844565523),
 .UNSPECIFIED.)
CURVE()
GEOMETRIC_REPRESENTATION_ITEM()
RATIONAL_B_SPLINE_CURVE((1.,1.))
REPRESENTATION_ITEM('')
);
#2609=(
BOUNDED_CURVE()
B_SPLINE_CURVE(1,(#5602,#5603),.UNSPECIFIED.,.F.,.F.)
B_SPLINE_CURVE_WITH_KNOTS((2,2),(-0.149936197703709,13.7663168997831),
 .UNSPECIFIED.)
CURVE()
GEOMETRIC_REPRESENTATION_ITEM()
RATIONAL_B_SPLINE_CURVE((1.,1.))
REPRESENTATION_ITEM('')
);
#2610=(
BOUNDED_CURVE()
B_SPLINE_CURVE(1,(#5628,#5629),.UNSPECIFIED.,.F.,.F.)
B_SPLINE_CURVE_WITH_KNOTS((2,2),(-0.0448610808349068,27.8109876187277),
 .UNSPECIFIED.)
CURVE()
GEOMETRIC_REPRESENTATION_ITEM()
RATIONAL_B_SPLINE_CURVE((1.,1.))
REPRESENTATION_ITEM('')
);
#2611=(
BOUNDED_CURVE()
B_SPLINE_CURVE(1,(#5642,#5643),.UNSPECIFIED.,.F.,.F.)
B_SPLINE_CURVE_WITH_KNOTS((2,2),(0.433417115775875,28.9984583485911),
 .UNSPECIFIED.)
CURVE()
GEOMETRIC_REPRESENTATION_ITEM()
RATIONAL_B_SPLINE_CURVE((1.,1.))
REPRESENTATION_ITEM('')
);
#2612=(
BOUNDED_CURVE()
B_SPLINE_CURVE(1,(#5644,#5645),.UNSPECIFIED.,.F.,.F.)
B_SPLINE_CURVE_WITH_KNOTS((2,2),(-0.24999999999797,20.0923032373396),
 .UNSPECIFIED.)
CURVE()
GEOMETRIC_REPRESENTATION_ITEM()
RATIONAL_B_SPLINE_CURVE((1.,1.))
REPRESENTATION_ITEM('')
);
#2613=(
BOUNDED_CURVE()
B_SPLINE_CURVE(1,(#5658,#5659),.UNSPECIFIED.,.F.,.F.)
B_SPLINE_CURVE_WITH_KNOTS((2,2),(-0.249999999993222,9.49311256016627),
 .UNSPECIFIED.)
CURVE()
GEOMETRIC_REPRESENTATION_ITEM()
RATIONAL_B_SPLINE_CURVE((1.,1.))
REPRESENTATION_ITEM('')
);
#2614=(
BOUNDED_CURVE()
B_SPLINE_CURVE(1,(#5684,#5685),.UNSPECIFIED.,.F.,.F.)
B_SPLINE_CURVE_WITH_KNOTS((2,2),(-0.142072756010942,25.3521625876798),
 .UNSPECIFIED.)
CURVE()
GEOMETRIC_REPRESENTATION_ITEM()
RATIONAL_B_SPLINE_CURVE((1.,1.))
REPRESENTATION_ITEM('')
);
#2615=(
BOUNDED_CURVE()
B_SPLINE_CURVE(1,(#5698,#5699),.UNSPECIFIED.,.F.,.F.)
B_SPLINE_CURVE_WITH_KNOTS((2,2),(0.106315555309454,28.3618443065132),
 .UNSPECIFIED.)
CURVE()
GEOMETRIC_REPRESENTATION_ITEM()
RATIONAL_B_SPLINE_CURVE((1.,1.))
REPRESENTATION_ITEM('')
);
#2616=(
BOUNDED_CURVE()
B_SPLINE_CURVE(1,(#5724,#5725),.UNSPECIFIED.,.F.,.F.)
B_SPLINE_CURVE_WITH_KNOTS((2,2),(0.416843970653049,20.5203477366416),
 .UNSPECIFIED.)
CURVE()
GEOMETRIC_REPRESENTATION_ITEM()
RATIONAL_B_SPLINE_CURVE((1.,1.))
REPRESENTATION_ITEM('')
);
#2617=(
BOUNDED_CURVE()
B_SPLINE_CURVE(1,(#5726,#5727),.UNSPECIFIED.,.F.,.F.)
B_SPLINE_CURVE_WITH_KNOTS((2,2),(0.61923914879014,18.3552850345608),
 .UNSPECIFIED.)
CURVE()
GEOMETRIC_REPRESENTATION_ITEM()
RATIONAL_B_SPLINE_CURVE((1.,1.))
REPRESENTATION_ITEM('')
);
#2618=(
BOUNDED_CURVE()
B_SPLINE_CURVE(1,(#5740,#5741),.UNSPECIFIED.,.F.,.F.)
B_SPLINE_CURVE_WITH_KNOTS((2,2),(-0.100521709347917,12.9066611886417),
 .UNSPECIFIED.)
CURVE()
GEOMETRIC_REPRESENTATION_ITEM()
RATIONAL_B_SPLINE_CURVE((1.,1.))
REPRESENTATION_ITEM('')
);
#2619=(
BOUNDED_CURVE()
B_SPLINE_CURVE(2,(#5742,#5743,#5744,#5745,#5746),.UNSPECIFIED.,.F.,.F.)
B_SPLINE_CURVE_WITH_KNOTS((3,2,3),(0.,17.3762677980727,34.7525355961453),
 .UNSPECIFIED.)
CURVE()
GEOMETRIC_REPRESENTATION_ITEM()
RATIONAL_B_SPLINE_CURVE((1.,0.707106781186548,1.,0.707106781186548,1.))
REPRESENTATION_ITEM('')
);
#2620=(
BOUNDED_CURVE()
B_SPLINE_CURVE(2,(#5747,#5748,#5749),.UNSPECIFIED.,.F.,.F.)
B_SPLINE_CURVE_WITH_KNOTS((3,3),(0.,0.392699081733774),.UNSPECIFIED.)
CURVE()
GEOMETRIC_REPRESENTATION_ITEM()
RATIONAL_B_SPLINE_CURVE((1.,0.707106782775838,1.))
REPRESENTATION_ITEM('')
);
#2621=(
BOUNDED_CURVE()
B_SPLINE_CURVE(3,(#5750,#5751,#5752,#5753,#5754,#5755,#5756,#5757,#5758),
 .UNSPECIFIED.,.F.,.F.)
B_SPLINE_CURVE_WITH_KNOTS((4,1,3,1,4),(0.,8.68813389903743,17.3762677980716,
26.0644016971135,34.7525355961441),.UNSPECIFIED.)
CURVE()
GEOMETRIC_REPRESENTATION_ITEM()
RATIONAL_B_SPLINE_CURVE((1.,1.,1.,1.,1.,1.,1.,1.,1.))
REPRESENTATION_ITEM('')
);
#2622=(
BOUNDED_CURVE()
B_SPLINE_CURVE(1,(#5759,#5760),.UNSPECIFIED.,.F.,.F.)
B_SPLINE_CURVE_WITH_KNOTS((2,2),(0.,1.75),.UNSPECIFIED.)
CURVE()
GEOMETRIC_REPRESENTATION_ITEM()
RATIONAL_B_SPLINE_CURVE((1.,1.))
REPRESENTATION_ITEM('')
);
#2623=(
BOUNDED_CURVE()
B_SPLINE_CURVE(2,(#5761,#5762,#5763,#5764,#5765),.UNSPECIFIED.,.F.,.F.)
B_SPLINE_CURVE_WITH_KNOTS((3,2,3),(1.69300516661325,2.53950774991988,3.38601033322651),
 .UNSPECIFIED.)
CURVE()
GEOMETRIC_REPRESENTATION_ITEM()
RATIONAL_B_SPLINE_CURVE((1.,0.707106781186548,1.,0.707106781186548,1.))
REPRESENTATION_ITEM('')
);
#2624=(
BOUNDED_CURVE()
B_SPLINE_CURVE(2,(#5766,#5767,#5768,#5769,#5770),.UNSPECIFIED.,.F.,.F.)
B_SPLINE_CURVE_WITH_KNOTS((3,2,3),(34.7525355961453,52.128803394218,69.5050711922906),
 .UNSPECIFIED.)
CURVE()
GEOMETRIC_REPRESENTATION_ITEM()
RATIONAL_B_SPLINE_CURVE((1.,0.707106781186548,1.,0.707106781186548,1.))
REPRESENTATION_ITEM('')
);
#2625=(
BOUNDED_CURVE()
B_SPLINE_CURVE(2,(#5771,#5772,#5773),.UNSPECIFIED.,.F.,.F.)
B_SPLINE_CURVE_WITH_KNOTS((3,3),(0.,0.392699081733774),.UNSPECIFIED.)
CURVE()
GEOMETRIC_REPRESENTATION_ITEM()
RATIONAL_B_SPLINE_CURVE((1.,0.707106782775838,1.))
REPRESENTATION_ITEM('')
);
#2626=(
BOUNDED_CURVE()
B_SPLINE_CURVE(3,(#5774,#5775,#5776,#5777,#5778,#5779,#5780,#5781,#5782),
 .UNSPECIFIED.,.F.,.F.)
B_SPLINE_CURVE_WITH_KNOTS((4,1,3,1,4),(34.7525355961441,43.440669495181,
52.128803394219,60.81693729325,69.5050711922906),.UNSPECIFIED.)
CURVE()
GEOMETRIC_REPRESENTATION_ITEM()
RATIONAL_B_SPLINE_CURVE((1.,0.999999999999998,1.,1.,1.,1.,1.,1.,1.))
REPRESENTATION_ITEM('')
);
#2627=(
BOUNDED_CURVE()
B_SPLINE_CURVE(1,(#5985,#5986),.UNSPECIFIED.,.F.,.F.)
B_SPLINE_CURVE_WITH_KNOTS((2,2),(-3.39372974167355E-12,32.1518767715952),
 .UNSPECIFIED.)
CURVE()
GEOMETRIC_REPRESENTATION_ITEM()
RATIONAL_B_SPLINE_CURVE((1.,1.))
REPRESENTATION_ITEM('')
);
#2628=(
BOUNDED_CURVE()
B_SPLINE_CURVE(1,(#6011,#6012),.UNSPECIFIED.,.F.,.F.)
B_SPLINE_CURVE_WITH_KNOTS((2,2),(-0.606480017536393,51.9488841712936),
 .UNSPECIFIED.)
CURVE()
GEOMETRIC_REPRESENTATION_ITEM()
RATIONAL_B_SPLINE_CURVE((1.,1.))
REPRESENTATION_ITEM('')
);
#2629=(
BOUNDED_CURVE()
B_SPLINE_CURVE(1,(#6025,#6026),.UNSPECIFIED.,.F.,.F.)
B_SPLINE_CURVE_WITH_KNOTS((2,2),(0.606480017543792,53.1618442063863),
 .UNSPECIFIED.)
CURVE()
GEOMETRIC_REPRESENTATION_ITEM()
RATIONAL_B_SPLINE_CURVE((1.,1.))
REPRESENTATION_ITEM('')
);
#2630=(
BOUNDED_CURVE()
B_SPLINE_CURVE(1,(#6027,#6028),.UNSPECIFIED.,.F.,.F.)
B_SPLINE_CURVE_WITH_KNOTS((2,2),(0.251713166829456,75.2651506379476),
 .UNSPECIFIED.)
CURVE()
GEOMETRIC_REPRESENTATION_ITEM()
RATIONAL_B_SPLINE_CURVE((1.,1.))
REPRESENTATION_ITEM('')
);
#2631=(
BOUNDED_CURVE()
B_SPLINE_CURVE(1,(#6053,#6054),.UNSPECIFIED.,.F.,.F.)
B_SPLINE_CURVE_WITH_KNOTS((2,2),(0.103053683864428,75.1164911549933),
 .UNSPECIFIED.)
CURVE()
GEOMETRIC_REPRESENTATION_ITEM()
RATIONAL_B_SPLINE_CURVE((1.,1.))
REPRESENTATION_ITEM('')
);
#2632=(
BOUNDED_CURVE()
B_SPLINE_CURVE(2,(#6439,#6440,#6441),.UNSPECIFIED.,.F.,.F.)
B_SPLINE_CURVE_WITH_KNOTS((3,3),(25.5420497936776,25.9347488753763),
 .UNSPECIFIED.)
CURVE()
GEOMETRIC_REPRESENTATION_ITEM()
RATIONAL_B_SPLINE_CURVE((1.,0.707106781186548,1.))
REPRESENTATION_ITEM('')
);
#2633=(
BOUNDED_CURVE()
B_SPLINE_CURVE(2,(#6444,#6445,#6446),.UNSPECIFIED.,.F.,.F.)
B_SPLINE_CURVE_WITH_KNOTS((3,3),(33.5372994266391,33.9299985083379),
 .UNSPECIFIED.)
CURVE()
GEOMETRIC_REPRESENTATION_ITEM()
RATIONAL_B_SPLINE_CURVE((1.,0.707106781186548,1.))
REPRESENTATION_ITEM('')
);
#2634=(
BOUNDED_CURVE()
B_SPLINE_CURVE(2,(#6449,#6450,#6451),.UNSPECIFIED.,.F.,.F.)
B_SPLINE_CURVE_WITH_KNOTS((3,3),(59.4720483020155,59.8647473837142),
 .UNSPECIFIED.)
CURVE()
GEOMETRIC_REPRESENTATION_ITEM()
RATIONAL_B_SPLINE_CURVE((1.,0.707106781186548,1.))
REPRESENTATION_ITEM('')
);
#2635=(
BOUNDED_CURVE()
B_SPLINE_CURVE(2,(#6454,#6455,#6456),.UNSPECIFIED.,.F.,.F.)
B_SPLINE_CURVE_WITH_KNOTS((3,3),(67.467297934977,67.8599970166757),
 .UNSPECIFIED.)
CURVE()
GEOMETRIC_REPRESENTATION_ITEM()
RATIONAL_B_SPLINE_CURVE((1.,0.707106781186548,1.))
REPRESENTATION_ITEM('')
);
#2636=(
BOUNDED_CURVE()
B_SPLINE_CURVE(2,(#6457,#6458,#6459,#6460,#6461,#6462,#6463,#6464,#6465,
#6466,#6467),.UNSPECIFIED.,.F.,.F.)
B_SPLINE_CURVE_WITH_KNOTS((3,2,2,2,2,3),(25.5230841773212,25.5420497936776,
25.9347488753763,33.5372994266391,33.9299985083379,33.9489641246943),
 .UNSPECIFIED.)
CURVE()
GEOMETRIC_REPRESENTATION_ITEM()
RATIONAL_B_SPLINE_CURVE((1.,1.,1.,0.707106781186548,1.,1.,1.,0.707106781186548,
1.,1.,1.))
REPRESENTATION_ITEM('')
);
#2637=(
BOUNDED_CURVE()
B_SPLINE_CURVE(2,(#6468,#6469,#6470,#6471,#6472,#6473,#6474),
 .UNSPECIFIED.,.F.,.F.)
B_SPLINE_CURVE_WITH_KNOTS((3,2,2,3),(59.4927586570269,59.8647473837142,
67.467297934977,67.8392866616641),.UNSPECIFIED.)
CURVE()
GEOMETRIC_REPRESENTATION_ITEM()
RATIONAL_B_SPLINE_CURVE((1.,0.733363860789255,1.,1.,1.,0.733363860789298,
1.))
REPRESENTATION_ITEM('')
);
#2638=(
BOUNDED_CURVE()
B_SPLINE_CURVE(2,(#6492,#6493,#6494),.UNSPECIFIED.,.F.,.F.)
B_SPLINE_CURVE_WITH_KNOTS((3,3),(7.14864729854401E-14,6.3080565680163),
 .UNSPECIFIED.)
CURVE()
GEOMETRIC_REPRESENTATION_ITEM()
RATIONAL_B_SPLINE_CURVE((1.,0.707106781186553,1.))
REPRESENTATION_ITEM('')
);
#2639=(
BOUNDED_CURVE()
B_SPLINE_CURVE(1,(#6495,#6496),.UNSPECIFIED.,.F.,.F.)
B_SPLINE_CURVE_WITH_KNOTS((2,2),(1.00000000000107,7.9909451017955),
 .UNSPECIFIED.)
CURVE()
GEOMETRIC_REPRESENTATION_ITEM()
RATIONAL_B_SPLINE_CURVE((1.,1.))
REPRESENTATION_ITEM('')
);
#2640=(
BOUNDED_CURVE()
B_SPLINE_CURVE(2,(#6501,#6502,#6503),.UNSPECIFIED.,.F.,.F.)
B_SPLINE_CURVE_WITH_KNOTS((3,3),(8.05385210317021E-15,6.30805656801335),
 .UNSPECIFIED.)
CURVE()
GEOMETRIC_REPRESENTATION_ITEM()
RATIONAL_B_SPLINE_CURVE((1.,0.707106781186548,1.))
REPRESENTATION_ITEM('')
);
#2641=(
BOUNDED_CURVE()
B_SPLINE_CURVE(1,(#6504,#6505),.UNSPECIFIED.,.F.,.F.)
B_SPLINE_CURVE_WITH_KNOTS((2,2),(0.999999999995375,7.9909451017955),
 .UNSPECIFIED.)
CURVE()
GEOMETRIC_REPRESENTATION_ITEM()
RATIONAL_B_SPLINE_CURVE((1.,1.))
REPRESENTATION_ITEM('')
);
#2642=(
BOUNDED_CURVE()
B_SPLINE_CURVE(2,(#6510,#6511,#6512),.UNSPECIFIED.,.F.,.F.)
B_SPLINE_CURVE_WITH_KNOTS((3,3),(0.,6.30805656800529),.UNSPECIFIED.)
CURVE()
GEOMETRIC_REPRESENTATION_ITEM()
RATIONAL_B_SPLINE_CURVE((1.,0.707106781186548,1.))
REPRESENTATION_ITEM('')
);
#2643=(
BOUNDED_CURVE()
B_SPLINE_CURVE(1,(#6513,#6514),.UNSPECIFIED.,.F.,.F.)
B_SPLINE_CURVE_WITH_KNOTS((2,2),(1.00000000000464,7.9909451017955),
 .UNSPECIFIED.)
CURVE()
GEOMETRIC_REPRESENTATION_ITEM()
RATIONAL_B_SPLINE_CURVE((1.,1.))
REPRESENTATION_ITEM('')
);
#2644=(
BOUNDED_CURVE()
B_SPLINE_CURVE(2,(#6519,#6520,#6521),.UNSPECIFIED.,.F.,.F.)
B_SPLINE_CURVE_WITH_KNOTS((3,3),(0.,6.3080565680016),.UNSPECIFIED.)
CURVE()
GEOMETRIC_REPRESENTATION_ITEM()
RATIONAL_B_SPLINE_CURVE((1.,0.707106781186548,1.))
REPRESENTATION_ITEM('')
);
#2645=(
BOUNDED_CURVE()
B_SPLINE_CURVE(2,(#6522,#6523,#6524),.UNSPECIFIED.,.F.,.F.)
B_SPLINE_CURVE_WITH_KNOTS((3,3),(0.,1.57079632679911),.UNSPECIFIED.)
CURVE()
GEOMETRIC_REPRESENTATION_ITEM()
RATIONAL_B_SPLINE_CURVE((1.,0.707106781185919,1.))
REPRESENTATION_ITEM('')
);
#2646=(
BOUNDED_CURVE()
B_SPLINE_CURVE(2,(#6525,#6526,#6527),.UNSPECIFIED.,.F.,.F.)
B_SPLINE_CURVE_WITH_KNOTS((3,3),(0.,1.57079632679911),.UNSPECIFIED.)
CURVE()
GEOMETRIC_REPRESENTATION_ITEM()
RATIONAL_B_SPLINE_CURVE((1.,0.707106781186639,1.))
REPRESENTATION_ITEM('')
);
#2647=(
BOUNDED_CURVE()
B_SPLINE_CURVE(3,(#6528,#6529,#6530,#6531,#6532),.UNSPECIFIED.,.F.,.F.)
B_SPLINE_CURVE_WITH_KNOTS((4,1,4),(-8.88178419700125E-16,3.1540282840143,
6.3080565680163),.UNSPECIFIED.)
CURVE()
GEOMETRIC_REPRESENTATION_ITEM()
RATIONAL_B_SPLINE_CURVE((1.,0.999999999999999,1.,1.,1.))
REPRESENTATION_ITEM('')
);
#2648=(
BOUNDED_CURVE()
B_SPLINE_CURVE(2,(#6533,#6534,#6535),.UNSPECIFIED.,.F.,.F.)
B_SPLINE_CURVE_WITH_KNOTS((3,3),(0.,1.57079632689783),.UNSPECIFIED.)
CURVE()
GEOMETRIC_REPRESENTATION_ITEM()
RATIONAL_B_SPLINE_CURVE((1.,0.707106781180989,1.))
REPRESENTATION_ITEM('')
);
#2649=(
BOUNDED_CURVE()
B_SPLINE_CURVE(2,(#6536,#6537,#6538),.UNSPECIFIED.,.F.,.F.)
B_SPLINE_CURVE_WITH_KNOTS((3,3),(0.,1.57079632681789),.UNSPECIFIED.)
CURVE()
GEOMETRIC_REPRESENTATION_ITEM()
RATIONAL_B_SPLINE_CURVE((1.,0.70710678118241,1.))
REPRESENTATION_ITEM('')
);
#2650=(
BOUNDED_CURVE()
B_SPLINE_CURVE(3,(#6539,#6540,#6541,#6542,#6543),.UNSPECIFIED.,.F.,.F.)
B_SPLINE_CURVE_WITH_KNOTS((4,1,4),(-9.60291345553088E-07,3.1540278038601,
6.30805656801335),.UNSPECIFIED.)
CURVE()
GEOMETRIC_REPRESENTATION_ITEM()
RATIONAL_B_SPLINE_CURVE((1.,1.,1.,0.999999999999999,1.))
REPRESENTATION_ITEM('')
);
#2651=(
BOUNDED_CURVE()
B_SPLINE_CURVE(2,(#6544,#6545,#6546),.UNSPECIFIED.,.F.,.F.)
B_SPLINE_CURVE_WITH_KNOTS((3,3),(0.,1.5707963268984),.UNSPECIFIED.)
CURVE()
GEOMETRIC_REPRESENTATION_ITEM()
RATIONAL_B_SPLINE_CURVE((1.,0.707106781186722,1.))
REPRESENTATION_ITEM('')
);
#2652=(
BOUNDED_CURVE()
B_SPLINE_CURVE(2,(#6547,#6548,#6549),.UNSPECIFIED.,.F.,.F.)
B_SPLINE_CURVE_WITH_KNOTS((3,3),(0.,1.57079632679691),.UNSPECIFIED.)
CURVE()
GEOMETRIC_REPRESENTATION_ITEM()
RATIONAL_B_SPLINE_CURVE((1.,0.707106781186681,1.))
REPRESENTATION_ITEM('')
);
#2653=(
BOUNDED_CURVE()
B_SPLINE_CURVE(3,(#6550,#6551,#6552,#6553,#6554),.UNSPECIFIED.,.F.,.F.)
B_SPLINE_CURVE_WITH_KNOTS((4,1,4),(0.,3.15402828399638,6.30805656800529),
 .UNSPECIFIED.)
CURVE()
GEOMETRIC_REPRESENTATION_ITEM()
RATIONAL_B_SPLINE_CURVE((1.,1.,0.999999999999999,1.,1.))
REPRESENTATION_ITEM('')
);
#2654=(
BOUNDED_CURVE()
B_SPLINE_CURVE(2,(#6555,#6556,#6557),.UNSPECIFIED.,.F.,.F.)
B_SPLINE_CURVE_WITH_KNOTS((3,3),(0.,1.5707963268957),.UNSPECIFIED.)
CURVE()
GEOMETRIC_REPRESENTATION_ITEM()
RATIONAL_B_SPLINE_CURVE((1.,0.707106781184847,1.))
REPRESENTATION_ITEM('')
);
#2655=(
BOUNDED_CURVE()
B_SPLINE_CURVE(3,(#6558,#6559,#6560,#6561,#6562),.UNSPECIFIED.,.F.,.F.)
B_SPLINE_CURVE_WITH_KNOTS((4,1,4),(0.,3.15402828400073,6.3080565680016),
 .UNSPECIFIED.)
CURVE()
GEOMETRIC_REPRESENTATION_ITEM()
RATIONAL_B_SPLINE_CURVE((1.,0.999999999999999,1.,1.,1.))
REPRESENTATION_ITEM('')
);
#2656=(
BOUNDED_CURVE()
B_SPLINE_CURVE(2,(#6563,#6564,#6565),.UNSPECIFIED.,.F.,.F.)
B_SPLINE_CURVE_WITH_KNOTS((3,3),(0.,1.57079632690792),.UNSPECIFIED.)
CURVE()
GEOMETRIC_REPRESENTATION_ITEM()
RATIONAL_B_SPLINE_CURVE((1.,0.707106781184848,1.))
REPRESENTATION_ITEM('')
);
#2657=GEOMETRIC_CURVE_SET('curve_set_0',(#2742,#2743,#2744,#2745,#2746,
#2747,#2748,#2590,#2749,#2750));
#2658=GEOMETRICALLY_BOUNDED_WIREFRAME_SHAPE_REPRESENTATION(
'wireframe_rep_0',(#2657,#3324),#3229);
#2659=COLOUR_RGB('',0.,1.,0.);
#2660=COLOUR_RGB('',0.,1.,0.);
#2661=COLOUR_RGB('',0.,1.,0.);
#2662=COLOUR_RGB('',0.,1.,0.);
#2663=COLOUR_RGB('',0.,1.,0.);
#2664=COLOUR_RGB('',0.,1.,0.);
#2665=COLOUR_RGB('',0.,1.,0.);
#2666=COLOUR_RGB('',0.,1.,0.);
#2667=COLOUR_RGB('',0.,1.,0.);
#2668=COLOUR_RGB('',0.,0.,0.);
#2669=COLOUR_RGB('',0.,1.,0.);
#2670=COLOUR_RGB('',0.,0.,0.);
#2671=COLOUR_RGB('',0.,0.,0.);
#2672=COLOUR_RGB('',0.,0.,0.);
#2673=COLOUR_RGB('',0.,0.,0.);
#2674=COLOUR_RGB('',0.,0.,0.);
#2675=COLOUR_RGB('',0.,0.,0.);
#2676=COLOUR_RGB('',0.,0.,0.);
#2677=CURVE_STYLE('',$,POSITIVE_LENGTH_MEASURE(0.02),#2659);
#2678=CURVE_STYLE('',$,POSITIVE_LENGTH_MEASURE(0.02),#2660);
#2679=CURVE_STYLE('',$,POSITIVE_LENGTH_MEASURE(0.02),#2661);
#2680=CURVE_STYLE('',$,POSITIVE_LENGTH_MEASURE(0.02),#2662);
#2681=CURVE_STYLE('',$,POSITIVE_LENGTH_MEASURE(0.02),#2663);
#2682=CURVE_STYLE('',$,POSITIVE_LENGTH_MEASURE(0.02),#2664);
#2683=CURVE_STYLE('',$,POSITIVE_LENGTH_MEASURE(0.02),#2665);
#2684=CURVE_STYLE('',$,POSITIVE_LENGTH_MEASURE(0.02),#2666);
#2685=CURVE_STYLE('',$,POSITIVE_LENGTH_MEASURE(0.02),#2667);
#2686=CURVE_STYLE('',$,POSITIVE_LENGTH_MEASURE(0.02),#2669);
#2687=MECHANICAL_DESIGN_GEOMETRIC_PRESENTATION_REPRESENTATION('',(#2706,
#2707,#2708,#2709,#2710,#2711,#2712,#2713,#2714,#2715,#2716,#2717,#2718,
#2719,#2720,#2721,#2722,#2723),#3229);
#2688=PRESENTATION_STYLE_ASSIGNMENT((#2677));
#2689=PRESENTATION_STYLE_ASSIGNMENT((#2678));
#2690=PRESENTATION_STYLE_ASSIGNMENT((#2679));
#2691=PRESENTATION_STYLE_ASSIGNMENT((#2680));
#2692=PRESENTATION_STYLE_ASSIGNMENT((#2681));
#2693=PRESENTATION_STYLE_ASSIGNMENT((#2682));
#2694=PRESENTATION_STYLE_ASSIGNMENT((#2683));
#2695=PRESENTATION_STYLE_ASSIGNMENT((#2684));
#2696=PRESENTATION_STYLE_ASSIGNMENT((#2685));
#2697=PRESENTATION_STYLE_ASSIGNMENT((#146));
#2698=PRESENTATION_STYLE_ASSIGNMENT((#2686));
#2699=PRESENTATION_STYLE_ASSIGNMENT((#147));
#2700=PRESENTATION_STYLE_ASSIGNMENT((#148));
#2701=PRESENTATION_STYLE_ASSIGNMENT((#149));
#2702=PRESENTATION_STYLE_ASSIGNMENT((#150));
#2703=PRESENTATION_STYLE_ASSIGNMENT((#151));
#2704=PRESENTATION_STYLE_ASSIGNMENT((#152));
#2705=PRESENTATION_STYLE_ASSIGNMENT((#153));
#2706=STYLED_ITEM('',(#2688),#2742);
#2707=STYLED_ITEM('',(#2689),#2743);
#2708=STYLED_ITEM('',(#2690),#2744);
#2709=STYLED_ITEM('',(#2691),#2745);
#2710=STYLED_ITEM('',(#2692),#2746);
#2711=STYLED_ITEM('',(#2693),#2747);
#2712=STYLED_ITEM('',(#2694),#2748);
#2713=STYLED_ITEM('',(#2695),#2590);
#2714=STYLED_ITEM('',(#2696),#2749);
#2715=STYLED_ITEM('',(#2697),#154);
#2716=STYLED_ITEM('',(#2698),#2750);
#2717=STYLED_ITEM('',(#2699),#155);
#2718=STYLED_ITEM('',(#2700),#156);
#2719=STYLED_ITEM('',(#2701),#157);
#2720=STYLED_ITEM('',(#2702),#158);
#2721=STYLED_ITEM('',(#2703),#159);
#2722=STYLED_ITEM('',(#2704),#160);
#2723=STYLED_ITEM('',(#2705),#161);
#2724=PRESENTATION_LAYER_ASSIGNMENT('Emergency Light / EXIT Sign','',(#2742));
#2725=PRESENTATION_LAYER_ASSIGNMENT('Emergency Light / EXIT Sign','',(#2743));
#2726=PRESENTATION_LAYER_ASSIGNMENT('Emergency Light / EXIT Sign','',(#2744));
#2727=PRESENTATION_LAYER_ASSIGNMENT('Emergency Light / EXIT Sign','',(#2745));
#2728=PRESENTATION_LAYER_ASSIGNMENT('Emergency Light / EXIT Sign','',(#2746));
#2729=PRESENTATION_LAYER_ASSIGNMENT('Emergency Light / EXIT Sign','',(#2747));
#2730=PRESENTATION_LAYER_ASSIGNMENT('Emergency Light / EXIT Sign','',(#2748));
#2731=PRESENTATION_LAYER_ASSIGNMENT('Emergency Light / EXIT Sign','',(#2590));
#2732=PRESENTATION_LAYER_ASSIGNMENT('Emergency Light / EXIT Sign','',(#2749));
#2733=PRESENTATION_LAYER_ASSIGNMENT('Emergency Light / EXIT Sign','',(#154));
#2734=PRESENTATION_LAYER_ASSIGNMENT('Emergency Light / EXIT Sign','',(#2750));
#2735=PRESENTATION_LAYER_ASSIGNMENT('Emergency Light / EXIT Sign','',(#155));
#2736=PRESENTATION_LAYER_ASSIGNMENT('Emergency Light / EXIT Sign','',(#156));
#2737=PRESENTATION_LAYER_ASSIGNMENT('Emergency Light / EXIT Sign','',(#157));
#2738=PRESENTATION_LAYER_ASSIGNMENT('Emergency Light / EXIT Sign','',(#158));
#2739=PRESENTATION_LAYER_ASSIGNMENT('Emergency Light / EXIT Sign','',(#159));
#2740=PRESENTATION_LAYER_ASSIGNMENT('Emergency Light / EXIT Sign','',(#160));
#2741=PRESENTATION_LAYER_ASSIGNMENT('Emergency Light / EXIT Sign','',(#161));
#2742=B_SPLINE_CURVE_WITH_KNOTS('',1,(#3425,#3426,#3427,#3428,#3429,#3430,
#3431,#3432,#3433,#3434,#3435,#3436,#3437),.UNSPECIFIED.,.T.,.F.,(2,1,1,
1,1,1,1,1,1,1,1,1,2),(0.,1.,2.,3.,4.,5.,6.,7.,8.,9.,10.,11.,12.),
 .UNSPECIFIED.);
#2743=B_SPLINE_CURVE_WITH_KNOTS('',1,(#3438,#3439,#3440,#3441,#3442,#3443,
#3444,#3445,#3446),.UNSPECIFIED.,.T.,.F.,(2,1,1,1,1,1,1,1,2),(0.,1.,2.,
3.,4.,5.,6.,7.,8.),.UNSPECIFIED.);
#2744=B_SPLINE_CURVE_WITH_KNOTS('',1,(#3447,#3448,#3449,#3450,#3451),
 .UNSPECIFIED.,.T.,.F.,(2,1,1,1,2),(0.,1.,2.,3.,4.),.UNSPECIFIED.);
#2745=B_SPLINE_CURVE_WITH_KNOTS('',1,(#3452,#3453,#3454,#3455,#3456,#3457,
#3458,#3459,#3460,#3461,#3462,#3463,#3464),.UNSPECIFIED.,.T.,.F.,(2,1,1,
1,1,1,1,1,1,1,1,1,2),(0.,1.,2.,3.,4.,5.,6.,7.,8.,9.,10.,11.,12.),
 .UNSPECIFIED.);
#2746=B_SPLINE_CURVE_WITH_KNOTS('',1,(#3465,#3466,#3467,#3468,#3469,#3470,
#3471,#3472,#3473,#3474,#3475,#3476,#3477),.UNSPECIFIED.,.T.,.F.,(2,1,1,
1,1,1,1,1,1,1,1,1,2),(0.,1.,2.,3.,4.,5.,6.,7.,8.,9.,10.,11.,12.),
 .UNSPECIFIED.);
#2747=B_SPLINE_CURVE_WITH_KNOTS('',1,(#3478,#3479),.UNSPECIFIED.,.F.,.F.,
(2,2),(0.,1.),.UNSPECIFIED.);
#2748=B_SPLINE_CURVE_WITH_KNOTS('',1,(#3480,#3481,#3482,#3483),
 .UNSPECIFIED.,.F.,.F.,(2,1,1,2),(0.,1.,2.,3.),.UNSPECIFIED.);
#2749=B_SPLINE_CURVE_WITH_KNOTS('',1,(#3493,#3494,#3495,#3496,#3497,#3498,
#3499,#3500,#3501,#3502,#3503,#3504,#3505,#3506,#3507,#3508,#3509,#3510,
#3511,#3512,#3513,#3514,#3515,#3516,#3517,#3518,#3519,#3520,#3521,#3522,
#3523,#3524,#3525,#3526,#3527),.UNSPECIFIED.,.T.,.F.,(2,1,1,1,1,1,1,1,1,
1,1,1,1,1,1,1,1,1,1,1,1,1,1,1,1,1,1,1,1,1,1,1,1,1,2),(-0.648293035323148,
0.,1.,2.,3.,4.,5.,6.,7.,8.00735579613324,8.4206723568377,9.13989694145895,
10.5481851651622,12.4740370577658,13.7251578657669,14.1858452832084,15.19434997892,
16.0545503701773,17.4976311358941,18.8942740424513,20.2641997673009,20.9295529335517,
23.1395244454634,24.7425100893675,27.5137809141306,28.1367371251514,31.1642969428371,
32.3248399972569,33.2340873682602,34.1538961194451,34.6623409956175,35.5718966899787,
36.5718966899787,37.2201897253019,37.7816010316287),.UNSPECIFIED.);
#2750=B_SPLINE_CURVE_WITH_KNOTS('',1,(#3539,#3540,#3541,#3542,#3543,#3544,
#3545,#3546,#3547,#3548,#3549),.UNSPECIFIED.,.T.,.F.,(2,1,1,1,1,1,1,1,1,
1,2),(-2.,-1.,0.,1.,2.,4.61942011884691,9.3204166704809,10.1216600275966,
10.9229033847123,15.6238999363463,18.2433200551932),.UNSPECIFIED.);
#2751=B_SPLINE_CURVE_WITH_KNOTS('',1,(#3671,#3672),.UNSPECIFIED.,.F.,.F.,
(2,2),(0.,1.),.UNSPECIFIED.);
#2752=B_SPLINE_CURVE_WITH_KNOTS('',1,(#3673,#3674),.UNSPECIFIED.,.F.,.F.,
(2,2),(0.,1.75),.UNSPECIFIED.);
#2753=B_SPLINE_CURVE_WITH_KNOTS('',1,(#3675,#3676),.UNSPECIFIED.,.F.,.F.,
(2,2),(0.,1.75),.UNSPECIFIED.);
#2754=B_SPLINE_CURVE_WITH_KNOTS('',1,(#3677,#3678),.UNSPECIFIED.,.F.,.F.,
(2,2),(1.,2.),.UNSPECIFIED.);
#2755=B_SPLINE_CURVE_WITH_KNOTS('',1,(#3679,#3680),.UNSPECIFIED.,.F.,.F.,
(2,2),(0.,1.75),.UNSPECIFIED.);
#2756=B_SPLINE_CURVE_WITH_KNOTS('',1,(#3681,#3682),.UNSPECIFIED.,.F.,.F.,
(2,2),(2.,3.),.UNSPECIFIED.);
#2757=B_SPLINE_CURVE_WITH_KNOTS('',1,(#3683,#3684),.UNSPECIFIED.,.F.,.F.,
(2,2),(0.,1.75),.UNSPECIFIED.);
#2758=B_SPLINE_CURVE_WITH_KNOTS('',1,(#3685,#3686),.UNSPECIFIED.,.F.,.F.,
(2,2),(3.,4.),.UNSPECIFIED.);
#2759=B_SPLINE_CURVE_WITH_KNOTS('',1,(#3687,#3688),.UNSPECIFIED.,.F.,.F.,
(2,2),(0.,1.75),.UNSPECIFIED.);
#2760=B_SPLINE_CURVE_WITH_KNOTS('',1,(#3689,#3690),.UNSPECIFIED.,.F.,.F.,
(2,2),(4.,5.),.UNSPECIFIED.);
#2761=B_SPLINE_CURVE_WITH_KNOTS('',1,(#3691,#3692),.UNSPECIFIED.,.F.,.F.,
(2,2),(0.,1.75),.UNSPECIFIED.);
#2762=B_SPLINE_CURVE_WITH_KNOTS('',1,(#3693,#3694),.UNSPECIFIED.,.F.,.F.,
(2,2),(5.,6.),.UNSPECIFIED.);
#2763=B_SPLINE_CURVE_WITH_KNOTS('',1,(#3695,#3696),.UNSPECIFIED.,.F.,.F.,
(2,2),(0.,1.75),.UNSPECIFIED.);
#2764=B_SPLINE_CURVE_WITH_KNOTS('',1,(#3697,#3698),.UNSPECIFIED.,.F.,.F.,
(2,2),(6.,7.),.UNSPECIFIED.);
#2765=B_SPLINE_CURVE_WITH_KNOTS('',1,(#3699,#3700),.UNSPECIFIED.,.F.,.F.,
(2,2),(0.,1.75),.UNSPECIFIED.);
#2766=B_SPLINE_CURVE_WITH_KNOTS('',1,(#3701,#3702),.UNSPECIFIED.,.F.,.F.,
(2,2),(7.,8.),.UNSPECIFIED.);
#2767=B_SPLINE_CURVE_WITH_KNOTS('',1,(#3703,#3704),.UNSPECIFIED.,.F.,.F.,
(2,2),(0.,1.75),.UNSPECIFIED.);
#2768=B_SPLINE_CURVE_WITH_KNOTS('',1,(#3705,#3706),.UNSPECIFIED.,.F.,.F.,
(2,2),(8.,9.),.UNSPECIFIED.);
#2769=B_SPLINE_CURVE_WITH_KNOTS('',1,(#3707,#3708),.UNSPECIFIED.,.F.,.F.,
(2,2),(0.,1.75),.UNSPECIFIED.);
#2770=B_SPLINE_CURVE_WITH_KNOTS('',1,(#3709,#3710),.UNSPECIFIED.,.F.,.F.,
(2,2),(9.,10.),.UNSPECIFIED.);
#2771=B_SPLINE_CURVE_WITH_KNOTS('',1,(#3711,#3712),.UNSPECIFIED.,.F.,.F.,
(2,2),(0.,1.75),.UNSPECIFIED.);
#2772=B_SPLINE_CURVE_WITH_KNOTS('',1,(#3713,#3714),.UNSPECIFIED.,.F.,.F.,
(2,2),(10.,11.),.UNSPECIFIED.);
#2773=B_SPLINE_CURVE_WITH_KNOTS('',1,(#3715,#3716),.UNSPECIFIED.,.F.,.F.,
(2,2),(0.,1.75),.UNSPECIFIED.);
#2774=B_SPLINE_CURVE_WITH_KNOTS('',1,(#3717,#3718),.UNSPECIFIED.,.F.,.F.,
(2,2),(11.,12.),.UNSPECIFIED.);
#2775=B_SPLINE_CURVE_WITH_KNOTS('',1,(#3719,#3720),.UNSPECIFIED.,.F.,.F.,
(2,2),(-0.250000000003538,10.3322768885591),.UNSPECIFIED.);
#2776=B_SPLINE_CURVE_WITH_KNOTS('',1,(#3721,#3722),.UNSPECIFIED.,.F.,.F.,
(2,2),(-0.250000000000698,12.417784601977),.UNSPECIFIED.);
#2777=B_SPLINE_CURVE_WITH_KNOTS('',1,(#3723,#3724),.UNSPECIFIED.,.F.,.F.,
(2,2),(0.250000000000057,43.9965650509675),.UNSPECIFIED.);
#2778=B_SPLINE_CURVE_WITH_KNOTS('',1,(#3725,#3726),.UNSPECIFIED.,.F.,.F.,
(2,2),(0.250000008483912,31.8847375909644),.UNSPECIFIED.);
#2779=B_SPLINE_CURVE_WITH_KNOTS('',1,(#3727,#3728),.UNSPECIFIED.,.F.,.F.,
(2,2),(-0.249999023138541,31.384737590961),.UNSPECIFIED.);
#2780=B_SPLINE_CURVE_WITH_KNOTS('',1,(#3729,#3730),.UNSPECIFIED.,.F.,.F.,
(2,2),(0.250000000000114,43.9965650509693),.UNSPECIFIED.);
#2781=B_SPLINE_CURVE_WITH_KNOTS('',1,(#3731,#3732),.UNSPECIFIED.,.F.,.F.,
(2,2),(0.250000000003641,12.7708849228147),.UNSPECIFIED.);
#2782=B_SPLINE_CURVE_WITH_KNOTS('',1,(#3733,#3734),.UNSPECIFIED.,.F.,.F.,
(2,2),(0.249999999996376,12.0181152696786),.UNSPECIFIED.);
#2783=B_SPLINE_CURVE_WITH_KNOTS('',1,(#3735,#3736),.UNSPECIFIED.,.F.,.F.,
(2,2),(0.250001155869289,60.3099466058411),.UNSPECIFIED.);
#2784=B_SPLINE_CURVE_WITH_KNOTS('',1,(#3737,#3738),.UNSPECIFIED.,.F.,.F.,
(2,2),(0.250000008988814,29.8057105389125),.UNSPECIFIED.);
#2785=B_SPLINE_CURVE_WITH_KNOTS('',1,(#3739,#3740),.UNSPECIFIED.,.F.,.F.,
(2,2),(0.249999999996383,12.7708849228147),.UNSPECIFIED.);
#2786=B_SPLINE_CURVE_WITH_KNOTS('',1,(#3741,#3742),.UNSPECIFIED.,.F.,.F.,
(2,2),(-0.249999999999797,29.3057105389143),.UNSPECIFIED.);
#2787=B_SPLINE_CURVE_WITH_KNOTS('',1,(#3743,#3744),.UNSPECIFIED.,.F.,.F.,
(2,2),(0.,44.2465650509675),.UNSPECIFIED.);
#2788=B_SPLINE_CURVE_WITH_KNOTS('',1,(#3745,#3746),.UNSPECIFIED.,.F.,.F.,
(2,2),(0.,60.5599466058484),.UNSPECIFIED.);
#2789=B_SPLINE_CURVE_WITH_KNOTS('',1,(#3747,#3748),.UNSPECIFIED.,.F.,.F.,
(2,2),(0.,44.2465650509675),.UNSPECIFIED.);
#2790=B_SPLINE_CURVE_WITH_KNOTS('',1,(#3749,#3750),.UNSPECIFIED.,.F.,.F.,
(2,2),(0.,13.0208849228147),.UNSPECIFIED.);
#2791=B_SPLINE_CURVE_WITH_KNOTS('',1,(#3751,#3752),.UNSPECIFIED.,.F.,.F.,
(2,2),(0.,31.6347375909627),.UNSPECIFIED.);
#2792=B_SPLINE_CURVE_WITH_KNOTS('',1,(#3753,#3754),.UNSPECIFIED.,.F.,.F.,
(2,2),(0.,12.1677846019811),.UNSPECIFIED.);
#2793=B_SPLINE_CURVE_WITH_KNOTS('',1,(#3755,#3756),.UNSPECIFIED.,.F.,.F.,
(2,2),(0.,29.5557105389125),.UNSPECIFIED.);
#2794=B_SPLINE_CURVE_WITH_KNOTS('',1,(#3757,#3758),.UNSPECIFIED.,.F.,.F.,
(2,2),(0.,12.2681152696787),.UNSPECIFIED.);
#2795=B_SPLINE_CURVE_WITH_KNOTS('',1,(#3759,#3760),.UNSPECIFIED.,.F.,.F.,
(2,2),(0.,29.5557105389144),.UNSPECIFIED.);
#2796=B_SPLINE_CURVE_WITH_KNOTS('',1,(#3761,#3762),.UNSPECIFIED.,.F.,.F.,
(2,2),(0.,10.0822768885591),.UNSPECIFIED.);
#2797=B_SPLINE_CURVE_WITH_KNOTS('',1,(#3763,#3764),.UNSPECIFIED.,.F.,.F.,
(2,2),(0.,31.6347375909609),.UNSPECIFIED.);
#2798=B_SPLINE_CURVE_WITH_KNOTS('',1,(#3765,#3766),.UNSPECIFIED.,.F.,.F.,
(2,2),(0.,13.0208849228147),.UNSPECIFIED.);
#2799=B_SPLINE_CURVE_WITH_KNOTS('',3,(#3767,#3768,#3769,#3770,#3771,#3772,
#3773,#3774,#3775,#3776,#3777,#3778),.UNSPECIFIED.,.F.,.F.,(4,1,1,1,1,1,
1,1,1,4),(-0.476919228459769,-0.419777128924783,-0.360316432851017,-0.300176040283477,
-0.241160957518743,-0.184912775251122,-0.132570480816855,-0.08455789615467,
-0.0406042800243904,0.),.UNSPECIFIED.);
#2800=B_SPLINE_CURVE_WITH_KNOTS('',3,(#3779,#3780,#3781,#3782,#3783,#3784,
#3785,#3786,#3787,#3788,#3789,#3790),.UNSPECIFIED.,.F.,.F.,(4,1,1,1,1,1,
1,1,1,4),(-0.476919228458447,-0.419777128918274,-0.360316432843121,-0.300176040281576,
-0.241160957513307,-0.184912775254172,-0.132570480815694,-0.0845578961553288,
-0.0406042800234075,0.),.UNSPECIFIED.);
#2801=B_SPLINE_CURVE_WITH_KNOTS('',3,(#3791,#3792,#3793,#3794,#3795,#3796,
#3797,#3798,#3799,#3800,#3801,#3802),.UNSPECIFIED.,.F.,.F.,(4,1,1,1,1,1,
1,1,1,4),(-0.476919228457527,-0.419777128925084,-0.360316432847459,-0.30017604028353,
-0.24116095751298,-0.184912775254853,-0.132570480815344,-0.0845578961554496,
-0.04060428002457,0.),.UNSPECIFIED.);
#2802=B_SPLINE_CURVE_WITH_KNOTS('',3,(#3803,#3804,#3805,#3806,#3807,#3808,
#3809,#3810,#3811,#3812,#3813,#3814),.UNSPECIFIED.,.F.,.F.,(4,1,1,1,1,1,
1,1,1,4),(0.,0.0406042800244222,0.0845578961545866,0.132570480809417,0.184912775249674,
0.241160957515105,0.300176040272963,0.360316432849224,0.419777128916786,
0.476919228462097),.UNSPECIFIED.);
#2803=B_SPLINE_CURVE_WITH_KNOTS('',3,(#3815,#3816,#3817,#3818,#3819,#3820,
#3821,#3822,#3823,#3824,#3825,#3826),.UNSPECIFIED.,.F.,.F.,(4,1,1,1,1,1,
1,1,1,4),(0.,0.0406042800245936,0.0845578961544931,0.132570480814287,0.184912775248353,
0.241160957514859,0.300176040281951,0.360316432849588,0.419777128917112,
0.476919228457272),.UNSPECIFIED.);
#2804=B_SPLINE_CURVE_WITH_KNOTS('',3,(#3827,#3828,#3829,#3830,#3831,#3832,
#3833,#3834,#3835,#3836,#3837,#3838),.UNSPECIFIED.,.F.,.F.,(4,1,1,1,1,1,
1,1,1,4),(-0.476919228454907,-0.419777128914755,-0.360316432848516,-0.300176040280898,
-0.241160957513814,-0.184912775252544,-0.132570480811262,-0.084557896156228,
-0.0406042800245192,0.),.UNSPECIFIED.);
#2805=B_SPLINE_CURVE_WITH_KNOTS('',3,(#3839,#3840,#3841,#3842,#3843,#3844,
#3845,#3846,#3847,#3848,#3849,#3850),.UNSPECIFIED.,.F.,.F.,(4,1,1,1,1,1,
1,1,1,4),(-0.476919228458761,-0.419777128921182,-0.360316432854952,-0.300176040284893,
-0.241160957513186,-0.184912775256109,-0.132570480813909,-0.0845578961547036,
-0.0406042800233875,0.),.UNSPECIFIED.);
#2806=B_SPLINE_CURVE_WITH_KNOTS('',3,(#3851,#3852,#3853,#3854,#3855,#3856,
#3857,#3858,#3859,#3860,#3861,#3862),.UNSPECIFIED.,.F.,.F.,(4,1,1,1,1,1,
1,1,1,4),(0.,0.0406042800238364,0.0845578961551525,0.132570480811601,0.184912775255592,
0.241160957514769,0.300176040281847,0.360316432855583,0.419777128920547,
0.476919228458126),.UNSPECIFIED.);
#2807=B_SPLINE_CURVE_WITH_KNOTS('',3,(#3863,#3864,#3865,#3866,#3867,#3868,
#3869,#3870,#3871,#3872,#3873,#3874),.UNSPECIFIED.,.F.,.F.,(4,1,1,1,1,1,
1,1,1,4),(-0.47691922845637,-0.419777128918775,-0.36031643284871,-0.300176040277384,
-0.241160957512599,-0.184912775255549,-0.132570480811641,-0.0845578961567082,
-0.0406042800242586,0.),.UNSPECIFIED.);
#2808=B_SPLINE_CURVE_WITH_KNOTS('',3,(#3875,#3876,#3877,#3878,#3879,#3880,
#3881,#3882,#3883,#3884,#3885,#3886),.UNSPECIFIED.,.F.,.F.,(4,1,1,1,1,1,
1,1,1,4),(-0.476919228459542,-0.419777128914231,-0.360316432847936,-0.300176040279031,
-0.241160957513073,-0.18491277524554,-0.132570480812453,-0.0845578961548649,
-0.0406042800238328,0.),.UNSPECIFIED.);
#2809=B_SPLINE_CURVE_WITH_KNOTS('',3,(#3887,#3888,#3889,#3890,#3891,#3892,
#3893,#3894,#3895,#3896,#3897,#3898),.UNSPECIFIED.,.F.,.F.,(4,1,1,1,1,1,
1,1,1,4),(-0.476919228461939,-0.419777128920507,-0.360316432849213,-0.300176040284057,
-0.241160957512351,-0.184912775250022,-0.132570480814097,-0.084557896155579,
-0.0406042800242588,0.),.UNSPECIFIED.);
#2810=B_SPLINE_CURVE_WITH_KNOTS('',3,(#3899,#3900,#3901,#3902,#3903,#3904,
#3905,#3906,#3907,#3908,#3909,#3910),.UNSPECIFIED.,.F.,.F.,(4,1,1,1,1,1,
1,1,1,4),(0.,0.0406042800245614,0.0845578961553032,0.132570480813376,0.184912775255729,
0.241160957512855,0.3001760402799,0.360316432857241,0.419777128923402,0.476919228464806),
 .UNSPECIFIED.);
#2811=B_SPLINE_CURVE_WITH_KNOTS('',1,(#4032,#4033),.UNSPECIFIED.,.F.,.F.,
(2,2),(0.,1.),.UNSPECIFIED.);
#2812=B_SPLINE_CURVE_WITH_KNOTS('',1,(#4034,#4035),.UNSPECIFIED.,.F.,.F.,
(2,2),(0.,1.75),.UNSPECIFIED.);
#2813=B_SPLINE_CURVE_WITH_KNOTS('',1,(#4036,#4037),.UNSPECIFIED.,.F.,.F.,
(2,2),(0.,1.75),.UNSPECIFIED.);
#2814=B_SPLINE_CURVE_WITH_KNOTS('',1,(#4038,#4039),.UNSPECIFIED.,.F.,.F.,
(2,2),(1.,2.),.UNSPECIFIED.);
#2815=B_SPLINE_CURVE_WITH_KNOTS('',1,(#4040,#4041),.UNSPECIFIED.,.F.,.F.,
(2,2),(0.,1.75),.UNSPECIFIED.);
#2816=B_SPLINE_CURVE_WITH_KNOTS('',1,(#4042,#4043),.UNSPECIFIED.,.F.,.F.,
(2,2),(2.,3.),.UNSPECIFIED.);
#2817=B_SPLINE_CURVE_WITH_KNOTS('',1,(#4044,#4045),.UNSPECIFIED.,.F.,.F.,
(2,2),(0.,1.75),.UNSPECIFIED.);
#2818=B_SPLINE_CURVE_WITH_KNOTS('',1,(#4046,#4047),.UNSPECIFIED.,.F.,.F.,
(2,2),(3.,4.),.UNSPECIFIED.);
#2819=B_SPLINE_CURVE_WITH_KNOTS('',1,(#4048,#4049),.UNSPECIFIED.,.F.,.F.,
(2,2),(0.,1.75),.UNSPECIFIED.);
#2820=B_SPLINE_CURVE_WITH_KNOTS('',1,(#4050,#4051),.UNSPECIFIED.,.F.,.F.,
(2,2),(4.,5.),.UNSPECIFIED.);
#2821=B_SPLINE_CURVE_WITH_KNOTS('',1,(#4052,#4053),.UNSPECIFIED.,.F.,.F.,
(2,2),(0.,1.75),.UNSPECIFIED.);
#2822=B_SPLINE_CURVE_WITH_KNOTS('',1,(#4054,#4055),.UNSPECIFIED.,.F.,.F.,
(2,2),(5.,6.),.UNSPECIFIED.);
#2823=B_SPLINE_CURVE_WITH_KNOTS('',1,(#4056,#4057),.UNSPECIFIED.,.F.,.F.,
(2,2),(0.,1.75),.UNSPECIFIED.);
#2824=B_SPLINE_CURVE_WITH_KNOTS('',1,(#4058,#4059),.UNSPECIFIED.,.F.,.F.,
(2,2),(6.,7.),.UNSPECIFIED.);
#2825=B_SPLINE_CURVE_WITH_KNOTS('',1,(#4060,#4061),.UNSPECIFIED.,.F.,.F.,
(2,2),(0.,1.75),.UNSPECIFIED.);
#2826=B_SPLINE_CURVE_WITH_KNOTS('',1,(#4062,#4063),.UNSPECIFIED.,.F.,.F.,
(2,2),(7.,8.),.UNSPECIFIED.);
#2827=B_SPLINE_CURVE_WITH_KNOTS('',1,(#4064,#4065),.UNSPECIFIED.,.F.,.F.,
(2,2),(0.,1.75),.UNSPECIFIED.);
#2828=B_SPLINE_CURVE_WITH_KNOTS('',1,(#4066,#4067),.UNSPECIFIED.,.F.,.F.,
(2,2),(8.,9.),.UNSPECIFIED.);
#2829=B_SPLINE_CURVE_WITH_KNOTS('',1,(#4068,#4069),.UNSPECIFIED.,.F.,.F.,
(2,2),(0.,1.75),.UNSPECIFIED.);
#2830=B_SPLINE_CURVE_WITH_KNOTS('',1,(#4070,#4071),.UNSPECIFIED.,.F.,.F.,
(2,2),(9.,10.),.UNSPECIFIED.);
#2831=B_SPLINE_CURVE_WITH_KNOTS('',1,(#4072,#4073),.UNSPECIFIED.,.F.,.F.,
(2,2),(0.,1.75),.UNSPECIFIED.);
#2832=B_SPLINE_CURVE_WITH_KNOTS('',1,(#4074,#4075),.UNSPECIFIED.,.F.,.F.,
(2,2),(10.,11.),.UNSPECIFIED.);
#2833=B_SPLINE_CURVE_WITH_KNOTS('',1,(#4076,#4077),.UNSPECIFIED.,.F.,.F.,
(2,2),(0.,1.75),.UNSPECIFIED.);
#2834=B_SPLINE_CURVE_WITH_KNOTS('',1,(#4078,#4079),.UNSPECIFIED.,.F.,.F.,
(2,2),(11.,12.),.UNSPECIFIED.);
#2835=B_SPLINE_CURVE_WITH_KNOTS('',1,(#4080,#4081),.UNSPECIFIED.,.F.,.F.,
(2,2),(0.,14.0335370384837),.UNSPECIFIED.);
#2836=B_SPLINE_CURVE_WITH_KNOTS('',1,(#4082,#4083),.UNSPECIFIED.,.F.,.F.,
(2,2),(0.,23.0027500251968),.UNSPECIFIED.);
#2837=B_SPLINE_CURVE_WITH_KNOTS('',1,(#4084,#4085),.UNSPECIFIED.,.F.,.F.,
(2,2),(0.,23.2079300453277),.UNSPECIFIED.);
#2838=B_SPLINE_CURVE_WITH_KNOTS('',1,(#4086,#4087),.UNSPECIFIED.,.F.,.F.,
(2,2),(0.,12.8388930069123),.UNSPECIFIED.);
#2839=B_SPLINE_CURVE_WITH_KNOTS('',1,(#4088,#4089),.UNSPECIFIED.,.F.,.F.,
(2,2),(0.,35.3410000017502),.UNSPECIFIED.);
#2840=B_SPLINE_CURVE_WITH_KNOTS('',1,(#4090,#4091),.UNSPECIFIED.,.F.,.F.,
(2,2),(0.,36.1475390600057),.UNSPECIFIED.);
#2841=B_SPLINE_CURVE_WITH_KNOTS('',1,(#4092,#4093),.UNSPECIFIED.,.F.,.F.,
(2,2),(0.,14.0335370384837),.UNSPECIFIED.);
#2842=B_SPLINE_CURVE_WITH_KNOTS('',1,(#4094,#4095),.UNSPECIFIED.,.F.,.F.,
(2,2),(0.,23.0027500251927),.UNSPECIFIED.);
#2843=B_SPLINE_CURVE_WITH_KNOTS('',1,(#4096,#4097),.UNSPECIFIED.,.F.,.F.,
(2,2),(0.,23.2079300453278),.UNSPECIFIED.);
#2844=B_SPLINE_CURVE_WITH_KNOTS('',1,(#4098,#4099),.UNSPECIFIED.,.F.,.F.,
(2,2),(0.,12.8388930069123),.UNSPECIFIED.);
#2845=B_SPLINE_CURVE_WITH_KNOTS('',1,(#4100,#4101),.UNSPECIFIED.,.F.,.F.,
(2,2),(-4.26103596851228E-14,35.3410000017511),.UNSPECIFIED.);
#2846=B_SPLINE_CURVE_WITH_KNOTS('',1,(#4102,#4103),.UNSPECIFIED.,.F.,.F.,
(2,2),(0.,36.1475390600057),.UNSPECIFIED.);
#2847=B_SPLINE_CURVE_WITH_KNOTS('',1,(#4104,#4105),.UNSPECIFIED.,.F.,.F.,
(2,2),(0.139445226373958,13.5853323804603),.UNSPECIFIED.);
#2848=B_SPLINE_CURVE_WITH_KNOTS('',1,(#4106,#4107),.UNSPECIFIED.,.F.,.F.,
(2,2),(0.455758111142898,12.7017585787017),.UNSPECIFIED.);
#2849=B_SPLINE_CURVE_WITH_KNOTS('',1,(#4108,#4109),.UNSPECIFIED.,.F.,.F.,
(2,2),(0.455757177938937,12.7017585786979),.UNSPECIFIED.);
#2850=B_SPLINE_CURVE_WITH_KNOTS('',1,(#4110,#4111),.UNSPECIFIED.,.F.,.F.,
(2,2),(0.139445226372118,13.5853323804586),.UNSPECIFIED.);
#2851=B_SPLINE_CURVE_WITH_KNOTS('',3,(#4112,#4113,#4114,#4115,#4116,#4117,
#4118,#4119,#4120,#4121,#4122,#4123),.UNSPECIFIED.,.F.,.F.,(4,1,1,1,1,1,
1,1,1,4),(-0.421121679276538,-0.374815707186656,-0.326282525713836,-0.276431294908747,
-0.226307320345928,-0.176937781630429,-0.129175547252176,-0.0836007448390311,
-0.0405131409451396,0.),.UNSPECIFIED.);
#2852=B_SPLINE_CURVE_WITH_KNOTS('',3,(#4126,#4127,#4128,#4129,#4130,#4131,
#4132,#4133,#4134,#4135,#4136,#4137),.UNSPECIFIED.,.F.,.F.,(4,1,1,1,1,1,
1,1,1,4),(0.,0.0408074113597804,0.0866389996830192,0.139700712950934,0.201062724599895,
0.270265142386804,0.345454145183378,0.423865913106595,0.502449248394456,
0.578427682233374),.UNSPECIFIED.);
#2853=B_SPLINE_CURVE_WITH_KNOTS('',3,(#4140,#4141,#4142,#4143,#4144,#4145,
#4146,#4147,#4148,#4149,#4150,#4151),.UNSPECIFIED.,.F.,.F.,(4,1,1,1,1,1,
1,1,1,4),(0.,0.0405117865096741,0.0835864039548959,0.129124036331561,0.176814970157389,
0.226075166093928,0.27605524662684,0.325737694733278,0.374090067280978,
0.420216014348498),.UNSPECIFIED.);
#2854=B_SPLINE_CURVE_WITH_KNOTS('',3,(#4152,#4153,#4154,#4155,#4156,#4157,
#4158,#4159,#4160,#4161,#4162,#4163),.UNSPECIFIED.,.F.,.F.,(4,1,1,1,1,1,
1,1,1,4),(-0.62255924536092,-0.538618714673242,-0.45192504041999,-0.365704968762835,
-0.283512493966088,-0.208584554605935,-0.143116407390774,-0.0876665146402784,
-0.0409101737391364,0.),.UNSPECIFIED.);
#2855=B_SPLINE_CURVE_WITH_KNOTS('',3,(#4166,#4167,#4168,#4169,#4170,#4171,
#4172,#4173,#4174,#4175,#4176,#4177),.UNSPECIFIED.,.F.,.F.,(4,1,1,1,1,1,
1,1,1,4),(-0.42832496671327,-0.380592554979825,-0.33062571324307,-0.279434199395975,
-0.228165003465558,-0.177922712987884,-0.129589546657538,-0.0837162063996271,
-0.0405240577722662,0.),.UNSPECIFIED.);
#2856=B_SPLINE_CURVE_WITH_KNOTS('',3,(#4180,#4181,#4182,#4183,#4184,#4185,
#4186,#4187,#4188,#4189,#4190,#4191),.UNSPECIFIED.,.F.,.F.,(4,1,1,1,1,1,
1,1,1,4),(0.,0.0408958435627915,0.0875241899324993,0.142646905674308,0.207557435364116,
0.281712642291031,0.36296369047692,0.448136719518275,0.533744343131701,
0.616619313135769),.UNSPECIFIED.);
#2857=B_SPLINE_CURVE_WITH_KNOTS('',3,(#4192,#4193,#4194,#4195,#4196,#4197,
#4198,#4199,#4200,#4201,#4202,#4203),.UNSPECIFIED.,.F.,.F.,(4,1,1,1,1,1,
1,1,1,4),(-0.421121679277667,-0.374815707190093,-0.326282525715094,-0.276431294916817,
-0.226307320351778,-0.176937781636956,-0.129175547250225,-0.0836007448403931,
-0.0405131409466262,0.),.UNSPECIFIED.);
#2858=B_SPLINE_CURVE_WITH_KNOTS('',3,(#4206,#4207,#4208,#4209,#4210,#4211,
#4212,#4213,#4214,#4215,#4216,#4217),.UNSPECIFIED.,.F.,.F.,(4,1,1,1,1,1,
1,1,1,4),(0.,0.0408074113592855,0.0866389996872334,0.139700712952824,0.201062724607538,
0.270265142384843,0.345454145171117,0.423865913112083,0.502449248399937,
0.578427682238826),.UNSPECIFIED.);
#2859=B_SPLINE_CURVE_WITH_KNOTS('',3,(#4220,#4221,#4222,#4223,#4224,#4225,
#4226,#4227,#4228,#4229,#4230,#4231),.UNSPECIFIED.,.F.,.F.,(4,1,1,1,1,1,
1,1,1,4),(0.,0.0405117865096048,0.0835864039529906,0.129124036333671,0.176814970164399,
0.226075166104563,0.276055246635503,0.325737694744832,0.374090067291591,
0.420216014350708),.UNSPECIFIED.);
#2860=B_SPLINE_CURVE_WITH_KNOTS('',3,(#4232,#4233,#4234,#4235,#4236,#4237,
#4238,#4239,#4240,#4241,#4242,#4243),.UNSPECIFIED.,.F.,.F.,(4,1,1,1,1,1,
1,1,1,4),(0.,0.0409101737431865,0.087666514640388,0.143116407392798,0.208584554610174,
0.283512493956573,0.36570496875504,0.451925040412224,0.538618714662526,
0.622559245349771),.UNSPECIFIED.);
#2861=B_SPLINE_CURVE_WITH_KNOTS('',3,(#4246,#4247,#4248,#4249,#4250,#4251,
#4252,#4253,#4254,#4255,#4256,#4257),.UNSPECIFIED.,.F.,.F.,(4,1,1,1,1,1,
1,1,1,4),(-0.428324966717081,-0.380592554981818,-0.330625713245077,-0.279434199399665,
-0.228165003466129,-0.177922712991214,-0.129589546656263,-0.0837162063983972,
-0.040524057772117,0.),.UNSPECIFIED.);
#2862=B_SPLINE_CURVE_WITH_KNOTS('',3,(#4258,#4259,#4260,#4261,#4262,#4263,
#4264,#4265,#4266,#4267,#4268,#4269),.UNSPECIFIED.,.F.,.F.,(4,1,1,1,1,1,
1,1,1,4),(-0.616619313131963,-0.533744343134614,-0.448136719506822,-0.362963690492764,
-0.281712642289468,-0.207557435362594,-0.142646905677001,-0.0875241899273747,
-0.0408958435643446,0.),.UNSPECIFIED.);
#2863=B_SPLINE_CURVE_WITH_KNOTS('',1,(#4313,#4314),.UNSPECIFIED.,.F.,.F.,
(2,2),(0.,1.),.UNSPECIFIED.);
#2864=B_SPLINE_CURVE_WITH_KNOTS('',1,(#4315,#4316),.UNSPECIFIED.,.F.,.F.,
(2,2),(0.,1.75),.UNSPECIFIED.);
#2865=B_SPLINE_CURVE_WITH_KNOTS('',1,(#4317,#4318),.UNSPECIFIED.,.F.,.F.,
(2,2),(0.,1.75),.UNSPECIFIED.);
#2866=B_SPLINE_CURVE_WITH_KNOTS('',1,(#4319,#4320),.UNSPECIFIED.,.F.,.F.,
(2,2),(1.,2.),.UNSPECIFIED.);
#2867=B_SPLINE_CURVE_WITH_KNOTS('',1,(#4321,#4322),.UNSPECIFIED.,.F.,.F.,
(2,2),(0.,1.75),.UNSPECIFIED.);
#2868=B_SPLINE_CURVE_WITH_KNOTS('',1,(#4323,#4324),.UNSPECIFIED.,.F.,.F.,
(2,2),(2.,3.),.UNSPECIFIED.);
#2869=B_SPLINE_CURVE_WITH_KNOTS('',1,(#4325,#4326),.UNSPECIFIED.,.F.,.F.,
(2,2),(0.,1.75),.UNSPECIFIED.);
#2870=B_SPLINE_CURVE_WITH_KNOTS('',1,(#4327,#4328),.UNSPECIFIED.,.F.,.F.,
(2,2),(3.,4.),.UNSPECIFIED.);
#2871=B_SPLINE_CURVE_WITH_KNOTS('',1,(#4329,#4330),.UNSPECIFIED.,.F.,.F.,
(2,2),(0.250001155872941,60.309946605852),.UNSPECIFIED.);
#2872=B_SPLINE_CURVE_WITH_KNOTS('',1,(#4331,#4332),.UNSPECIFIED.,.F.,.F.,
(2,2),(0.250000000001933,12.5888930069123),.UNSPECIFIED.);
#2873=B_SPLINE_CURVE_WITH_KNOTS('',1,(#4333,#4334),.UNSPECIFIED.,.F.,.F.,
(2,2),(0.250000000000014,60.3099466058484),.UNSPECIFIED.);
#2874=B_SPLINE_CURVE_WITH_KNOTS('',1,(#4335,#4336),.UNSPECIFIED.,.F.,.F.,
(2,2),(0.249999999999943,12.5888930069104),.UNSPECIFIED.);
#2875=B_SPLINE_CURVE_WITH_KNOTS('',1,(#4337,#4338),.UNSPECIFIED.,.F.,.F.,
(2,2),(0.,12.8388930069123),.UNSPECIFIED.);
#2876=B_SPLINE_CURVE_WITH_KNOTS('',1,(#4339,#4340),.UNSPECIFIED.,.F.,.F.,
(2,2),(0.,60.5599466058484),.UNSPECIFIED.);
#2877=B_SPLINE_CURVE_WITH_KNOTS('',1,(#4341,#4342),.UNSPECIFIED.,.F.,.F.,
(2,2),(0.,12.8388930069123),.UNSPECIFIED.);
#2878=B_SPLINE_CURVE_WITH_KNOTS('',1,(#4343,#4344),.UNSPECIFIED.,.F.,.F.,
(2,2),(0.,60.5599466058484),.UNSPECIFIED.);
#2879=B_SPLINE_CURVE_WITH_KNOTS('',3,(#4345,#4346,#4347,#4348,#4349,#4350,
#4351,#4352,#4353,#4354,#4355,#4356),.UNSPECIFIED.,.F.,.F.,(4,1,1,1,1,1,
1,1,1,4),(-0.476919228466512,-0.419777128923827,-0.360316432850075,-0.300176040285002,
-0.241160957515648,-0.184912775256417,-0.132570480814049,-0.0845578961566404,
-0.0406042800228361,0.),.UNSPECIFIED.);
#2880=B_SPLINE_CURVE_WITH_KNOTS('',3,(#4357,#4358,#4359,#4360,#4361,#4362,
#4363,#4364,#4365,#4366,#4367,#4368),.UNSPECIFIED.,.F.,.F.,(4,1,1,1,1,1,
1,1,1,4),(0.,0.0406042800245797,0.08455789615806,0.132570480812439,0.18491277525643,
0.241160957521906,0.300176040283199,0.360316432854483,0.419777128914382,
0.476919228458382),.UNSPECIFIED.);
#2881=B_SPLINE_CURVE_WITH_KNOTS('',3,(#4369,#4370,#4371,#4372,#4373,#4374,
#4375,#4376,#4377,#4378,#4379,#4380),.UNSPECIFIED.,.F.,.F.,(4,1,1,1,1,1,
1,1,1,4),(0.,0.040604280024524,0.084557896153782,0.132570480809958,0.184912775253782,
0.241160957510808,0.300176040274457,0.360316432848276,0.41977712891458,
0.476919228456043),.UNSPECIFIED.);
#2882=B_SPLINE_CURVE_WITH_KNOTS('',3,(#4381,#4382,#4383,#4384,#4385,#4386,
#4387,#4388,#4389,#4390,#4391,#4392),.UNSPECIFIED.,.F.,.F.,(4,1,1,1,1,1,
1,1,1,4),(-0.476919228465553,-0.419777128928004,-0.360316432850454,-0.300176040285382,
-0.241160957518342,-0.184912775257012,-0.132570480816436,-0.0845578961542004,
-0.0406042800234231,0.),.UNSPECIFIED.);
#2883=B_SPLINE_CURVE_WITH_KNOTS('',1,(#4474,#4475),.UNSPECIFIED.,.F.,.F.,
(2,2),(0.,1.),.UNSPECIFIED.);
#2884=B_SPLINE_CURVE_WITH_KNOTS('',1,(#4476,#4477),.UNSPECIFIED.,.F.,.F.,
(2,2),(0.,1.75),.UNSPECIFIED.);
#2885=B_SPLINE_CURVE_WITH_KNOTS('',1,(#4478,#4479),.UNSPECIFIED.,.F.,.F.,
(2,2),(0.,1.75),.UNSPECIFIED.);
#2886=B_SPLINE_CURVE_WITH_KNOTS('',1,(#4480,#4481),.UNSPECIFIED.,.F.,.F.,
(2,2),(1.,2.),.UNSPECIFIED.);
#2887=B_SPLINE_CURVE_WITH_KNOTS('',1,(#4482,#4483),.UNSPECIFIED.,.F.,.F.,
(2,2),(0.,1.75),.UNSPECIFIED.);
#2888=B_SPLINE_CURVE_WITH_KNOTS('',1,(#4484,#4485),.UNSPECIFIED.,.F.,.F.,
(2,2),(2.,3.),.UNSPECIFIED.);
#2889=B_SPLINE_CURVE_WITH_KNOTS('',1,(#4486,#4487),.UNSPECIFIED.,.F.,.F.,
(2,2),(0.,1.75),.UNSPECIFIED.);
#2890=B_SPLINE_CURVE_WITH_KNOTS('',1,(#4488,#4489),.UNSPECIFIED.,.F.,.F.,
(2,2),(3.,4.),.UNSPECIFIED.);
#2891=B_SPLINE_CURVE_WITH_KNOTS('',1,(#4490,#4491),.UNSPECIFIED.,.F.,.F.,
(2,2),(0.,1.75),.UNSPECIFIED.);
#2892=B_SPLINE_CURVE_WITH_KNOTS('',1,(#4492,#4493),.UNSPECIFIED.,.F.,.F.,
(2,2),(4.,5.),.UNSPECIFIED.);
#2893=B_SPLINE_CURVE_WITH_KNOTS('',1,(#4494,#4495),.UNSPECIFIED.,.F.,.F.,
(2,2),(0.,1.75),.UNSPECIFIED.);
#2894=B_SPLINE_CURVE_WITH_KNOTS('',1,(#4496,#4497),.UNSPECIFIED.,.F.,.F.,
(2,2),(5.,6.),.UNSPECIFIED.);
#2895=B_SPLINE_CURVE_WITH_KNOTS('',1,(#4498,#4499),.UNSPECIFIED.,.F.,.F.,
(2,2),(0.,1.75),.UNSPECIFIED.);
#2896=B_SPLINE_CURVE_WITH_KNOTS('',1,(#4500,#4501),.UNSPECIFIED.,.F.,.F.,
(2,2),(6.,7.),.UNSPECIFIED.);
#2897=B_SPLINE_CURVE_WITH_KNOTS('',1,(#4502,#4503),.UNSPECIFIED.,.F.,.F.,
(2,2),(0.,1.75),.UNSPECIFIED.);
#2898=B_SPLINE_CURVE_WITH_KNOTS('',1,(#4504,#4505),.UNSPECIFIED.,.F.,.F.,
(2,2),(7.,8.),.UNSPECIFIED.);
#2899=B_SPLINE_CURVE_WITH_KNOTS('',1,(#4506,#4507),.UNSPECIFIED.,.F.,.F.,
(2,2),(-0.249999113089592,18.057424385548),.UNSPECIFIED.);
#2900=B_SPLINE_CURVE_WITH_KNOTS('',1,(#4508,#4509),.UNSPECIFIED.,.F.,.F.,
(2,2),(0.250000865733614,11.2164517915298),.UNSPECIFIED.);
#2901=B_SPLINE_CURVE_WITH_KNOTS('',1,(#4510,#4511),.UNSPECIFIED.,.F.,.F.,
(2,2),(-0.249998972676162,48.8434948143187),.UNSPECIFIED.);
#2902=B_SPLINE_CURVE_WITH_KNOTS('',1,(#4512,#4513),.UNSPECIFIED.,.F.,.F.,
(2,2),(0.250000865733624,11.2164517915298),.UNSPECIFIED.);
#2903=B_SPLINE_CURVE_WITH_KNOTS('',1,(#4514,#4515),.UNSPECIFIED.,.F.,.F.,
(2,2),(0.25,49.2037417780066),.UNSPECIFIED.);
#2904=B_SPLINE_CURVE_WITH_KNOTS('',1,(#4516,#4517),.UNSPECIFIED.,.F.,.F.,
(2,2),(0.250000013283568,18.5574243855463),.UNSPECIFIED.);
#2905=B_SPLINE_CURVE_WITH_KNOTS('',1,(#4518,#4519),.UNSPECIFIED.,.F.,.F.,
(2,2),(0.249999999996362,49.3434948143185),.UNSPECIFIED.);
#2906=B_SPLINE_CURVE_WITH_KNOTS('',1,(#4520,#4521),.UNSPECIFIED.,.F.,.F.,
(2,2),(0.250000895855614,12.5888930069104),.UNSPECIFIED.);
#2907=B_SPLINE_CURVE_WITH_KNOTS('',1,(#4522,#4523),.UNSPECIFIED.,.F.,.F.,
(2,2),(0.,49.4537417780066),.UNSPECIFIED.);
#2908=B_SPLINE_CURVE_WITH_KNOTS('',1,(#4524,#4525),.UNSPECIFIED.,.F.,.F.,
(2,2),(0.,11.4664517915298),.UNSPECIFIED.);
#2909=B_SPLINE_CURVE_WITH_KNOTS('',1,(#4526,#4527),.UNSPECIFIED.,.F.,.F.,
(2,2),(0.,18.3074243855481),.UNSPECIFIED.);
#2910=B_SPLINE_CURVE_WITH_KNOTS('',1,(#4528,#4529),.UNSPECIFIED.,.F.,.F.,
(2,2),(0.,49.0934948143185),.UNSPECIFIED.);
#2911=B_SPLINE_CURVE_WITH_KNOTS('',1,(#4530,#4531),.UNSPECIFIED.,.F.,.F.,
(2,2),(0.,12.8388930069104),.UNSPECIFIED.);
#2912=B_SPLINE_CURVE_WITH_KNOTS('',1,(#4532,#4533),.UNSPECIFIED.,.F.,.F.,
(2,2),(0.,49.0934948143185),.UNSPECIFIED.);
#2913=B_SPLINE_CURVE_WITH_KNOTS('',1,(#4534,#4535),.UNSPECIFIED.,.F.,.F.,
(2,2),(0.,18.3074243855481),.UNSPECIFIED.);
#2914=B_SPLINE_CURVE_WITH_KNOTS('',1,(#4536,#4537),.UNSPECIFIED.,.F.,.F.,
(2,2),(0.,11.4664517915298),.UNSPECIFIED.);
#2915=B_SPLINE_CURVE_WITH_KNOTS('',3,(#4538,#4539,#4540,#4541,#4542,#4543,
#4544,#4545,#4546,#4547,#4548,#4549),.UNSPECIFIED.,.F.,.F.,(4,1,1,1,1,1,
1,1,1,4),(-0.47691922846045,-0.4197771289203,-0.360316432846467,-0.300176040278853,
-0.241160957514083,-0.184912775253859,-0.132570480813466,-0.0845578961556627,
-0.0406042800239423,0.),.UNSPECIFIED.);
#2916=B_SPLINE_CURVE_WITH_KNOTS('',3,(#4550,#4551,#4552,#4553,#4554,#4555,
#4556,#4557,#4558,#4559,#4560,#4561),.UNSPECIFIED.,.F.,.F.,(4,1,1,1,1,1,
1,1,1,4),(-0.476919228460349,-0.419777128922773,-0.360316432847689,-0.30017604027764,
-0.241160957517504,-0.184912775256218,-0.132570480813996,-0.0845578961575124,
-0.0406042800235561,0.),.UNSPECIFIED.);
#2917=B_SPLINE_CURVE_WITH_KNOTS('',3,(#4562,#4563,#4564,#4565,#4566,#4567,
#4568,#4569,#4570,#4571,#4572,#4573),.UNSPECIFIED.,.F.,.F.,(4,1,1,1,1,1,
1,1,1,4),(-0.476919228460322,-0.419777128931782,-0.360316432858079,-0.300176040289382,
-0.241160957515425,-0.18491277525826,-0.132570480813988,-0.0845578961570912,
-0.0406042800243755,0.),.UNSPECIFIED.);
#2918=B_SPLINE_CURVE_WITH_KNOTS('',3,(#4574,#4575,#4576,#4577,#4578,#4579,
#4580,#4581,#4582,#4583,#4584,#4585),.UNSPECIFIED.,.F.,.F.,(4,1,1,1,1,1,
1,1,1,4),(-0.476919228456134,-0.419777128917269,-0.360316432852302,-0.300176040278562,
-0.241160957520736,-0.184912775255259,-0.132570480811274,-0.0845578961548369,
-0.0406042800244005,0.),.UNSPECIFIED.);
#2919=B_SPLINE_CURVE_WITH_KNOTS('',3,(#4586,#4587,#4588,#4589,#4590,#4591,
#4592,#4593,#4594,#4595,#4596,#4597),.UNSPECIFIED.,.F.,.F.,(4,1,1,1,1,1,
1,1,1,4),(-0.476919228460449,-0.419777128921585,-0.360316432850291,-0.300176040279006,
-0.241160957517709,-0.184912775250129,-0.132570480814204,-0.084557896155,
-0.0406042800241195,0.),.UNSPECIFIED.);
#2920=B_SPLINE_CURVE_WITH_KNOTS('',3,(#4598,#4599,#4600,#4601,#4602,#4603,
#4604,#4605,#4606,#4607,#4608,#4609),.UNSPECIFIED.,.F.,.F.,(4,1,1,1,1,1,
1,1,1,4),(-0.476919228455087,-0.41977712891621,-0.360316432844885,-0.3001760402846,
-0.241160957516351,-0.184912775250898,-0.132570480809668,-0.0845578961567826,
-0.0406042800243052,0.),.UNSPECIFIED.);
#2921=B_SPLINE_CURVE_WITH_KNOTS('',3,(#4610,#4611,#4612,#4613,#4614,#4615,
#4616,#4617,#4618,#4619,#4620,#4621),.UNSPECIFIED.,.F.,.F.,(4,1,1,1,1,1,
1,1,1,4),(-0.476919228454809,-0.419777128909468,-0.360316432848168,-0.300176040275507,
-0.241160957503729,-0.184912775253047,-0.132570480811154,-0.0845578961538205,
-0.0406042800239569,0.),.UNSPECIFIED.);
#2922=B_SPLINE_CURVE_WITH_KNOTS('',3,(#4622,#4623,#4624,#4625,#4626,#4627,
#4628,#4629,#4630,#4631,#4632,#4633),.UNSPECIFIED.,.F.,.F.,(4,1,1,1,1,1,
1,1,1,4),(0.,0.0406042800238149,0.0845578961552676,0.132570480810777,0.184912775250134,
0.241160957511365,0.300176040276168,0.360316432843851,0.419777128910148,
0.476919228458029),.UNSPECIFIED.);
#2923=B_SPLINE_CURVE_WITH_KNOTS('',1,(#5055,#5056),.UNSPECIFIED.,.F.,.F.,
(2,2),(-37.7816010316287,-37.2201897253019),.UNSPECIFIED.);
#2924=B_SPLINE_CURVE_WITH_KNOTS('',1,(#5057,#5058),.UNSPECIFIED.,.F.,.F.,
(2,2),(0.,1.75),.UNSPECIFIED.);
#2925=B_SPLINE_CURVE_WITH_KNOTS('',1,(#5059,#5060),.UNSPECIFIED.,.F.,.F.,
(2,2),(0.,1.75),.UNSPECIFIED.);
#2926=B_SPLINE_CURVE_WITH_KNOTS('',1,(#5061,#5062),.UNSPECIFIED.,.F.,.F.,
(2,2),(-37.2201897253019,-36.5718966899787),.UNSPECIFIED.);
#2927=B_SPLINE_CURVE_WITH_KNOTS('',1,(#5063,#5064),.UNSPECIFIED.,.F.,.F.,
(2,2),(0.,1.75),.UNSPECIFIED.);
#2928=B_SPLINE_CURVE_WITH_KNOTS('',1,(#5065,#5066),.UNSPECIFIED.,.F.,.F.,
(2,2),(-36.5718966899787,-35.5718966899787),.UNSPECIFIED.);
#2929=B_SPLINE_CURVE_WITH_KNOTS('',1,(#5067,#5068),.UNSPECIFIED.,.F.,.F.,
(2,2),(0.,1.75),.UNSPECIFIED.);
#2930=B_SPLINE_CURVE_WITH_KNOTS('',1,(#5069,#5070),.UNSPECIFIED.,.F.,.F.,
(2,2),(-35.5718966899787,-34.6623409956175),.UNSPECIFIED.);
#2931=B_SPLINE_CURVE_WITH_KNOTS('',1,(#5071,#5072),.UNSPECIFIED.,.F.,.F.,
(2,2),(0.,1.75),.UNSPECIFIED.);
#2932=B_SPLINE_CURVE_WITH_KNOTS('',1,(#5073,#5074),.UNSPECIFIED.,.F.,.F.,
(2,2),(-34.6623409956175,-34.1538961194451),.UNSPECIFIED.);
#2933=B_SPLINE_CURVE_WITH_KNOTS('',1,(#5075,#5076),.UNSPECIFIED.,.F.,.F.,
(2,2),(0.,1.75),.UNSPECIFIED.);
#2934=B_SPLINE_CURVE_WITH_KNOTS('',1,(#5077,#5078),.UNSPECIFIED.,.F.,.F.,
(2,2),(-34.1538961194451,-33.2340873682602),.UNSPECIFIED.);
#2935=B_SPLINE_CURVE_WITH_KNOTS('',1,(#5079,#5080),.UNSPECIFIED.,.F.,.F.,
(2,2),(0.,1.75),.UNSPECIFIED.);
#2936=B_SPLINE_CURVE_WITH_KNOTS('',1,(#5081,#5082),.UNSPECIFIED.,.F.,.F.,
(2,2),(-33.2340873682602,-32.3248399972569),.UNSPECIFIED.);
#2937=B_SPLINE_CURVE_WITH_KNOTS('',1,(#5083,#5084),.UNSPECIFIED.,.F.,.F.,
(2,2),(0.,1.75),.UNSPECIFIED.);
#2938=B_SPLINE_CURVE_WITH_KNOTS('',1,(#5085,#5086),.UNSPECIFIED.,.F.,.F.,
(2,2),(-32.3248399972569,-31.1642969428371),.UNSPECIFIED.);
#2939=B_SPLINE_CURVE_WITH_KNOTS('',1,(#5087,#5088),.UNSPECIFIED.,.F.,.F.,
(2,2),(0.,1.75),.UNSPECIFIED.);
#2940=B_SPLINE_CURVE_WITH_KNOTS('',1,(#5089,#5090),.UNSPECIFIED.,.F.,.F.,
(2,2),(-31.1642969428371,-28.1367371251514),.UNSPECIFIED.);
#2941=B_SPLINE_CURVE_WITH_KNOTS('',1,(#5091,#5092),.UNSPECIFIED.,.F.,.F.,
(2,2),(0.,1.75),.UNSPECIFIED.);
#2942=B_SPLINE_CURVE_WITH_KNOTS('',1,(#5093,#5094),.UNSPECIFIED.,.F.,.F.,
(2,2),(-28.1367371251514,-27.5137809141306),.UNSPECIFIED.);
#2943=B_SPLINE_CURVE_WITH_KNOTS('',1,(#5095,#5096),.UNSPECIFIED.,.F.,.F.,
(2,2),(0.,1.75),.UNSPECIFIED.);
#2944=B_SPLINE_CURVE_WITH_KNOTS('',1,(#5097,#5098),.UNSPECIFIED.,.F.,.F.,
(2,2),(-27.5137809141306,-24.7425100893675),.UNSPECIFIED.);
#2945=B_SPLINE_CURVE_WITH_KNOTS('',1,(#5099,#5100),.UNSPECIFIED.,.F.,.F.,
(2,2),(0.,1.75),.UNSPECIFIED.);
#2946=B_SPLINE_CURVE_WITH_KNOTS('',1,(#5101,#5102),.UNSPECIFIED.,.F.,.F.,
(2,2),(-24.7425100893675,-23.1395244454634),.UNSPECIFIED.);
#2947=B_SPLINE_CURVE_WITH_KNOTS('',1,(#5103,#5104),.UNSPECIFIED.,.F.,.F.,
(2,2),(0.,1.75),.UNSPECIFIED.);
#2948=B_SPLINE_CURVE_WITH_KNOTS('',1,(#5105,#5106),.UNSPECIFIED.,.F.,.F.,
(2,2),(-23.1395244454634,-20.9295529335517),.UNSPECIFIED.);
#2949=B_SPLINE_CURVE_WITH_KNOTS('',1,(#5107,#5108),.UNSPECIFIED.,.F.,.F.,
(2,2),(0.,1.75),.UNSPECIFIED.);
#2950=B_SPLINE_CURVE_WITH_KNOTS('',1,(#5109,#5110),.UNSPECIFIED.,.F.,.F.,
(2,2),(-20.9295529335517,-20.2641997673009),.UNSPECIFIED.);
#2951=B_SPLINE_CURVE_WITH_KNOTS('',1,(#5111,#5112),.UNSPECIFIED.,.F.,.F.,
(2,2),(0.,1.75),.UNSPECIFIED.);
#2952=B_SPLINE_CURVE_WITH_KNOTS('',1,(#5113,#5114),.UNSPECIFIED.,.F.,.F.,
(2,2),(-20.2641997673009,-18.8942740424513),.UNSPECIFIED.);
#2953=B_SPLINE_CURVE_WITH_KNOTS('',1,(#5115,#5116),.UNSPECIFIED.,.F.,.F.,
(2,2),(0.,1.75),.UNSPECIFIED.);
#2954=B_SPLINE_CURVE_WITH_KNOTS('',1,(#5117,#5118),.UNSPECIFIED.,.F.,.F.,
(2,2),(-18.8942740424513,-17.4976311358941),.UNSPECIFIED.);
#2955=B_SPLINE_CURVE_WITH_KNOTS('',1,(#5119,#5120),.UNSPECIFIED.,.F.,.F.,
(2,2),(0.,1.75),.UNSPECIFIED.);
#2956=B_SPLINE_CURVE_WITH_KNOTS('',1,(#5121,#5122),.UNSPECIFIED.,.F.,.F.,
(2,2),(-17.4976311358941,-16.0545503701773),.UNSPECIFIED.);
#2957=B_SPLINE_CURVE_WITH_KNOTS('',1,(#5123,#5124),.UNSPECIFIED.,.F.,.F.,
(2,2),(0.,1.75),.UNSPECIFIED.);
#2958=B_SPLINE_CURVE_WITH_KNOTS('',1,(#5125,#5126),.UNSPECIFIED.,.F.,.F.,
(2,2),(-16.0545503701773,-15.19434997892),.UNSPECIFIED.);
#2959=B_SPLINE_CURVE_WITH_KNOTS('',1,(#5127,#5128),.UNSPECIFIED.,.F.,.F.,
(2,2),(0.,1.75),.UNSPECIFIED.);
#2960=B_SPLINE_CURVE_WITH_KNOTS('',1,(#5129,#5130),.UNSPECIFIED.,.F.,.F.,
(2,2),(-15.19434997892,-14.1858452832084),.UNSPECIFIED.);
#2961=B_SPLINE_CURVE_WITH_KNOTS('',1,(#5131,#5132),.UNSPECIFIED.,.F.,.F.,
(2,2),(0.,1.75),.UNSPECIFIED.);
#2962=B_SPLINE_CURVE_WITH_KNOTS('',1,(#5133,#5134),.UNSPECIFIED.,.F.,.F.,
(2,2),(-14.1858452832084,-13.7251578657669),.UNSPECIFIED.);
#2963=B_SPLINE_CURVE_WITH_KNOTS('',1,(#5135,#5136),.UNSPECIFIED.,.F.,.F.,
(2,2),(0.,1.75),.UNSPECIFIED.);
#2964=B_SPLINE_CURVE_WITH_KNOTS('',1,(#5137,#5138),.UNSPECIFIED.,.F.,.F.,
(2,2),(-13.7251578657669,-12.4740370577658),.UNSPECIFIED.);
#2965=B_SPLINE_CURVE_WITH_KNOTS('',1,(#5139,#5140),.UNSPECIFIED.,.F.,.F.,
(2,2),(0.,1.75),.UNSPECIFIED.);
#2966=B_SPLINE_CURVE_WITH_KNOTS('',1,(#5141,#5142),.UNSPECIFIED.,.F.,.F.,
(2,2),(-12.4740370577658,-10.5481851651622),.UNSPECIFIED.);
#2967=B_SPLINE_CURVE_WITH_KNOTS('',1,(#5143,#5144),.UNSPECIFIED.,.F.,.F.,
(2,2),(0.,1.75),.UNSPECIFIED.);
#2968=B_SPLINE_CURVE_WITH_KNOTS('',1,(#5145,#5146),.UNSPECIFIED.,.F.,.F.,
(2,2),(-10.5481851651622,-9.13989694145895),.UNSPECIFIED.);
#2969=B_SPLINE_CURVE_WITH_KNOTS('',1,(#5147,#5148),.UNSPECIFIED.,.F.,.F.,
(2,2),(0.,1.75),.UNSPECIFIED.);
#2970=B_SPLINE_CURVE_WITH_KNOTS('',1,(#5149,#5150),.UNSPECIFIED.,.F.,.F.,
(2,2),(-9.13989694145895,-8.4206723568377),.UNSPECIFIED.);
#2971=B_SPLINE_CURVE_WITH_KNOTS('',1,(#5151,#5152),.UNSPECIFIED.,.F.,.F.,
(2,2),(0.,1.75),.UNSPECIFIED.);
#2972=B_SPLINE_CURVE_WITH_KNOTS('',1,(#5153,#5154),.UNSPECIFIED.,.F.,.F.,
(2,2),(-8.4206723568377,-8.00735579613324),.UNSPECIFIED.);
#2973=B_SPLINE_CURVE_WITH_KNOTS('',1,(#5155,#5156),.UNSPECIFIED.,.F.,.F.,
(2,2),(0.,1.75),.UNSPECIFIED.);
#2974=B_SPLINE_CURVE_WITH_KNOTS('',1,(#5157,#5158),.UNSPECIFIED.,.F.,.F.,
(2,2),(-8.00735579613324,-7.),.UNSPECIFIED.);
#2975=B_SPLINE_CURVE_WITH_KNOTS('',1,(#5159,#5160),.UNSPECIFIED.,.F.,.F.,
(2,2),(0.,1.75),.UNSPECIFIED.);
#2976=B_SPLINE_CURVE_WITH_KNOTS('',1,(#5161,#5162),.UNSPECIFIED.,.F.,.F.,
(2,2),(-7.,-6.),.UNSPECIFIED.);
#2977=B_SPLINE_CURVE_WITH_KNOTS('',1,(#5163,#5164),.UNSPECIFIED.,.F.,.F.,
(2,2),(0.,1.75),.UNSPECIFIED.);
#2978=B_SPLINE_CURVE_WITH_KNOTS('',1,(#5165,#5166),.UNSPECIFIED.,.F.,.F.,
(2,2),(-6.,-5.),.UNSPECIFIED.);
#2979=B_SPLINE_CURVE_WITH_KNOTS('',1,(#5167,#5168),.UNSPECIFIED.,.F.,.F.,
(2,2),(0.,1.75),.UNSPECIFIED.);
#2980=B_SPLINE_CURVE_WITH_KNOTS('',1,(#5169,#5170),.UNSPECIFIED.,.F.,.F.,
(2,2),(-5.,-4.),.UNSPECIFIED.);
#2981=B_SPLINE_CURVE_WITH_KNOTS('',1,(#5171,#5172),.UNSPECIFIED.,.F.,.F.,
(2,2),(0.,1.75),.UNSPECIFIED.);
#2982=B_SPLINE_CURVE_WITH_KNOTS('',1,(#5173,#5174),.UNSPECIFIED.,.F.,.F.,
(2,2),(-4.,-3.),.UNSPECIFIED.);
#2983=B_SPLINE_CURVE_WITH_KNOTS('',1,(#5175,#5176),.UNSPECIFIED.,.F.,.F.,
(2,2),(0.,1.75),.UNSPECIFIED.);
#2984=B_SPLINE_CURVE_WITH_KNOTS('',1,(#5177,#5178),.UNSPECIFIED.,.F.,.F.,
(2,2),(-3.,-2.),.UNSPECIFIED.);
#2985=B_SPLINE_CURVE_WITH_KNOTS('',1,(#5179,#5180),.UNSPECIFIED.,.F.,.F.,
(2,2),(0.,1.75),.UNSPECIFIED.);
#2986=B_SPLINE_CURVE_WITH_KNOTS('',1,(#5181,#5182),.UNSPECIFIED.,.F.,.F.,
(2,2),(-2.,-1.),.UNSPECIFIED.);
#2987=B_SPLINE_CURVE_WITH_KNOTS('',1,(#5183,#5184),.UNSPECIFIED.,.F.,.F.,
(2,2),(0.,1.75),.UNSPECIFIED.);
#2988=B_SPLINE_CURVE_WITH_KNOTS('',1,(#5185,#5186),.UNSPECIFIED.,.F.,.F.,
(2,2),(-1.,0.),.UNSPECIFIED.);
#2989=B_SPLINE_CURVE_WITH_KNOTS('',1,(#5187,#5188),.UNSPECIFIED.,.F.,.F.,
(2,2),(0.,1.75),.UNSPECIFIED.);
#2990=B_SPLINE_CURVE_WITH_KNOTS('',1,(#5189,#5190),.UNSPECIFIED.,.F.,.F.,
(2,2),(0.,0.648293035323148),.UNSPECIFIED.);
#2991=B_SPLINE_CURVE_WITH_KNOTS('',1,(#5198,#5199),.UNSPECIFIED.,.F.,.F.,
(2,2),(0.25000000330968,89.4453920063861),.UNSPECIFIED.);
#2992=B_SPLINE_CURVE_WITH_KNOTS('',1,(#5200,#5201),.UNSPECIFIED.,.F.,.F.,
(2,2),(0.416843984694073,18.0137695952035),.UNSPECIFIED.);
#2993=B_SPLINE_CURVE_WITH_KNOTS('',1,(#5202,#5203),.UNSPECIFIED.,.F.,.F.,
(2,2),(-0.149936197709226,27.2749410316827),.UNSPECIFIED.);
#2994=B_SPLINE_CURVE_WITH_KNOTS('',1,(#5204,#5205),.UNSPECIFIED.,.F.,.F.,
(2,2),(-0.396450538711149,12.6564803609745),.UNSPECIFIED.);
#2995=B_SPLINE_CURVE_WITH_KNOTS('',1,(#5206,#5207),.UNSPECIFIED.,.F.,.F.,
(2,2),(0.25,90.3235169178352),.UNSPECIFIED.);
#2996=B_SPLINE_CURVE_WITH_KNOTS('',1,(#5208,#5209),.UNSPECIFIED.,.F.,.F.,
(2,2),(0.433417115777017,17.1167642333857),.UNSPECIFIED.);
#2997=B_SPLINE_CURVE_WITH_KNOTS('',1,(#5210,#5211),.UNSPECIFIED.,.F.,.F.,
(2,2),(0.106196076561898,62.7089546792049),.UNSPECIFIED.);
#2998=B_SPLINE_CURVE_WITH_KNOTS('',1,(#5212,#5213),.UNSPECIFIED.,.F.,.F.,
(2,2),(-0.209931812906114,44.7571377707337),.UNSPECIFIED.);
#2999=B_SPLINE_CURVE_WITH_KNOTS('',1,(#5214,#5215),.UNSPECIFIED.,.F.,.F.,
(2,2),(0.62175623957411,17.1063459312718),.UNSPECIFIED.);
#3000=B_SPLINE_CURVE_WITH_KNOTS('',1,(#5216,#5217),.UNSPECIFIED.,.F.,.F.,
(2,2),(-0.250000000003442,16.5024808970193),.UNSPECIFIED.);
#3001=B_SPLINE_CURVE_WITH_KNOTS('',1,(#5218,#5219),.UNSPECIFIED.,.F.,.F.,
(2,2),(0.24999999999999,18.5611191795195),.UNSPECIFIED.);
#3002=B_SPLINE_CURVE_WITH_KNOTS('',1,(#5220,#5221),.UNSPECIFIED.,.F.,.F.,
(2,2),(0.25,50.9295473473103),.UNSPECIFIED.);
#3003=B_SPLINE_CURVE_WITH_KNOTS('',1,(#5222,#5223),.UNSPECIFIED.,.F.,.F.,
(2,2),(0.619240388533895,62.0017084884876),.UNSPECIFIED.);
#3004=B_SPLINE_CURVE_WITH_KNOTS('',1,(#5224,#5225),.UNSPECIFIED.,.F.,.F.,
(2,2),(-0.249999999999771,7.87979583020936),.UNSPECIFIED.);
#3005=B_SPLINE_CURVE_WITH_KNOTS('',1,(#5226,#5227),.UNSPECIFIED.,.F.,.F.,
(2,2),(0.106315555318333,14.1803350601786),.UNSPECIFIED.);
#3006=B_SPLINE_CURVE_WITH_KNOTS('',1,(#5228,#5229),.UNSPECIFIED.,.F.,.F.,
(2,2),(-0.100521709351597,11.8857667170962),.UNSPECIFIED.);
#3007=B_SPLINE_CURVE_WITH_KNOTS('',1,(#5230,#5231),.UNSPECIFIED.,.F.,.F.,
(2,2),(-0.142072753188643,38.7461071875587),.UNSPECIFIED.);
#3008=B_SPLINE_CURVE_WITH_KNOTS('',1,(#5232,#5233),.UNSPECIFIED.,.F.,.F.,
(2,2),(-1.13797860024079E-13,11.2640104775254),.UNSPECIFIED.);
#3009=B_SPLINE_CURVE_WITH_KNOTS('',1,(#5234,#5235),.UNSPECIFIED.,.F.,.F.,
(2,2),(0.,13.0071828979812),.UNSPECIFIED.);
#3010=B_SPLINE_CURVE_WITH_KNOTS('',1,(#5236,#5237),.UNSPECIFIED.,.F.,.F.,
(2,2),(0.,17.2072762424705),.UNSPECIFIED.);
#3011=B_SPLINE_CURVE_WITH_KNOTS('',1,(#5238,#5239),.UNSPECIFIED.,.F.,.F.,
(2,2),(0.,18.2490889579922),.UNSPECIFIED.);
#3012=B_SPLINE_CURVE_WITH_KNOTS('',1,(#5240,#5241),.UNSPECIFIED.,.F.,.F.,
(2,2),(0.,62.9589546792122),.UNSPECIFIED.);
#3013=B_SPLINE_CURVE_WITH_KNOTS('',1,(#5242,#5243),.UNSPECIFIED.,.F.,.F.,
(2,2),(-1.13242748511766E-13,18.4548036242012),.UNSPECIFIED.);
#3014=B_SPLINE_CURVE_WITH_KNOTS('',1,(#5244,#5245),.UNSPECIFIED.,.F.,.F.,
(2,2),(-7.79321052135572E-14,18.2429028383057),.UNSPECIFIED.);
#3015=B_SPLINE_CURVE_WITH_KNOTS('',1,(#5246,#5247),.UNSPECIFIED.,.F.,.F.,
(2,2),(-4.27435864480576E-14,23.284834090951),.UNSPECIFIED.);
#3016=B_SPLINE_CURVE_WITH_KNOTS('',1,(#5248,#5249),.UNSPECIFIED.,.F.,.F.,
(2,2),(0.,60.7441729858837),.UNSPECIFIED.);
#3017=B_SPLINE_CURVE_WITH_KNOTS('',1,(#5250,#5251),.UNSPECIFIED.,.F.,.F.,
(2,2),(0.,12.4988314430084),.UNSPECIFIED.);
#3018=B_SPLINE_CURVE_WITH_KNOTS('',1,(#5252,#5253),.UNSPECIFIED.,.F.,.F.,
(2,2),(0.,55.6020572696198),.UNSPECIFIED.);
#3019=B_SPLINE_CURVE_WITH_KNOTS('',1,(#5254,#5255),.UNSPECIFIED.,.F.,.F.,
(2,2),(7.8159700933619E-14,32.1618871668253),.UNSPECIFIED.);
#3020=B_SPLINE_CURVE_WITH_KNOTS('',1,(#5256,#5257),.UNSPECIFIED.,.F.,.F.,
(2,2),(0.,44.3402938000636),.UNSPECIFIED.);
#3021=B_SPLINE_CURVE_WITH_KNOTS('',1,(#5258,#5259),.UNSPECIFIED.,.F.,.F.,
(2,2),(-4.42923475673835E-14,13.3494729291054),.UNSPECIFIED.);
#3022=B_SPLINE_CURVE_WITH_KNOTS('',1,(#5260,#5261),.UNSPECIFIED.,.F.,.F.,
(2,2),(0.,27.4858335488461),.UNSPECIFIED.);
#3023=B_SPLINE_CURVE_WITH_KNOTS('',1,(#5262,#5263),.UNSPECIFIED.,.F.,.F.,
(2,2),(5.15192067087368E-14,28.0218801358904),.UNSPECIFIED.);
#3024=B_SPLINE_CURVE_WITH_KNOTS('',1,(#5264,#5265),.UNSPECIFIED.,.F.,.F.,
(2,2),(0.,28.9535972677547),.UNSPECIFIED.);
#3025=B_SPLINE_CURVE_WITH_KNOTS('',1,(#5266,#5267),.UNSPECIFIED.,.F.,.F.,
(2,2),(0.,17.2588369893911),.UNSPECIFIED.);
#3026=B_SPLINE_CURVE_WITH_KNOTS('',1,(#5268,#5269),.UNSPECIFIED.,.F.,.F.,
(2,2),(0.,20.2343759933406),.UNSPECIFIED.);
#3027=B_SPLINE_CURVE_WITH_KNOTS('',1,(#5270,#5271),.UNSPECIFIED.,.F.,.F.,
(2,2),(-1.79412040779313E-14,9.24311256016109),.UNSPECIFIED.);
#3028=B_SPLINE_CURVE_WITH_KNOTS('',1,(#5272,#5273),.UNSPECIFIED.,.F.,.F.,
(2,2),(0.,25.1021625876782),.UNSPECIFIED.);
#3029=B_SPLINE_CURVE_WITH_KNOTS('',1,(#5274,#5275),.UNSPECIFIED.,.F.,.F.,
(2,2),(0.,38.6397916322385),.UNSPECIFIED.);
#3030=B_SPLINE_CURVE_WITH_KNOTS('',1,(#5276,#5277),.UNSPECIFIED.,.F.,.F.,
(2,2),(-4.60742555219422E-14,28.2555287512093),.UNSPECIFIED.);
#3031=B_SPLINE_CURVE_WITH_KNOTS('',1,(#5278,#5279),.UNSPECIFIED.,.F.,.F.,
(2,2),(0.,14.4303350601786),.UNSPECIFIED.);
#3032=B_SPLINE_CURVE_WITH_KNOTS('',1,(#5280,#5281),.UNSPECIFIED.,.F.,.F.,
(2,2),(0.,51.1795473473067),.UNSPECIFIED.);
#3033=B_SPLINE_CURVE_WITH_KNOTS('',1,(#5282,#5283),.UNSPECIFIED.,.F.,.F.,
(2,2),(0.,90.573516917837),.UNSPECIFIED.);
#3034=B_SPLINE_CURVE_WITH_KNOTS('',1,(#5284,#5285),.UNSPECIFIED.,.F.,.F.,
(2,2),(0.,89.1953920063861),.UNSPECIFIED.);
#3035=B_SPLINE_CURVE_WITH_KNOTS('',1,(#5286,#5287),.UNSPECIFIED.,.F.,.F.,
(2,2),(0.,8.02973202791873),.UNSPECIFIED.);
#3036=B_SPLINE_CURVE_WITH_KNOTS('',1,(#5288,#5289),.UNSPECIFIED.,.F.,.F.,
(2,2),(0.,20.6702839343567),.UNSPECIFIED.);
#3037=B_SPLINE_CURVE_WITH_KNOTS('',1,(#5290,#5291),.UNSPECIFIED.,.F.,.F.,
(2,2),(0.,17.7637695952035),.UNSPECIFIED.);
#3038=B_SPLINE_CURVE_WITH_KNOTS('',1,(#5292,#5293),.UNSPECIFIED.,.F.,.F.,
(2,2),(0.,16.3962848204574),.UNSPECIFIED.);
#3039=B_SPLINE_CURVE_WITH_KNOTS('',1,(#5294,#5295),.UNSPECIFIED.,.F.,.F.,
(2,2),(0.,18.2490889579922),.UNSPECIFIED.);
#3040=B_SPLINE_CURVE_WITH_KNOTS('',1,(#5296,#5297),.UNSPECIFIED.,.F.,.F.,
(2,2),(0.,62.1022301978392),.UNSPECIFIED.);
#3041=B_SPLINE_CURVE_WITH_KNOTS('',1,(#5298,#5299),.UNSPECIFIED.,.F.,.F.,
(2,2),(0.,13.0071828979837),.UNSPECIFIED.);
#3042=B_SPLINE_CURVE_WITH_KNOTS('',3,(#5300,#5301,#5302,#5303,#5304,#5305,
#5306,#5307,#5308,#5309,#5310,#5311),.UNSPECIFIED.,.F.,.F.,(4,1,1,1,1,1,
1,1,1,4),(0.,0.0404933421581836,0.0833907656507202,0.128419297692462,0.175128690319891,
0.22287534479229,0.27085347931415,0.318178203824523,0.363998044710319,0.407599173527428),
 .UNSPECIFIED.);
#3043=B_SPLINE_CURVE_WITH_KNOTS('',3,(#5312,#5313,#5314,#5315,#5316,#5317,
#5318,#5319,#5320,#5321,#5322,#5323),.UNSPECIFIED.,.F.,.F.,(4,1,1,1,1,1,
1,1,1,4),(-0.75776932060547,-0.649965667733702,-0.538912715711441,-0.429124851213271,
-0.325604520265104,-0.232978069266849,-0.15450815968274,-0.0912156778216452,
-0.0412773426251166,0.),.UNSPECIFIED.);
#3044=B_SPLINE_CURVE_WITH_KNOTS('',3,(#5324,#5325,#5326,#5327,#5328,#5329,
#5330,#5331,#5332,#5333,#5334,#5335),.UNSPECIFIED.,.F.,.F.,(4,1,1,1,1,1,
1,1,1,4),(-0.409332592089309,-0.365382639243629,-0.319213291947406,-0.2715639245856,
-0.223311068636382,-0.175357591338975,-0.12851468009931,-0.0834171823233985,
-0.0404958290866939,0.),.UNSPECIFIED.);
#3045=B_SPLINE_CURVE_WITH_KNOTS('',3,(#5336,#5337,#5338,#5339,#5340,#5341,
#5342,#5343,#5344,#5345,#5346,#5347),.UNSPECIFIED.,.F.,.F.,(4,1,1,1,1,1,
1,1,1,4),(-0.476919228463077,-0.419777128917793,-0.360316432854096,-0.300176040281584,
-0.241160957512189,-0.184912775253009,-0.13257048081529,-0.0845578961547061,
-0.0406042800242577,0.),.UNSPECIFIED.);
#3046=B_SPLINE_CURVE_WITH_KNOTS('',3,(#5348,#5349,#5350,#5351,#5352,#5353,
#5354,#5355,#5356,#5357,#5358,#5359),.UNSPECIFIED.,.F.,.F.,(4,1,1,1,1,1,
1,1,1,4),(-0.476919228458397,-0.419777128923377,-0.360316432852062,-0.300176040275851,
-0.24116095751223,-0.184912775250965,-0.132570480810603,-0.0845578961569865,
-0.0406042800240258,0.),.UNSPECIFIED.);
#3047=B_SPLINE_CURVE_WITH_KNOTS('',3,(#5360,#5361,#5362,#5363,#5364,#5365,
#5366,#5367,#5368,#5369,#5370,#5371),.UNSPECIFIED.,.F.,.F.,(4,1,1,1,1,1,
1,1,1,4),(0.,0.04060428002324,0.0845578961573041,0.132570480815947,0.184912775251056,
0.241160957516563,0.300176040278999,0.360316432851472,0.419777128917666,
0.476919228459083),.UNSPECIFIED.);
#3048=B_SPLINE_CURVE_WITH_KNOTS('',3,(#5372,#5373,#5374,#5375,#5376,#5377,
#5378,#5379,#5380,#5381,#5382,#5383),.UNSPECIFIED.,.F.,.F.,(4,1,1,1,1,1,
1,1,1,4),(0.,0.0406042800238439,0.0845578961538774,0.132570480812408,0.184912775255513,
0.241160957514693,0.300176040278301,0.360316432838548,0.419777128917435,
0.476919228457582),.UNSPECIFIED.);
#3049=B_SPLINE_CURVE_WITH_KNOTS('',3,(#5384,#5385,#5386,#5387,#5388,#5389,
#5390,#5391,#5392,#5393,#5394,#5395),.UNSPECIFIED.,.F.,.F.,(4,1,1,1,1,1,
1,1,1,4),(0.,0.0406042800238187,0.0845578961551375,0.132570480817102,0.18491277525751,
0.241160957516689,0.300176040281455,0.360316432844159,0.419777128917985,
0.476919228458133),.UNSPECIFIED.);
#3050=B_SPLINE_CURVE_WITH_KNOTS('',3,(#5396,#5397,#5398,#5399,#5400,#5401,
#5402,#5403,#5404,#5405,#5406,#5407),.UNSPECIFIED.,.F.,.F.,(4,1,1,1,1,1,
1,1,1,4),(-0.409369996719451,-0.365412523826755,-0.319235640361161,-0.271579270225858,
-0.223320484945202,-0.1753625406173,-0.128516743435671,-0.0834177539913261,
-0.0404958829170221,0.),.UNSPECIFIED.);
#3051=B_SPLINE_CURVE_WITH_KNOTS('',3,(#5408,#5409,#5410,#5411,#5412,#5413,
#5414,#5415,#5416,#5417,#5418,#5419),.UNSPECIFIED.,.F.,.F.,(4,1,1,1,1,1,
1,1,1,4),(-0.422166458190854,-0.375653000720278,-0.326911394104506,-0.276865530234551,
-0.226575531312188,-0.177079744312088,-0.129235121593897,-0.0836173375839193,
-0.0405147084696041,0.),.UNSPECIFIED.);
#3052=B_SPLINE_CURVE_WITH_KNOTS('',3,(#5420,#5421,#5422,#5423,#5424,#5425,
#5426,#5427,#5428,#5429,#5430,#5431),.UNSPECIFIED.,.F.,.F.,(4,1,1,1,1,1,
1,1,1,4),(0.,0.0405195740534246,0.0836688117023742,0.129419763617632,0.177519240416857,
0.22740489690198,0.278206818785448,0.328852105449392,0.378235109975029,
0.425386835735841),.UNSPECIFIED.);
#3053=B_SPLINE_CURVE_WITH_KNOTS('',3,(#5432,#5433,#5434,#5435,#5436,#5437,
#5438,#5439,#5440,#5441,#5442,#5443),.UNSPECIFIED.,.F.,.F.,(4,1,1,1,1,1,
1,1,1,4),(-0.592327895383462,-0.513829836879216,-0.432681246547607,-0.351802577997281,
-0.274405454580646,-0.203403831108077,-0.140758077417864,-0.0869550885557764,
-0.0408388514814403,0.),.UNSPECIFIED.);
#3054=B_SPLINE_CURVE_WITH_KNOTS('',3,(#5444,#5445,#5446,#5447,#5448,#5449,
#5450,#5451,#5452,#5453,#5454,#5455),.UNSPECIFIED.,.F.,.F.,(4,1,1,1,1,1,
1,1,1,4),(-0.476919228462,-0.419777128924452,-0.360316432854498,-0.300176040283296,
-0.241160957520884,-0.184912775256403,-0.132570480813139,-0.0845578961571083,
-0.0406042800246009,0.),.UNSPECIFIED.);
#3055=B_SPLINE_CURVE_WITH_KNOTS('',3,(#5456,#5457,#5458,#5459,#5460,#5461,
#5462,#5463,#5464,#5465,#5466,#5467),.UNSPECIFIED.,.F.,.F.,(4,1,1,1,1,1,
1,1,1,4),(-0.407721161967103,-0.364095463747525,-0.318251009644242,-0.270903431004163,
-0.222905966865284,-0.175144769568427,-0.128425994945835,-0.0833926198554435,
-0.0404935166813467,0.),.UNSPECIFIED.);
#3056=B_SPLINE_CURVE_WITH_KNOTS('',3,(#5468,#5469,#5470,#5471,#5472,#5473,
#5474,#5475,#5476,#5477,#5478,#5479),.UNSPECIFIED.,.F.,.F.,(4,1,1,1,1,1,
1,1,1,4),(-0.759931072072587,-0.651750871143854,-0.54031310251476,-0.43015193397924,
-0.32629212309474,-0.233381583246643,-0.154700007436217,-0.0912769002550413,
-0.0412838392549479,0.),.UNSPECIFIED.);
#3057=B_SPLINE_CURVE_WITH_KNOTS('',3,(#5480,#5481,#5482,#5483,#5484,#5485,
#5486,#5487,#5488,#5489,#5490,#5491),.UNSPECIFIED.,.F.,.F.,(4,1,1,1,1,1,
1,1,1,4),(-0.759931072076319,-0.651750871147916,-0.540313102529267,-0.430151933987742,
-0.326292123120586,-0.233381583249391,-0.154700007437478,-0.0912769002542053,
-0.0412838392544657,0.),.UNSPECIFIED.);
#3058=B_SPLINE_CURVE_WITH_KNOTS('',3,(#5494,#5495,#5496,#5497,#5498,#5499,
#5500,#5501,#5502,#5503,#5504,#5505),.UNSPECIFIED.,.F.,.F.,(4,1,1,1,1,1,
1,1,1,4),(-0.409332592087538,-0.365382639244944,-0.319213291948227,-0.271563924582475,
-0.223311068636649,-0.175357591339614,-0.128514680099954,-0.0834171823238288,
-0.0404958290867523,0.),.UNSPECIFIED.);
#3059=B_SPLINE_CURVE_WITH_KNOTS('',3,(#5508,#5509,#5510,#5511,#5512,#5513,
#5514,#5515,#5516,#5517,#5518,#5519),.UNSPECIFIED.,.F.,.F.,(4,1,1,1,1,1,
1,1,1,4),(0.,0.0407049837324287,0.0855982657348116,0.136173882300374,0.19316085039886,
0.25615693537418,0.323666331174075,0.393453972253378,0.463042832637384,
0.530175289175778),.UNSPECIFIED.);
#3060=B_SPLINE_CURVE_WITH_KNOTS('',3,(#5520,#5521,#5522,#5523,#5524,#5525,
#5526,#5527,#5528,#5529,#5530,#5531),.UNSPECIFIED.,.F.,.F.,(4,1,1,1,1,1,
1,1,1,4),(0.,0.0404958829173423,0.0834177539931219,0.128516743437313,0.175362540616255,
0.223320484945375,0.271579270233306,0.319235640366809,0.365412523836131,
0.409369996721432),.UNSPECIFIED.);
#3061=B_SPLINE_CURVE_WITH_KNOTS('',3,(#5536,#5537,#5538,#5539,#5540,#5541,
#5542,#5543,#5544,#5545,#5546,#5547),.UNSPECIFIED.,.F.,.F.,(4,1,1,1,1,1,
1,1,1,4),(-0.576882044021844,-0.501184504998931,-0.42288707016971,-0.344750062517114,
-0.269806714847528,-0.200804089818875,-0.139584233344773,-0.0866042911618948,
-0.040803968398561,0.),.UNSPECIFIED.);
#3062=B_SPLINE_CURVE_WITH_KNOTS('',3,(#5548,#5549,#5550,#5551,#5552,#5553,
#5554,#5555,#5556,#5557,#5558,#5559),.UNSPECIFIED.,.F.,.F.,(4,1,1,1,1,1,
1,1,1,4),(-0.418151176463187,-0.372436257143533,-0.324496590568737,-0.275199180273566,
-0.225547079514844,-0.176535839748094,-0.12900705280351,-0.0835538559497801,
-0.0405087137089424,0.),.UNSPECIFIED.);
#3063=B_SPLINE_CURVE_WITH_KNOTS('',3,(#5562,#5563,#5564,#5565,#5566,#5567,
#5568,#5569,#5570,#5571,#5572,#5573),.UNSPECIFIED.,.F.,.F.,(4,1,1,1,1,1,
1,1,1,4),(-0.428678621024203,-0.380876417320391,-0.330839385872256,-0.279582166372954,
-0.228256712858006,-0.177971436671201,-0.129610067509055,-0.0837219388396405,
-0.0405246003256837,0.),.UNSPECIFIED.);
#3064=B_SPLINE_CURVE_WITH_KNOTS('',3,(#5576,#5577,#5578,#5579,#5580,#5581,
#5582,#5583,#5584,#5585,#5586,#5587),.UNSPECIFIED.,.F.,.F.,(4,1,1,1,1,1,
1,1,1,4),(-0.454159825754279,-0.401382808523211,-0.346333194163345,-0.290364795522656,
-0.234980334165738,-0.181567835845319,-0.131134981103453,-0.0841503428824711,
-0.0405652952831224,0.),.UNSPECIFIED.);
#3065=B_SPLINE_CURVE_WITH_KNOTS('',3,(#5588,#5589,#5590,#5591,#5592,#5593,
#5594,#5595,#5596,#5597,#5598,#5599),.UNSPECIFIED.,.F.,.F.,(4,1,1,1,1,1,
1,1,1,4),(0.,0.0417467739780691,0.0955168200363603,0.167687956251536,0.26028687194995,
0.371685459929549,0.49751083412134,0.631747814009906,0.76796093673302,0.900366273545683),
 .UNSPECIFIED.);
#3066=B_SPLINE_CURVE_WITH_KNOTS('',3,(#5604,#5605,#5606,#5607,#5608,#5609,
#5610,#5611,#5612,#5613,#5614,#5615),.UNSPECIFIED.,.F.,.F.,(4,1,1,1,1,1,
1,1,1,4),(-0.395336155970184,-0.354222005343821,-0.310890033831876,-0.265868650290505,
-0.219830372429599,-0.173535689215359,-0.127758007275189,-0.0832081562858239,
-0.0404761814818852,0.),.UNSPECIFIED.);
#3067=B_SPLINE_CURVE_WITH_KNOTS('',3,(#5616,#5617,#5618,#5619,#5620,#5621,
#5622,#5623,#5624,#5625,#5626,#5627),.UNSPECIFIED.,.F.,.F.,(4,1,1,1,1,1,
1,1,1,4),(-0.454675311898691,-0.40179866829611,-0.346648499290378,-0.290585245431171,
-0.235118586616949,-0.181642266399965,-0.131166747809347,-0.0841593175423207,
-0.0405661509241022,0.),.UNSPECIFIED.);
#3068=B_SPLINE_CURVE_WITH_KNOTS('',3,(#5630,#5631,#5632,#5633,#5634,#5635,
#5636,#5637,#5638,#5639,#5640,#5641),.UNSPECIFIED.,.F.,.F.,(4,1,1,1,1,1,
1,1,1,4),(0.,0.0408684650771112,0.0872514153075644,0.141743905738938,0.205576093098813,
0.278232883803559,0.357655214620135,0.440792214303553,0.524286709447857,
0.605087885821687),.UNSPECIFIED.);
#3069=B_SPLINE_CURVE_WITH_KNOTS('',3,(#5646,#5647,#5648,#5649,#5650,#5651,
#5652,#5653,#5654,#5655,#5656,#5657),.UNSPECIFIED.,.F.,.F.,(4,1,1,1,1,1,
1,1,1,4),(-0.476919228461759,-0.419777128922818,-0.360316432849794,-0.300176040279797,
-0.241160957521078,-0.184912775249989,-0.132570480815578,-0.0845578961552515,
-0.0406042800247029,0.),.UNSPECIFIED.);
#3070=B_SPLINE_CURVE_WITH_KNOTS('',3,(#5660,#5661,#5662,#5663,#5664,#5665,
#5666,#5667,#5668,#5669,#5670,#5671),.UNSPECIFIED.,.F.,.F.,(4,1,1,1,1,1,
1,1,1,4),(0.,0.0405147084703555,0.0836173375859254,0.129235121598515,0.177079744316892,
0.226575531309926,0.276865530236869,0.326911394106313,0.375653000724618,
0.42216645819067),.UNSPECIFIED.);
#3071=B_SPLINE_CURVE_WITH_KNOTS('',3,(#5672,#5673,#5674,#5675,#5676,#5677,
#5678,#5679,#5680,#5681,#5682,#5683),.UNSPECIFIED.,.F.,.F.,(4,1,1,1,1,1,
1,1,1,4),(-0.476919228454252,-0.419777128911778,-0.360316432844851,-0.300176040277757,
-0.241160957513698,-0.184912775253088,-0.132570480811588,-0.0845578961540056,
-0.0406042800250207,0.),.UNSPECIFIED.);
#3072=B_SPLINE_CURVE_WITH_KNOTS('',3,(#5686,#5687,#5688,#5689,#5690,#5691,
#5692,#5693,#5694,#5695,#5696,#5697),.UNSPECIFIED.,.F.,.F.,(4,1,1,1,1,1,
1,1,1,4),(-0.409369996718448,-0.365412523836272,-0.31923564036486,-0.271579270227326,
-0.223320484941193,-0.17536254061596,-0.128516743438192,-0.0834177539918227,
-0.0404958829175501,0.),.UNSPECIFIED.);
#3073=B_SPLINE_CURVE_WITH_KNOTS('',3,(#5700,#5701,#5702,#5703,#5704,#5705,
#5706,#5707,#5708,#5709,#5710,#5711),.UNSPECIFIED.,.F.,.F.,(4,1,1,1,1,1,
1,1,1,4),(0.,0.0408388514812093,0.0869550885532964,0.140758077417285,0.203403831107659,
0.274405454577984,0.351802577986992,0.432681246544043,0.513829836875687,
0.592327895378388),.UNSPECIFIED.);
#3074=B_SPLINE_CURVE_WITH_KNOTS('',3,(#5712,#5713,#5714,#5715,#5716,#5717,
#5718,#5719,#5720,#5721,#5722,#5723),.UNSPECIFIED.,.F.,.F.,(4,1,1,1,1,1,
1,1,1,4),(0.,0.040519574053519,0.0836688117008254,0.12941976361993,0.177519240412779,
0.227404896903069,0.278206818777694,0.328852105447824,0.378235109972305,
0.425386835732211),.UNSPECIFIED.);
#3075=B_SPLINE_CURVE_WITH_KNOTS('',3,(#5728,#5729,#5730,#5731,#5732,#5733,
#5734,#5735,#5736,#5737,#5738,#5739),.UNSPECIFIED.,.F.,.F.,(4,1,1,1,1,1,
1,1,1,4),(0.,0.0404933421580482,0.0833907656516771,0.1284192976887,0.175128690314757,
0.222875344790076,0.270853479313095,0.31817820381673,0.363998044704554,
0.407599173529824),.UNSPECIFIED.);
#3076=B_SPLINE_CURVE_WITH_KNOTS('',1,(#5874,#5875),.UNSPECIFIED.,.F.,.F.,
(2,2),(-18.2433200551932,-15.6238999363463),.UNSPECIFIED.);
#3077=B_SPLINE_CURVE_WITH_KNOTS('',1,(#5876,#5877),.UNSPECIFIED.,.F.,.F.,
(2,2),(0.,1.75),.UNSPECIFIED.);
#3078=B_SPLINE_CURVE_WITH_KNOTS('',1,(#5878,#5879),.UNSPECIFIED.,.F.,.F.,
(2,2),(0.,1.75),.UNSPECIFIED.);
#3079=B_SPLINE_CURVE_WITH_KNOTS('',1,(#5880,#5881),.UNSPECIFIED.,.F.,.F.,
(2,2),(-15.6238999363463,-10.9229033847123),.UNSPECIFIED.);
#3080=B_SPLINE_CURVE_WITH_KNOTS('',1,(#5882,#5883),.UNSPECIFIED.,.F.,.F.,
(2,2),(0.,1.75),.UNSPECIFIED.);
#3081=B_SPLINE_CURVE_WITH_KNOTS('',1,(#5884,#5885,#5886),.UNSPECIFIED.,
 .F.,.F.,(2,1,2),(-10.9229033847123,-10.1216600275966,-9.3204166704809),
 .UNSPECIFIED.);
#3082=B_SPLINE_CURVE_WITH_KNOTS('',1,(#5887,#5888),.UNSPECIFIED.,.F.,.F.,
(2,2),(0.,1.75),.UNSPECIFIED.);
#3083=B_SPLINE_CURVE_WITH_KNOTS('',1,(#5889,#5890),.UNSPECIFIED.,.F.,.F.,
(2,2),(-9.3204166704809,-4.61942011884691),.UNSPECIFIED.);
#3084=B_SPLINE_CURVE_WITH_KNOTS('',1,(#5891,#5892),.UNSPECIFIED.,.F.,.F.,
(2,2),(0.,1.75),.UNSPECIFIED.);
#3085=B_SPLINE_CURVE_WITH_KNOTS('',1,(#5893,#5894),.UNSPECIFIED.,.F.,.F.,
(2,2),(-4.61942011884691,-2.),.UNSPECIFIED.);
#3086=B_SPLINE_CURVE_WITH_KNOTS('',1,(#5895,#5896),.UNSPECIFIED.,.F.,.F.,
(2,2),(0.,1.75),.UNSPECIFIED.);
#3087=B_SPLINE_CURVE_WITH_KNOTS('',1,(#5897,#5898),.UNSPECIFIED.,.F.,.F.,
(2,2),(-2.,-1.),.UNSPECIFIED.);
#3088=B_SPLINE_CURVE_WITH_KNOTS('',1,(#5899,#5900),.UNSPECIFIED.,.F.,.F.,
(2,2),(0.,1.75),.UNSPECIFIED.);
#3089=B_SPLINE_CURVE_WITH_KNOTS('',1,(#5901,#5902),.UNSPECIFIED.,.F.,.F.,
(2,2),(-1.,0.),.UNSPECIFIED.);
#3090=B_SPLINE_CURVE_WITH_KNOTS('',1,(#5903,#5904),.UNSPECIFIED.,.F.,.F.,
(2,2),(0.,1.75),.UNSPECIFIED.);
#3091=B_SPLINE_CURVE_WITH_KNOTS('',1,(#5905,#5906),.UNSPECIFIED.,.F.,.F.,
(2,2),(0.,1.),.UNSPECIFIED.);
#3092=B_SPLINE_CURVE_WITH_KNOTS('',1,(#5907,#5908),.UNSPECIFIED.,.F.,.F.,
(2,2),(0.,1.75),.UNSPECIFIED.);
#3093=B_SPLINE_CURVE_WITH_KNOTS('',1,(#5909,#5910),.UNSPECIFIED.,.F.,.F.,
(2,2),(1.,2.),.UNSPECIFIED.);
#3094=B_SPLINE_CURVE_WITH_KNOTS('',1,(#5911,#5912),.UNSPECIFIED.,.F.,.F.,
(2,2),(0.103053683873425,42.8738899864402),.UNSPECIFIED.);
#3095=B_SPLINE_CURVE_WITH_KNOTS('',1,(#5913,#5914),.UNSPECIFIED.,.F.,.F.,
(2,2),(0.250000000000018,31.9018767715934),.UNSPECIFIED.);
#3096=B_SPLINE_CURVE_WITH_KNOTS('',1,(#5915,#5916),.UNSPECIFIED.,.F.,.F.,
(2,2),(0.606480017540846,43.3773163201222),.UNSPECIFIED.);
#3097=B_SPLINE_CURVE_WITH_KNOTS('',1,(#5917,#5918),.UNSPECIFIED.,.F.,.F.,
(2,2),(-0.606480017533623,94.0695725053592),.UNSPECIFIED.);
#3098=B_SPLINE_CURVE_WITH_KNOTS('',1,(#5919,#5920),.UNSPECIFIED.,.F.,.F.,
(2,2),(0.250000007596922,94.9260525229002),.UNSPECIFIED.);
#3099=B_SPLINE_CURVE_WITH_KNOTS('',1,(#5921,#5922),.UNSPECIFIED.,.F.,.F.,
(2,2),(0.,52.5553641888349),.UNSPECIFIED.);
#3100=B_SPLINE_CURVE_WITH_KNOTS('',1,(#5923,#5924),.UNSPECIFIED.,.F.,.F.,
(2,2),(0.,94.3195725053592),.UNSPECIFIED.);
#3101=B_SPLINE_CURVE_WITH_KNOTS('',1,(#5925,#5926),.UNSPECIFIED.,.F.,.F.,
(2,2),(0.,94.3195725053592),.UNSPECIFIED.);
#3102=B_SPLINE_CURVE_WITH_KNOTS('',1,(#5927,#5928),.UNSPECIFIED.,.F.,.F.,
(2,2),(0.,52.5553641888336),.UNSPECIFIED.);
#3103=B_SPLINE_CURVE_WITH_KNOTS('',1,(#5929,#5930),.UNSPECIFIED.,.F.,.F.,
(2,2),(0.,43.4803700039847),.UNSPECIFIED.);
#3104=B_SPLINE_CURVE_WITH_KNOTS('',1,(#5931,#5932),.UNSPECIFIED.,.F.,.F.,
(2,2),(0.,75.3682043218268),.UNSPECIFIED.);
#3105=B_SPLINE_CURVE_WITH_KNOTS('',1,(#5933,#5934),.UNSPECIFIED.,.F.,.F.,
(2,2),(0.,75.3682043218281),.UNSPECIFIED.);
#3106=B_SPLINE_CURVE_WITH_KNOTS('',1,(#5935,#5936),.UNSPECIFIED.,.F.,.F.,
(2,2),(0.,43.4803700039811),.UNSPECIFIED.);
#3107=B_SPLINE_CURVE_WITH_KNOTS('',3,(#5937,#5938,#5939,#5940,#5941,#5942,
#5943,#5944,#5945,#5946,#5947,#5948),.UNSPECIFIED.,.F.,.F.,(4,1,1,1,1,1,
1,1,1,4),(-0.746842289155868,-0.640943992637765,-0.53183807010434,-0.423938608526013,
-0.322134938712213,-0.230944114244838,-0.153542636187568,-0.0909082393232358,
-0.0412448012096503,0.),.UNSPECIFIED.);
#3108=B_SPLINE_CURVE_WITH_KNOTS('',3,(#5949,#5950,#5951,#5952,#5953,#5954,
#5955,#5956,#5957,#5958,#5959,#5960),.UNSPECIFIED.,.F.,.F.,(4,1,1,1,1,1,
1,1,1,4),(-0.408362197234418,-0.364607442291183,-0.318633690676746,-0.271166035013603,
-0.223066986501101,-0.175229337819681,-0.128461226211332,-0.083402375582283,
-0.0404944350072721,0.),.UNSPECIFIED.);
#3109=B_SPLINE_CURVE_WITH_KNOTS('',3,(#5961,#5962,#5963,#5964,#5965,#5966,
#5967,#5968,#5969,#5970,#5971,#5972),.UNSPECIFIED.,.F.,.F.,(4,1,1,1,1,1,
1,1,1,4),(-0.74684228915648,-0.640943992643125,-0.531838070108321,-0.423938608529312,
-0.322134938716185,-0.230944114242525,-0.153542636198231,-0.0909082393231074,
-0.0412448012102159,0.),.UNSPECIFIED.);
#3110=B_SPLINE_CURVE_WITH_KNOTS('',3,(#5973,#5974,#5975,#5976,#5977,#5978,
#5979,#5980,#5981,#5982,#5983,#5984),.UNSPECIFIED.,.F.,.F.,(4,1,1,1,1,1,
1,1,1,4),(-0.476919228461929,-0.419777128916659,-0.360316432850465,-0.300176040282897,
-0.241160957515835,-0.184912775256632,-0.132570480815248,-0.0845578961566006,
-0.0406042800238282,0.),.UNSPECIFIED.);
#3111=B_SPLINE_CURVE_WITH_KNOTS('',3,(#5987,#5988,#5989,#5990,#5991,#5992,
#5993,#5994,#5995,#5996,#5997,#5998),.UNSPECIFIED.,.F.,.F.,(4,1,1,1,1,1,
1,1,1,4),(0.,0.0406042800244107,0.084557896156012,0.132570480816146,0.184912775255804,
0.241160957521329,0.300176040289531,0.360316432859517,0.419777128925681,
0.476919228460666),.UNSPECIFIED.);
#3112=B_SPLINE_CURVE_WITH_KNOTS('',3,(#5999,#6000,#6001,#6002,#6003,#6004,
#6005,#6006,#6007,#6008,#6009,#6010),.UNSPECIFIED.,.F.,.F.,(4,1,1,1,1,1,
1,1,1,4),(0.,0.0412448012102009,0.0909082393241797,0.153542636192135,0.230944114251741,
0.322134938722905,0.423938608528856,0.531838070094605,0.64094399262803,
0.746842289148109),.UNSPECIFIED.);
#3113=B_SPLINE_CURVE_WITH_KNOTS('',3,(#6013,#6014,#6015,#6016,#6017,#6018,
#6019,#6020,#6021,#6022,#6023,#6024),.UNSPECIFIED.,.F.,.F.,(4,1,1,1,1,1,
1,1,1,4),(0.,0.0412448012104083,0.09090823931757,0.153542636193133,0.230944114237379,
0.322134938711674,0.423938608517636,0.53183807010398,0.640943992634076,
0.746842289156241),.UNSPECIFIED.);
#3114=B_SPLINE_CURVE_WITH_KNOTS('',3,(#6029,#6030,#6031,#6032,#6033,#6034,
#6035,#6036,#6037,#6038,#6039,#6040),.UNSPECIFIED.,.F.,.F.,(4,1,1,1,1,1,
1,1,1,4),(0.,0.040494435007448,0.0834023755831985,0.128461226208365,0.175229337816898,
0.223066986502609,0.271166035015608,0.318633690676374,0.364607442289457,
0.408362197235161),.UNSPECIFIED.);
#3115=B_SPLINE_CURVE_WITH_KNOTS('',3,(#6041,#6042,#6043,#6044,#6045,#6046,
#6047,#6048,#6049,#6050,#6051,#6052),.UNSPECIFIED.,.F.,.F.,(4,1,1,1,1,1,
1,1,1,4),(0.,0.0406060973738906,0.0845768282744137,0.132636820110391,0.185066474256858,
0.241443432690382,0.300622412724116,0.360950347063435,0.420608817567716,
0.477946395778969),.UNSPECIFIED.);
#3116=B_SPLINE_CURVE_WITH_KNOTS('',1,(#6281,#6282),.UNSPECIFIED.,.F.,.F.,
(2,2),(-0.648293035323148,0.),.UNSPECIFIED.);
#3117=B_SPLINE_CURVE_WITH_KNOTS('',1,(#6283,#6284),.UNSPECIFIED.,.F.,.F.,
(2,2),(0.,1.),.UNSPECIFIED.);
#3118=B_SPLINE_CURVE_WITH_KNOTS('',1,(#6285,#6286),.UNSPECIFIED.,.F.,.F.,
(2,2),(1.,2.),.UNSPECIFIED.);
#3119=B_SPLINE_CURVE_WITH_KNOTS('',1,(#6287,#6288),.UNSPECIFIED.,.F.,.F.,
(2,2),(2.,3.),.UNSPECIFIED.);
#3120=B_SPLINE_CURVE_WITH_KNOTS('',1,(#6289,#6290),.UNSPECIFIED.,.F.,.F.,
(2,2),(3.,4.),.UNSPECIFIED.);
#3121=B_SPLINE_CURVE_WITH_KNOTS('',1,(#6291,#6292),.UNSPECIFIED.,.F.,.F.,
(2,2),(4.,5.),.UNSPECIFIED.);
#3122=B_SPLINE_CURVE_WITH_KNOTS('',1,(#6293,#6294),.UNSPECIFIED.,.F.,.F.,
(2,2),(5.,6.),.UNSPECIFIED.);
#3123=B_SPLINE_CURVE_WITH_KNOTS('',1,(#6295,#6296),.UNSPECIFIED.,.F.,.F.,
(2,2),(6.,7.),.UNSPECIFIED.);
#3124=B_SPLINE_CURVE_WITH_KNOTS('',1,(#6297,#6298),.UNSPECIFIED.,.F.,.F.,
(2,2),(7.,8.00735579613324),.UNSPECIFIED.);
#3125=B_SPLINE_CURVE_WITH_KNOTS('',1,(#6299,#6300),.UNSPECIFIED.,.F.,.F.,
(2,2),(8.00735579613324,8.4206723568377),.UNSPECIFIED.);
#3126=B_SPLINE_CURVE_WITH_KNOTS('',1,(#6301,#6302),.UNSPECIFIED.,.F.,.F.,
(2,2),(8.4206723568377,9.13989694145895),.UNSPECIFIED.);
#3127=B_SPLINE_CURVE_WITH_KNOTS('',1,(#6303,#6304),.UNSPECIFIED.,.F.,.F.,
(2,2),(9.13989694145895,10.5481851651622),.UNSPECIFIED.);
#3128=B_SPLINE_CURVE_WITH_KNOTS('',1,(#6305,#6306),.UNSPECIFIED.,.F.,.F.,
(2,2),(10.5481851651622,12.4740370577658),.UNSPECIFIED.);
#3129=B_SPLINE_CURVE_WITH_KNOTS('',1,(#6307,#6308),.UNSPECIFIED.,.F.,.F.,
(2,2),(12.4740370577658,13.7251578657669),.UNSPECIFIED.);
#3130=B_SPLINE_CURVE_WITH_KNOTS('',1,(#6309,#6310),.UNSPECIFIED.,.F.,.F.,
(2,2),(13.7251578657669,14.1858452832084),.UNSPECIFIED.);
#3131=B_SPLINE_CURVE_WITH_KNOTS('',1,(#6311,#6312),.UNSPECIFIED.,.F.,.F.,
(2,2),(14.1858452832084,15.19434997892),.UNSPECIFIED.);
#3132=B_SPLINE_CURVE_WITH_KNOTS('',1,(#6313,#6314),.UNSPECIFIED.,.F.,.F.,
(2,2),(15.19434997892,16.0545503701773),.UNSPECIFIED.);
#3133=B_SPLINE_CURVE_WITH_KNOTS('',1,(#6315,#6316),.UNSPECIFIED.,.F.,.F.,
(2,2),(16.0545503701773,17.4976311358941),.UNSPECIFIED.);
#3134=B_SPLINE_CURVE_WITH_KNOTS('',1,(#6317,#6318),.UNSPECIFIED.,.F.,.F.,
(2,2),(17.4976311358941,18.8942740424513),.UNSPECIFIED.);
#3135=B_SPLINE_CURVE_WITH_KNOTS('',1,(#6319,#6320),.UNSPECIFIED.,.F.,.F.,
(2,2),(18.8942740424513,20.2641997673009),.UNSPECIFIED.);
#3136=B_SPLINE_CURVE_WITH_KNOTS('',1,(#6321,#6322),.UNSPECIFIED.,.F.,.F.,
(2,2),(20.2641997673009,20.9295529335517),.UNSPECIFIED.);
#3137=B_SPLINE_CURVE_WITH_KNOTS('',1,(#6323,#6324),.UNSPECIFIED.,.F.,.F.,
(2,2),(20.9295529335517,23.1395244454634),.UNSPECIFIED.);
#3138=B_SPLINE_CURVE_WITH_KNOTS('',1,(#6325,#6326),.UNSPECIFIED.,.F.,.F.,
(2,2),(23.1395244454634,24.7425100893675),.UNSPECIFIED.);
#3139=B_SPLINE_CURVE_WITH_KNOTS('',1,(#6327,#6328),.UNSPECIFIED.,.F.,.F.,
(2,2),(24.7425100893675,27.5137809141306),.UNSPECIFIED.);
#3140=B_SPLINE_CURVE_WITH_KNOTS('',1,(#6329,#6330),.UNSPECIFIED.,.F.,.F.,
(2,2),(27.5137809141306,28.1367371251514),.UNSPECIFIED.);
#3141=B_SPLINE_CURVE_WITH_KNOTS('',1,(#6331,#6332),.UNSPECIFIED.,.F.,.F.,
(2,2),(28.1367371251514,31.1642969428371),.UNSPECIFIED.);
#3142=B_SPLINE_CURVE_WITH_KNOTS('',1,(#6333,#6334),.UNSPECIFIED.,.F.,.F.,
(2,2),(31.1642969428371,32.3248399972569),.UNSPECIFIED.);
#3143=B_SPLINE_CURVE_WITH_KNOTS('',1,(#6335,#6336),.UNSPECIFIED.,.F.,.F.,
(2,2),(32.3248399972569,33.2340873682602),.UNSPECIFIED.);
#3144=B_SPLINE_CURVE_WITH_KNOTS('',1,(#6337,#6338),.UNSPECIFIED.,.F.,.F.,
(2,2),(33.2340873682602,34.1538961194451),.UNSPECIFIED.);
#3145=B_SPLINE_CURVE_WITH_KNOTS('',1,(#6339,#6340),.UNSPECIFIED.,.F.,.F.,
(2,2),(34.1538961194451,34.6623409956175),.UNSPECIFIED.);
#3146=B_SPLINE_CURVE_WITH_KNOTS('',1,(#6341,#6342),.UNSPECIFIED.,.F.,.F.,
(2,2),(34.6623409956175,35.5718966899787),.UNSPECIFIED.);
#3147=B_SPLINE_CURVE_WITH_KNOTS('',1,(#6343,#6344),.UNSPECIFIED.,.F.,.F.,
(2,2),(35.5718966899787,36.5718966899787),.UNSPECIFIED.);
#3148=B_SPLINE_CURVE_WITH_KNOTS('',1,(#6345,#6346),.UNSPECIFIED.,.F.,.F.,
(2,2),(36.5718966899787,37.2201897253019),.UNSPECIFIED.);
#3149=B_SPLINE_CURVE_WITH_KNOTS('',1,(#6347,#6348),.UNSPECIFIED.,.F.,.F.,
(2,2),(37.2201897253019,37.7816010316287),.UNSPECIFIED.);
#3150=B_SPLINE_CURVE_WITH_KNOTS('',1,(#6349,#6350),.UNSPECIFIED.,.F.,.F.,
(2,2),(-2.,-1.),.UNSPECIFIED.);
#3151=B_SPLINE_CURVE_WITH_KNOTS('',1,(#6351,#6352),.UNSPECIFIED.,.F.,.F.,
(2,2),(-1.,0.),.UNSPECIFIED.);
#3152=B_SPLINE_CURVE_WITH_KNOTS('',1,(#6353,#6354),.UNSPECIFIED.,.F.,.F.,
(2,2),(0.,1.),.UNSPECIFIED.);
#3153=B_SPLINE_CURVE_WITH_KNOTS('',1,(#6355,#6356),.UNSPECIFIED.,.F.,.F.,
(2,2),(1.,2.),.UNSPECIFIED.);
#3154=B_SPLINE_CURVE_WITH_KNOTS('',1,(#6357,#6358),.UNSPECIFIED.,.F.,.F.,
(2,2),(2.,4.61942011884691),.UNSPECIFIED.);
#3155=B_SPLINE_CURVE_WITH_KNOTS('',1,(#6359,#6360),.UNSPECIFIED.,.F.,.F.,
(2,2),(4.61942011884691,9.3204166704809),.UNSPECIFIED.);
#3156=B_SPLINE_CURVE_WITH_KNOTS('',1,(#6361,#6362),.UNSPECIFIED.,.F.,.F.,
(2,2),(9.3204166704809,10.9229033847123),.UNSPECIFIED.);
#3157=B_SPLINE_CURVE_WITH_KNOTS('',1,(#6363,#6364),.UNSPECIFIED.,.F.,.F.,
(2,2),(10.9229033847123,15.6238999363463),.UNSPECIFIED.);
#3158=B_SPLINE_CURVE_WITH_KNOTS('',1,(#6365,#6366),.UNSPECIFIED.,.F.,.F.,
(2,2),(15.6238999363463,18.2433200551932),.UNSPECIFIED.);
#3159=B_SPLINE_CURVE_WITH_KNOTS('',1,(#6367,#6368),.UNSPECIFIED.,.F.,.F.,
(2,2),(0.,1.),.UNSPECIFIED.);
#3160=B_SPLINE_CURVE_WITH_KNOTS('',1,(#6369,#6370),.UNSPECIFIED.,.F.,.F.,
(2,2),(0.,1.),.UNSPECIFIED.);
#3161=B_SPLINE_CURVE_WITH_KNOTS('',1,(#6371,#6372),.UNSPECIFIED.,.F.,.F.,
(2,2),(0.,1.),.UNSPECIFIED.);
#3162=B_SPLINE_CURVE_WITH_KNOTS('',1,(#6373,#6374),.UNSPECIFIED.,.F.,.F.,
(2,2),(0.,1.),.UNSPECIFIED.);
#3163=B_SPLINE_CURVE_WITH_KNOTS('',1,(#6375,#6376),.UNSPECIFIED.,.F.,.F.,
(2,2),(3.,4.),.UNSPECIFIED.);
#3164=B_SPLINE_CURVE_WITH_KNOTS('',1,(#6377,#6378),.UNSPECIFIED.,.F.,.F.,
(2,2),(2.,3.),.UNSPECIFIED.);
#3165=B_SPLINE_CURVE_WITH_KNOTS('',1,(#6379,#6380),.UNSPECIFIED.,.F.,.F.,
(2,2),(1.,2.),.UNSPECIFIED.);
#3166=B_SPLINE_CURVE_WITH_KNOTS('',1,(#6381,#6382),.UNSPECIFIED.,.F.,.F.,
(2,2),(7.,8.),.UNSPECIFIED.);
#3167=B_SPLINE_CURVE_WITH_KNOTS('',1,(#6383,#6384),.UNSPECIFIED.,.F.,.F.,
(2,2),(6.,7.),.UNSPECIFIED.);
#3168=B_SPLINE_CURVE_WITH_KNOTS('',1,(#6385,#6386),.UNSPECIFIED.,.F.,.F.,
(2,2),(5.,6.),.UNSPECIFIED.);
#3169=B_SPLINE_CURVE_WITH_KNOTS('',1,(#6387,#6388),.UNSPECIFIED.,.F.,.F.,
(2,2),(4.,5.),.UNSPECIFIED.);
#3170=B_SPLINE_CURVE_WITH_KNOTS('',1,(#6389,#6390),.UNSPECIFIED.,.F.,.F.,
(2,2),(3.,4.),.UNSPECIFIED.);
#3171=B_SPLINE_CURVE_WITH_KNOTS('',1,(#6391,#6392),.UNSPECIFIED.,.F.,.F.,
(2,2),(2.,3.),.UNSPECIFIED.);
#3172=B_SPLINE_CURVE_WITH_KNOTS('',1,(#6393,#6394),.UNSPECIFIED.,.F.,.F.,
(2,2),(1.,2.),.UNSPECIFIED.);
#3173=B_SPLINE_CURVE_WITH_KNOTS('',1,(#6395,#6396),.UNSPECIFIED.,.F.,.F.,
(2,2),(11.,12.),.UNSPECIFIED.);
#3174=B_SPLINE_CURVE_WITH_KNOTS('',1,(#6397,#6398),.UNSPECIFIED.,.F.,.F.,
(2,2),(10.,11.),.UNSPECIFIED.);
#3175=B_SPLINE_CURVE_WITH_KNOTS('',1,(#6399,#6400),.UNSPECIFIED.,.F.,.F.,
(2,2),(9.,10.),.UNSPECIFIED.);
#3176=B_SPLINE_CURVE_WITH_KNOTS('',1,(#6401,#6402),.UNSPECIFIED.,.F.,.F.,
(2,2),(8.,9.),.UNSPECIFIED.);
#3177=B_SPLINE_CURVE_WITH_KNOTS('',1,(#6403,#6404),.UNSPECIFIED.,.F.,.F.,
(2,2),(7.,8.),.UNSPECIFIED.);
#3178=B_SPLINE_CURVE_WITH_KNOTS('',1,(#6405,#6406),.UNSPECIFIED.,.F.,.F.,
(2,2),(6.,7.),.UNSPECIFIED.);
#3179=B_SPLINE_CURVE_WITH_KNOTS('',1,(#6407,#6408),.UNSPECIFIED.,.F.,.F.,
(2,2),(5.,6.),.UNSPECIFIED.);
#3180=B_SPLINE_CURVE_WITH_KNOTS('',1,(#6409,#6410),.UNSPECIFIED.,.F.,.F.,
(2,2),(4.,5.),.UNSPECIFIED.);
#3181=B_SPLINE_CURVE_WITH_KNOTS('',1,(#6411,#6412),.UNSPECIFIED.,.F.,.F.,
(2,2),(3.,4.),.UNSPECIFIED.);
#3182=B_SPLINE_CURVE_WITH_KNOTS('',1,(#6413,#6414),.UNSPECIFIED.,.F.,.F.,
(2,2),(2.,3.),.UNSPECIFIED.);
#3183=B_SPLINE_CURVE_WITH_KNOTS('',1,(#6415,#6416),.UNSPECIFIED.,.F.,.F.,
(2,2),(1.,2.),.UNSPECIFIED.);
#3184=B_SPLINE_CURVE_WITH_KNOTS('',1,(#6417,#6418),.UNSPECIFIED.,.F.,.F.,
(2,2),(11.,12.),.UNSPECIFIED.);
#3185=B_SPLINE_CURVE_WITH_KNOTS('',1,(#6419,#6420),.UNSPECIFIED.,.F.,.F.,
(2,2),(10.,11.),.UNSPECIFIED.);
#3186=B_SPLINE_CURVE_WITH_KNOTS('',1,(#6421,#6422),.UNSPECIFIED.,.F.,.F.,
(2,2),(9.,10.),.UNSPECIFIED.);
#3187=B_SPLINE_CURVE_WITH_KNOTS('',1,(#6423,#6424),.UNSPECIFIED.,.F.,.F.,
(2,2),(8.,9.),.UNSPECIFIED.);
#3188=B_SPLINE_CURVE_WITH_KNOTS('',1,(#6425,#6426),.UNSPECIFIED.,.F.,.F.,
(2,2),(7.,8.),.UNSPECIFIED.);
#3189=B_SPLINE_CURVE_WITH_KNOTS('',1,(#6427,#6428),.UNSPECIFIED.,.F.,.F.,
(2,2),(6.,7.),.UNSPECIFIED.);
#3190=B_SPLINE_CURVE_WITH_KNOTS('',1,(#6429,#6430),.UNSPECIFIED.,.F.,.F.,
(2,2),(5.,6.),.UNSPECIFIED.);
#3191=B_SPLINE_CURVE_WITH_KNOTS('',1,(#6431,#6432),.UNSPECIFIED.,.F.,.F.,
(2,2),(4.,5.),.UNSPECIFIED.);
#3192=B_SPLINE_CURVE_WITH_KNOTS('',1,(#6433,#6434),.UNSPECIFIED.,.F.,.F.,
(2,2),(3.,4.),.UNSPECIFIED.);
#3193=B_SPLINE_CURVE_WITH_KNOTS('',1,(#6435,#6436),.UNSPECIFIED.,.F.,.F.,
(2,2),(2.,3.),.UNSPECIFIED.);
#3194=B_SPLINE_CURVE_WITH_KNOTS('',1,(#6437,#6438),.UNSPECIFIED.,.F.,.F.,
(2,2),(1.,2.),.UNSPECIFIED.);
#3195=B_SPLINE_CURVE_WITH_KNOTS('',1,(#6442,#6443),.UNSPECIFIED.,.F.,.F.,
(2,2),(25.9347488753763,33.5372994266391),.UNSPECIFIED.);
#3196=B_SPLINE_CURVE_WITH_KNOTS('',1,(#6447,#6448),.UNSPECIFIED.,.F.,.F.,
(2,2),(33.9299985083379,59.4720483020155),.UNSPECIFIED.);
#3197=B_SPLINE_CURVE_WITH_KNOTS('',1,(#6452,#6453),.UNSPECIFIED.,.F.,.F.,
(2,2),(59.8647473837142,67.467297934977),.UNSPECIFIED.);
#3198=B_SPLINE_CURVE_WITH_KNOTS('',1,(#6475,#6476,#6477),.UNSPECIFIED.,
 .F.,.F.,(2,1,2),(0.,0.0189656163564596,25.5420497936776),.UNSPECIFIED.);
#3199=B_SPLINE_CURVE_WITH_KNOTS('',1,(#6478,#6479),.UNSPECIFIED.,.F.,.F.,
(2,2),(3.63797880709171E-12,512.469045869206),.UNSPECIFIED.);
#3200=B_SPLINE_CURVE_WITH_KNOTS('',1,(#6480,#6481),.UNSPECIFIED.,.F.,.F.,
(2,2),(3.63673204232555E-05,152.535599104025),.UNSPECIFIED.);
#3201=B_SPLINE_CURVE_WITH_KNOTS('',1,(#6482,#6483),.UNSPECIFIED.,.F.,.F.,
(2,2),(7.27595761418343E-12,512.469045869198),.UNSPECIFIED.);
#3202=B_SPLINE_CURVE_WITH_KNOTS('',1,(#6484,#6485),.UNSPECIFIED.,.F.,.F.,
(2,2),(3.63673204232556E-05,152.535597520542),.UNSPECIFIED.);
#3203=B_SPLINE_CURVE_WITH_KNOTS('',1,(#6486,#6487),.UNSPECIFIED.,.F.,.F.,
(2,2),(0.,512.469045869206),.UNSPECIFIED.);
#3204=B_SPLINE_CURVE_WITH_KNOTS('',1,(#6488,#6489),.UNSPECIFIED.,.F.,.F.,
(2,2),(1.00000000000096,7.9909451017955),.UNSPECIFIED.);
#3205=B_SPLINE_CURVE_WITH_KNOTS('',1,(#6490,#6491),.UNSPECIFIED.,.F.,.F.,
(2,2),(1.000000000001,7.9909451017955),.UNSPECIFIED.);
#3206=B_SPLINE_CURVE_WITH_KNOTS('',1,(#6497,#6498),.UNSPECIFIED.,.F.,.F.,
(2,2),(3.63673204232556E-05,152.535599104026),.UNSPECIFIED.);
#3207=B_SPLINE_CURVE_WITH_KNOTS('',1,(#6499,#6500),.UNSPECIFIED.,.F.,.F.,
(2,2),(1.00000000000191,7.9909451017955),.UNSPECIFIED.);
#3208=B_SPLINE_CURVE_WITH_KNOTS('',1,(#6506,#6507),.UNSPECIFIED.,.F.,.F.,
(2,2),(0.,512.469048310837),.UNSPECIFIED.);
#3209=B_SPLINE_CURVE_WITH_KNOTS('',1,(#6508,#6509),.UNSPECIFIED.,.F.,.F.,
(2,2),(1.00000000000088,7.9909451017955),.UNSPECIFIED.);
#3210=B_SPLINE_CURVE_WITH_KNOTS('',1,(#6515,#6516),.UNSPECIFIED.,.F.,.F.,
(2,2),(3.63673204232555E-05,152.535597520542),.UNSPECIFIED.);
#3211=B_SPLINE_CURVE_WITH_KNOTS('',1,(#6517,#6518),.UNSPECIFIED.,.F.,.F.,
(2,2),(0.99999999999979,7.9909451017955),.UNSPECIFIED.);
#3212=SHAPE_DEFINITION_REPRESENTATION(#3213,#3230);
#3213=PRODUCT_DEFINITION_SHAPE('Document','',#3215);
#3214=PRODUCT_DEFINITION_CONTEXT('3D Mechanical Parts',#3219,'design');
#3215=PRODUCT_DEFINITION('A','First version',#3216,#3214);
#3216=PRODUCT_DEFINITION_FORMATION_WITH_SPECIFIED_SOURCE('A',
'First version',#3221,.MADE.);
#3217=PRODUCT_RELATED_PRODUCT_CATEGORY('tool','tool',(#3221));
#3218=APPLICATION_PROTOCOL_DEFINITION('Draft International Standard',
'automotive_design',1999,#3219);
#3219=APPLICATION_CONTEXT(
'data for automotive mechanical design processes');
#3220=PRODUCT_CONTEXT('3D Mechanical Parts',#3219,'mechanical');
#3221=PRODUCT('Document','Document','Rhino converted to STEP',(#3220));
#3222=(
LENGTH_UNIT()
NAMED_UNIT(*)
SI_UNIT(.MILLI.,.METRE.)
);
#3223=(
NAMED_UNIT(*)
PLANE_ANGLE_UNIT()
SI_UNIT($,.RADIAN.)
);
#3224=DIMENSIONAL_EXPONENTS(0.,0.,0.,0.,0.,0.,0.);
#3225=PLANE_ANGLE_MEASURE_WITH_UNIT(PLANE_ANGLE_MEASURE(0.01745329252),
#3223);
#3226=(
CONVERSION_BASED_UNIT('DEGREES',#3225)
NAMED_UNIT(#3224)
PLANE_ANGLE_UNIT()
);
#3227=(
NAMED_UNIT(*)
SI_UNIT($,.STERADIAN.)
SOLID_ANGLE_UNIT()
);
#3228=UNCERTAINTY_MEASURE_WITH_UNIT(LENGTH_MEASURE(0.01),#3222,
'DISTANCE_ACCURACY_VALUE',
'Maximum model space distance between geometric entities at asserted c
onnectivities');
#3229=(
GEOMETRIC_REPRESENTATION_CONTEXT(3)
GLOBAL_UNCERTAINTY_ASSIGNED_CONTEXT((#3228))
GLOBAL_UNIT_ASSIGNED_CONTEXT((#3227,#3226,#3222))
REPRESENTATION_CONTEXT('ID1','3D')
);
#3230=SHAPE_REPRESENTATION('Document',(#3231,#3324,#3325),#3229);
#3231=AXIS2_PLACEMENT_3D('',#3424,#3326,#3327);
#3232=AXIS2_PLACEMENT_3D('',#3528,#3328,$);
#3233=AXIS2_PLACEMENT_3D('',#3550,#3329,$);
#3234=AXIS2_PLACEMENT_3D('',#3551,#3330,$);
#3235=AXIS2_PLACEMENT_3D('',#3552,#3331,$);
#3236=AXIS2_PLACEMENT_3D('',#3553,#3332,$);
#3237=AXIS2_PLACEMENT_3D('',#3554,#3333,$);
#3238=AXIS2_PLACEMENT_3D('',#3555,#3334,$);
#3239=AXIS2_PLACEMENT_3D('',#3556,#3335,$);
#3240=AXIS2_PLACEMENT_3D('',#3557,#3336,$);
#3241=AXIS2_PLACEMENT_3D('',#3558,#3337,$);
#3242=AXIS2_PLACEMENT_3D('',#3559,#3338,$);
#3243=AXIS2_PLACEMENT_3D('',#3560,#3339,$);
#3244=AXIS2_PLACEMENT_3D('',#3561,#3340,$);
#3245=AXIS2_PLACEMENT_3D('',#3562,#3341,$);
#3246=AXIS2_PLACEMENT_3D('',#3911,#3342,$);
#3247=AXIS2_PLACEMENT_3D('',#3912,#3343,$);
#3248=AXIS2_PLACEMENT_3D('',#3913,#3344,$);
#3249=AXIS2_PLACEMENT_3D('',#3914,#3345,$);
#3250=AXIS2_PLACEMENT_3D('',#3915,#3346,$);
#3251=AXIS2_PLACEMENT_3D('',#3916,#3347,$);
#3252=AXIS2_PLACEMENT_3D('',#3917,#3348,$);
#3253=AXIS2_PLACEMENT_3D('',#3918,#3349,$);
#3254=AXIS2_PLACEMENT_3D('',#3919,#3350,$);
#3255=AXIS2_PLACEMENT_3D('',#3920,#3351,$);
#3256=AXIS2_PLACEMENT_3D('',#3921,#3352,$);
#3257=AXIS2_PLACEMENT_3D('',#3922,#3353,$);
#3258=AXIS2_PLACEMENT_3D('',#3923,#3354,$);
#3259=AXIS2_PLACEMENT_3D('',#4272,#3355,$);
#3260=AXIS2_PLACEMENT_3D('',#4273,#3356,$);
#3261=AXIS2_PLACEMENT_3D('',#4274,#3357,$);
#3262=AXIS2_PLACEMENT_3D('',#4275,#3358,$);
#3263=AXIS2_PLACEMENT_3D('',#4276,#3359,$);
#3264=AXIS2_PLACEMENT_3D('',#4393,#3360,$);
#3265=AXIS2_PLACEMENT_3D('',#4394,#3361,$);
#3266=AXIS2_PLACEMENT_3D('',#4395,#3362,$);
#3267=AXIS2_PLACEMENT_3D('',#4396,#3363,$);
#3268=AXIS2_PLACEMENT_3D('',#4397,#3364,$);
#3269=AXIS2_PLACEMENT_3D('',#4398,#3365,$);
#3270=AXIS2_PLACEMENT_3D('',#4399,#3366,$);
#3271=AXIS2_PLACEMENT_3D('',#4400,#3367,$);
#3272=AXIS2_PLACEMENT_3D('',#4401,#3368,$);
#3273=AXIS2_PLACEMENT_3D('',#4634,#3369,$);
#3274=AXIS2_PLACEMENT_3D('',#4635,#3370,$);
#3275=AXIS2_PLACEMENT_3D('',#4636,#3371,$);
#3276=AXIS2_PLACEMENT_3D('',#4637,#3372,$);
#3277=AXIS2_PLACEMENT_3D('',#4638,#3373,$);
#3278=AXIS2_PLACEMENT_3D('',#4639,#3374,$);
#3279=AXIS2_PLACEMENT_3D('',#4640,#3375,$);
#3280=AXIS2_PLACEMENT_3D('',#4641,#3376,$);
#3281=AXIS2_PLACEMENT_3D('',#4642,#3377,$);
#3282=AXIS2_PLACEMENT_3D('',#4643,#3378,$);
#3283=AXIS2_PLACEMENT_3D('',#4644,#3379,$);
#3284=AXIS2_PLACEMENT_3D('',#4645,#3380,$);
#3285=AXIS2_PLACEMENT_3D('',#4646,#3381,$);
#3286=AXIS2_PLACEMENT_3D('',#4647,#3382,$);
#3287=AXIS2_PLACEMENT_3D('',#4648,#3383,$);
#3288=AXIS2_PLACEMENT_3D('',#4649,#3384,$);
#3289=AXIS2_PLACEMENT_3D('',#4650,#3385,$);
#3290=AXIS2_PLACEMENT_3D('',#4661,#3386,$);
#3291=AXIS2_PLACEMENT_3D('',#4662,#3387,$);
#3292=AXIS2_PLACEMENT_3D('',#4663,#3388,$);
#3293=AXIS2_PLACEMENT_3D('',#4664,#3389,$);
#3294=AXIS2_PLACEMENT_3D('',#4665,#3390,$);
#3295=AXIS2_PLACEMENT_3D('',#4666,#3391,$);
#3296=AXIS2_PLACEMENT_3D('',#4667,#3392,$);
#3297=AXIS2_PLACEMENT_3D('',#4668,#3393,$);
#3298=AXIS2_PLACEMENT_3D('',#4669,#3394,$);
#3299=AXIS2_PLACEMENT_3D('',#4670,#3395,$);
#3300=AXIS2_PLACEMENT_3D('',#4671,#3396,$);
#3301=AXIS2_PLACEMENT_3D('',#4672,#3397,$);
#3302=AXIS2_PLACEMENT_3D('',#4673,#3398,$);
#3303=AXIS2_PLACEMENT_3D('',#4674,#3399,$);
#3304=AXIS2_PLACEMENT_3D('',#4675,#3400,$);
#3305=AXIS2_PLACEMENT_3D('',#4676,#3401,$);
#3306=AXIS2_PLACEMENT_3D('',#4677,#3402,$);
#3307=AXIS2_PLACEMENT_3D('',#4678,#3403,$);
#3308=AXIS2_PLACEMENT_3D('',#5783,#3404,$);
#3309=AXIS2_PLACEMENT_3D('',#5784,#3405,$);
#3310=AXIS2_PLACEMENT_3D('',#5785,#3406,$);
#3311=AXIS2_PLACEMENT_3D('',#5786,#3407,$);
#3312=AXIS2_PLACEMENT_3D('',#5787,#3408,$);
#3313=AXIS2_PLACEMENT_3D('',#5788,#3409,$);
#3314=AXIS2_PLACEMENT_3D('',#5789,#3410,$);
#3315=AXIS2_PLACEMENT_3D('',#5790,#3411,$);
#3316=AXIS2_PLACEMENT_3D('',#5791,#3412,$);
#3317=AXIS2_PLACEMENT_3D('',#5792,#3413,$);
#3318=AXIS2_PLACEMENT_3D('',#6055,#3414,$);
#3319=AXIS2_PLACEMENT_3D('',#6062,#3415,$);
#3320=AXIS2_PLACEMENT_3D('',#6069,#3416,$);
#3321=AXIS2_PLACEMENT_3D('',#6076,#3417,$);
#3322=AXIS2_PLACEMENT_3D('',#6083,#3418,$);
#3323=AXIS2_PLACEMENT_3D('',#6084,#3419,$);
#3324=AXIS2_PLACEMENT_3D('',#6566,#3420,#3421);
#3325=AXIS2_PLACEMENT_3D('',#6567,#3422,#3423);
#3326=DIRECTION('',(0.,0.,1.));
#3327=DIRECTION('',(1.,0.,0.));
#3328=DIRECTION('',(1.,0.,0.));
#3329=DIRECTION('',(1.,0.,0.));
#3330=DIRECTION('',(0.,0.,-1.));
#3331=DIRECTION('',(0.,-1.,0.));
#3332=DIRECTION('',(0.,0.,1.));
#3333=DIRECTION('',(0.,1.,0.));
#3334=DIRECTION('',(0.,0.,-1.));
#3335=DIRECTION('',(0.,1.,0.));
#3336=DIRECTION('',(0.,0.,1.));
#3337=DIRECTION('',(0.,1.,0.));
#3338=DIRECTION('',(0.,0.,-1.));
#3339=DIRECTION('',(0.,1.,0.));
#3340=DIRECTION('',(0.,0.,1.));
#3341=DIRECTION('',(0.,1.,0.));
#3342=DIRECTION('',(0.,0.,1.));
#3343=DIRECTION('',(0.,0.850846759736273,0.525413923917406));
#3344=DIRECTION('',(0.,-0.843324470805217,0.53740472359396));
#3345=DIRECTION('',(0.,0.,1.));
#3346=DIRECTION('',(0.,0.843324470805198,-0.537404723593991));
#3347=DIRECTION('',(0.,0.850846759736264,0.525413923917419));
#3348=DIRECTION('',(0.,0.,-1.));
#3349=DIRECTION('',(0.,-0.850846759736273,-0.525413923917406));
#3350=DIRECTION('',(0.,0.843324470805217,-0.53740472359396));
#3351=DIRECTION('',(0.,0.,-1.));
#3352=DIRECTION('',(0.,-0.843324470805227,0.537404723593944));
#3353=DIRECTION('',(0.,-0.850846759736237,-0.525413923917464));
#3354=DIRECTION('',(-1.,0.,0.));
#3355=DIRECTION('',(1.,0.,0.));
#3356=DIRECTION('',(0.,0.,-1.));
#3357=DIRECTION('',(0.,-1.,0.));
#3358=DIRECTION('',(0.,0.,1.));
#3359=DIRECTION('',(0.,1.,0.));
#3360=DIRECTION('',(1.,0.,0.));
#3361=DIRECTION('',(0.,0.,-1.));
#3362=DIRECTION('',(0.,-1.,0.));
#3363=DIRECTION('',(0.,0.,1.));
#3364=DIRECTION('',(0.,-1.,0.));
#3365=DIRECTION('',(0.,0.,1.));
#3366=DIRECTION('',(0.,1.,0.));
#3367=DIRECTION('',(0.,0.,1.));
#3368=DIRECTION('',(0.,1.,0.));
#3369=DIRECTION('',(0.,-0.692254277936358,-0.721653666711957));
#3370=DIRECTION('',(0.,0.694281037681221,0.719703995206562));
#3371=DIRECTION('',(0.,0.720265837457128,-0.693698150056768));
#3372=DIRECTION('',(1.53765176620405E-15,-0.865620990162767,-0.500699811653282));
#3373=DIRECTION('',(1.60292235137334E-15,-0.9023650630436,0.430972496800341));
#3374=DIRECTION('',(7.29660708882738E-16,0.902365063043596,-0.430972496800349));
#3375=DIRECTION('',(0.,-0.984935364450625,-0.172922895692022));
#3376=DIRECTION('',(0.,0.882176243799584,0.4709193931828));
#3377=DIRECTION('',(-3.79727228044423E-16,0.98570333380047,0.168490171032735));
#3378=DIRECTION('',(0.,0.865620990162819,0.500699811653191));
#3379=DIRECTION('',(0.,-0.859123943065298,-0.511767574639049));
#3380=DIRECTION('',(2.27270457848256E-16,0.511767574638864,-0.859123943065408));
#3381=DIRECTION('',(1.43072877389692E-16,0.859123943065391,0.511767574638894));
#3382=DIRECTION('',(0.,-0.720265837457067,0.693698150056831));
#3383=DIRECTION('',(0.,-0.882176243799514,-0.470919393182932));
#3384=DIRECTION('',(0.,-0.694281037681221,-0.719703995206562));
#3385=DIRECTION('',(0.,0.692254277936218,0.721653666712091));
#3386=DIRECTION('',(1.,0.,0.));
#3387=DIRECTION('',(0.,0.,1.));
#3388=DIRECTION('',(0.,0.,1.));
#3389=DIRECTION('',(0.,1.,0.));
#3390=DIRECTION('',(0.,0.,-1.));
#3391=DIRECTION('',(0.,0.,-1.));
#3392=DIRECTION('',(0.,0.,-1.));
#3393=DIRECTION('',(0.,0.,1.));
#3394=DIRECTION('',(0.,0.,-1.));
#3395=DIRECTION('',(0.,0.,1.));
#3396=DIRECTION('',(0.,0.,1.));
#3397=DIRECTION('',(0.,1.,0.));
#3398=DIRECTION('',(0.,0.,-1.));
#3399=DIRECTION('',(0.,-1.,0.));
#3400=DIRECTION('',(0.,0.,-1.));
#3401=DIRECTION('',(0.,0.,1.));
#3402=DIRECTION('',(0.,-1.,0.));
#3403=DIRECTION('',(0.,0.,1.));
#3404=DIRECTION('',(1.25177763640609E-15,-0.709517155665695,-0.704688162108646));
#3405=DIRECTION('',(0.,0.709517155665661,-0.704688162108681));
#3406=DIRECTION('',(0.,-0.709517155665668,0.704688162108674));
#3407=DIRECTION('',(0.,0.709517155665716,0.704688162108625));
#3408=DIRECTION('',(1.,0.,0.));
#3409=DIRECTION('',(0.,1.,0.));
#3410=DIRECTION('',(0.,0.,-1.));
#3411=DIRECTION('',(0.,-1.,0.));
#3412=DIRECTION('',(0.,-1.,0.));
#3413=DIRECTION('',(0.,1.,0.));
#3414=DIRECTION('',(0.,0.,1.));
#3415=DIRECTION('',(0.,-1.,0.));
#3416=DIRECTION('',(0.,0.,-1.));
#3417=DIRECTION('',(0.,1.,0.));
#3418=DIRECTION('',(-1.,0.,0.));
#3419=DIRECTION('',(1.,0.,0.));
#3420=DIRECTION('',(0.,0.,1.));
#3421=DIRECTION('',(1.,0.,0.));
#3422=DIRECTION('',(0.,0.,1.));
#3423=DIRECTION('',(1.,0.,0.));
#3424=CARTESIAN_POINT('',(0.,0.,0.));
#3425=CARTESIAN_POINT('',(-7.99094510179566,122.06029812136,111.529075329236));
#3426=CARTESIAN_POINT('',(-7.99094510179566,136.093835159845,111.529075329236));
#3427=CARTESIAN_POINT('',(-7.99094510179566,148.179800311475,91.9572600052743));
#3428=CARTESIAN_POINT('',(-7.99094510179566,160.651851542672,111.529075329236));
#3429=CARTESIAN_POINT('',(-7.99094510179566,173.490744549585,111.529075329236));
#3430=CARTESIAN_POINT('',(-7.99094510179566,154.498324212109,81.7251452050332));
#3431=CARTESIAN_POINT('',(-7.99094510179566,173.490744549585,50.9691287233873));
#3432=CARTESIAN_POINT('',(-7.99094510179566,159.457207511099,50.9691287233873));
#3433=CARTESIAN_POINT('',(-7.99094510179566,147.37124235947,70.5409440473486));
#3434=CARTESIAN_POINT('',(-7.99094510179566,134.899191128272,50.9691287233873));
#3435=CARTESIAN_POINT('',(-7.99094510179566,122.06029812136,50.9691287233873));
#3436=CARTESIAN_POINT('',(-7.99094510179566,141.052718458835,80.7730588475933));
#3437=CARTESIAN_POINT('',(-7.99094510179566,122.06029812136,111.529075329236));
#3438=CARTESIAN_POINT('',(-7.99094510179566,49.7381279659676,111.529075329236));
#3439=CARTESIAN_POINT('',(-7.99094510179566,99.191869743976,111.529075329236));
#3440=CARTESIAN_POINT('',(-7.99094510179566,99.191869743976,100.062623537706));
#3441=CARTESIAN_POINT('',(-7.99094510179566,80.8844453584279,100.062623537706));
#3442=CARTESIAN_POINT('',(-7.99094510179566,80.8844453584279,50.9691287233873));
#3443=CARTESIAN_POINT('',(-7.99094510179566,68.0455523515193,50.9691287233873));
#3444=CARTESIAN_POINT('',(-7.99094510179566,68.0455523515193,100.062623537706));
#3445=CARTESIAN_POINT('',(-7.99094510179566,49.7381279659676,100.062623537706));
#3446=CARTESIAN_POINT('',(-7.99094510179566,49.7381279659676,111.529075329236));
#3447=CARTESIAN_POINT('',(-7.99094510179566,102.25130352741,111.529075329236));
#3448=CARTESIAN_POINT('',(-7.99094510179566,115.090196534322,111.529075329236));
#3449=CARTESIAN_POINT('',(-7.99094510179566,115.090196534322,50.9691287233873));
#3450=CARTESIAN_POINT('',(-7.99094510179566,102.25130352741,50.9691287233873));
#3451=CARTESIAN_POINT('',(-7.99094510179566,102.25130352741,111.529075329236));
#3452=CARTESIAN_POINT('',(-7.99094510179566,160.651851542672,111.529075329236));
#3453=CARTESIAN_POINT('',(-7.99094510179566,173.490744549585,111.529075329236));
#3454=CARTESIAN_POINT('',(-7.99094510179566,154.498324212109,81.7251452050332));
#3455=CARTESIAN_POINT('',(-7.99094510179566,173.490744549585,50.9691287233873));
#3456=CARTESIAN_POINT('',(-7.99094510179566,159.457207511099,50.9691287233873));
#3457=CARTESIAN_POINT('',(-7.99094510179566,147.37124235947,70.5409440473486));
#3458=CARTESIAN_POINT('',(-7.99094510179566,134.899191128272,50.9691287233873));
#3459=CARTESIAN_POINT('',(-7.99094510179566,122.06029812136,50.9691287233873));
#3460=CARTESIAN_POINT('',(-7.99094510179566,141.052718458835,80.7730588475933));
#3461=CARTESIAN_POINT('',(-7.99094510179566,122.06029812136,111.529075329236));
#3462=CARTESIAN_POINT('',(-7.99094510179566,136.093835159845,111.529075329236));
#3463=CARTESIAN_POINT('',(-7.99094510179566,148.179800311475,91.9572600052743));
#3464=CARTESIAN_POINT('',(-7.99094510179566,160.651851542672,111.529075329236));
#3465=CARTESIAN_POINT('',(-7.99094510179566,178.20297730275,111.529075329236));
#3466=CARTESIAN_POINT('',(-7.99094510179566,222.449542353716,111.529075329236));
#3467=CARTESIAN_POINT('',(-7.99094510179566,222.449542353716,50.9691287233873));
#3468=CARTESIAN_POINT('',(-7.99094510179566,178.20297730275,50.9691287233873));
#3469=CARTESIAN_POINT('',(-7.99094510179566,178.20297730275,63.990013646202));
#3470=CARTESIAN_POINT('',(-7.99094510179566,209.837714893714,63.990013646202));
#3471=CARTESIAN_POINT('',(-7.99094510179566,209.837714893711,76.1577982481831));
#3472=CARTESIAN_POINT('',(-7.99094510179566,180.282004354798,76.1577982481831));
#3473=CARTESIAN_POINT('',(-7.99094510179566,180.282004354798,88.4259135178618));
#3474=CARTESIAN_POINT('',(-7.99094510179566,209.837714893711,88.4259135178618));
#3475=CARTESIAN_POINT('',(-7.99094510179566,209.837714893711,98.5081904064209));
#3476=CARTESIAN_POINT('',(-7.99094510179566,178.20297730275,98.5081904064209));
#3477=CARTESIAN_POINT('',(-7.99094510179566,178.20297730275,111.529075329236));
#3478=CARTESIAN_POINT('',(-7.99094510179566,18.3294927657807,44.4649534741839));
#3479=CARTESIAN_POINT('',(-7.99094510179566,30.7091009202595,44.4649534741839));
#3480=CARTESIAN_POINT('',(-7.99094510179566,18.3294927657807,44.4649534741839));
#3481=CARTESIAN_POINT('',(-7.99094510179566,30.7091009202595,44.4649534741839));
#3482=CARTESIAN_POINT('',(-7.99094510179566,24.422575229175,56.2415413594863));
#3483=CARTESIAN_POINT('',(-7.99094510179566,18.3294927657807,56.2415413594863));
#3484=CARTESIAN_POINT('',(-7.99094510179566,-51.2276116796664,130.423625593954));
#3485=CARTESIAN_POINT('',(-7.99094510179566,-51.2276116796664,141.235980730339));
#3486=CARTESIAN_POINT('',(-7.99094510179566,-40.4152565432814,141.235980730339));
#3487=CARTESIAN_POINT('',(-7.99094510179566,-29.6029014068964,141.235980730339));
#3488=CARTESIAN_POINT('',(-7.99094510179566,-29.6029014068964,130.423625593954));
#3489=CARTESIAN_POINT('',(-7.99094510179566,-29.6029014068964,119.611270457569));
#3490=CARTESIAN_POINT('',(-7.99094510179566,-40.4152565432814,119.611270457569));
#3491=CARTESIAN_POINT('',(-7.99094510179566,-51.2276116796664,119.611270457569));
#3492=CARTESIAN_POINT('',(-7.99094510179566,-51.2276116796664,130.423625593954));
#3493=CARTESIAN_POINT('',(-7.99094510179566,-40.025476432038,21.1738274631789));
#3494=CARTESIAN_POINT('',(-7.99094510179566,-30.6387952001132,12.1695494581509));
#3495=CARTESIAN_POINT('',(-7.99094510179566,31.4634349977277,12.1695494581509));
#3496=CARTESIAN_POINT('',(-7.99094510179566,18.3294927657807,24.8395458766427));
#3497=CARTESIAN_POINT('',(-7.99094510179566,18.3294927657807,41.2358306970964));
#3498=CARTESIAN_POINT('',(-7.99094510179566,36.0932623609842,41.2358306970964));
#3499=CARTESIAN_POINT('',(-7.99094510179566,26.3592247936976,59.4706641365774));
#3500=CARTESIAN_POINT('',(-7.99094510179566,18.3294927657807,59.4706641365774));
#3501=CARTESIAN_POINT('',(-7.99094510179566,18.3294927657807,148.666056142964));
#3502=CARTESIAN_POINT('',(-7.99094510179566,-72.2440241520562,148.666056142964));
#3503=CARTESIAN_POINT('',(-7.99094510179566,-72.2440241520562,97.4865087956568));
#3504=CARTESIAN_POINT('',(-7.99094510179566,-57.8136890918759,97.4865087956532));
#3505=CARTESIAN_POINT('',(-7.99094510179566,-38.2128810682843,117.838000874435));
#3506=CARTESIAN_POINT('',(-7.99094510179566,0.426910563954152,117.838000874435));
#3507=CARTESIAN_POINT('',(-7.99094510179566,13.2733834296414,96.2721319726406));
#3508=CARTESIAN_POINT('',(-7.99094510179566,5.33240412075975,91.5418066756138));
#3509=CARTESIAN_POINT('',(-7.99094510179566,-5.02289340568677,108.925643564478));
#3510=CARTESIAN_POINT('',(-7.99094510179566,-22.2817303950724,108.925643564478));
#3511=CARTESIAN_POINT('',(-7.99094510179566,-7.78466969642614,83.8628020287906));
#3512=CARTESIAN_POINT('',(-7.99094510179566,-3.06325831967115,56.2415413594863));
#3513=CARTESIAN_POINT('',(-7.99094510179566,24.422575229175,56.2415413594863));
#3514=CARTESIAN_POINT('',(-7.99094510179566,30.7091009202595,44.4649534741839));
#3515=CARTESIAN_POINT('',(-7.99094510179566,-13.6311928798023,44.4649534741839));
#3516=CARTESIAN_POINT('',(-7.99094510179566,-19.1927195396092,76.1423335322579));
#3517=CARTESIAN_POINT('',(-7.99094510179566,-43.1556769883318,25.9689796188068));
#3518=CARTESIAN_POINT('',(-7.99094510179566,-55.6545084313402,25.9689796188068));
#3519=CARTESIAN_POINT('',(-7.99094510179566,-29.4754405335407,80.782399104748));
#3520=CARTESIAN_POINT('',(-7.99094510179566,-41.1341525772586,100.938240246334));
#3521=CARTESIAN_POINT('',(-7.99094510179566,-53.7892205278549,87.7985005558548));
#3522=CARTESIAN_POINT('',(-7.99094510179566,-72.2440241520562,87.7985005558585));
#3523=CARTESIAN_POINT('',(-7.99094510179566,-72.2440241520562,24.8395458766427));
#3524=CARTESIAN_POINT('',(-7.99094510179566,-59.1100819201092,12.1695494581509));
#3525=CARTESIAN_POINT('',(-7.99094510179566,-41.9028056776406,12.1695494581509));
#3526=CARTESIAN_POINT('',(-7.99094510179566,-51.2894869095617,21.1738274631789));
#3527=CARTESIAN_POINT('',(-7.99094510179566,-40.025476432038,21.1738274631789));
#3528=CARTESIAN_POINT('',(-7.99094510179566,266.285206493053,164.193142190643));
#3529=CARTESIAN_POINT('',(-7.99094510179566,-51.2276116796638,130.423625593954));
#3530=CARTESIAN_POINT('',(-7.99094510179566,-51.2276116796638,130.423625593954));
#3531=CARTESIAN_POINT('',(-7.99094510179405,-51.2276116796641,141.235980730346));
#3532=CARTESIAN_POINT('',(-7.99094510179566,-40.4152565432814,141.23598073034));
#3533=CARTESIAN_POINT('',(-7.99094510179405,-29.6029014068958,141.235980730346));
#3534=CARTESIAN_POINT('',(-7.99094510179566,-29.6029014068954,130.423625593954));
#3535=CARTESIAN_POINT('',(-7.99094510179405,-29.6029014068958,119.611270457573));
#3536=CARTESIAN_POINT('',(-7.99094510179566,-40.4152565432814,119.611270457568));
#3537=CARTESIAN_POINT('',(-7.99094510179405,-51.2276116796641,119.611270457573));
#3538=CARTESIAN_POINT('',(-7.99094510179566,-51.2276116796638,130.423625593954));
#3539=CARTESIAN_POINT('',(-7.99094510179566,-229.897431073681,100.768960491045));
#3540=CARTESIAN_POINT('',(-7.99094510179566,-229.897431073681,57.28859048706));
#3541=CARTESIAN_POINT('',(-7.99094510179566,-176.786349688708,3.81355652900675));
#3542=CARTESIAN_POINT('',(-7.99094510179566,-123.675268303727,57.28859048706));
#3543=CARTESIAN_POINT('',(-7.99094510179566,-123.675268303727,100.768960491045));
#3544=CARTESIAN_POINT('',(-7.99094510179566,-160.710411302909,63.4800279768097));
#3545=CARTESIAN_POINT('',(-7.99094510179566,-160.710411302909,157.799600482169));
#3546=CARTESIAN_POINT('',(-7.99094510179566,-176.786349688708,157.799600482169));
#3547=CARTESIAN_POINT('',(-7.99094510179566,-192.862288074502,157.799600482169));
#3548=CARTESIAN_POINT('',(-7.99094510179566,-192.862288074502,63.4800279768097));
#3549=CARTESIAN_POINT('',(-7.99094510179566,-229.897431073681,100.768960491045));
#3550=CARTESIAN_POINT('',(-9.99094510179566,266.285206493053,164.193142190643));
#3551=CARTESIAN_POINT('',(-7.99094510179566,178.20297730275,111.529075329236));
#3552=CARTESIAN_POINT('',(-7.99094510179566,222.449542353716,111.529075329236));
#3553=CARTESIAN_POINT('',(-7.99094510179566,222.449542353716,50.9691287233873));
#3554=CARTESIAN_POINT('',(-7.99094510179566,178.20297730275,50.9691287233873));
#3555=CARTESIAN_POINT('',(-7.99094510179566,178.20297730275,63.990013646202));
#3556=CARTESIAN_POINT('',(-7.99094510179566,209.837714893714,63.990013646202));
#3557=CARTESIAN_POINT('',(-7.99094510179566,209.837714893711,76.1577982481831));
#3558=CARTESIAN_POINT('',(-7.99094510179566,180.282004354798,76.1577982481831));
#3559=CARTESIAN_POINT('',(-7.99094510179566,180.282004354798,88.4259135178618));
#3560=CARTESIAN_POINT('',(-7.99094510179566,209.837714893711,88.4259135178618));
#3561=CARTESIAN_POINT('',(-7.99094510179566,209.837714893711,98.5081904064209));
#3562=CARTESIAN_POINT('',(-7.99094510179566,178.20297730275,98.5081904064209));
#3563=CARTESIAN_POINT('',(-9.99094510179566,173.20297730275,111.279075329232));
#3564=CARTESIAN_POINT('',(-9.99094510179762,173.202977302751,111.52907532923));
#3565=CARTESIAN_POINT('',(-9.74094510179566,173.202977302753,111.529075329243));
#3566=CARTESIAN_POINT('',(-9.99094510179566,227.449542353719,111.279075329239));
#3567=CARTESIAN_POINT('',(-9.99094510179115,227.449542353719,111.529075329236));
#3568=CARTESIAN_POINT('',(-9.74094510179566,227.449542353716,111.529075329236));
#3569=CARTESIAN_POINT('',(-9.99094510179566,178.45297730275,93.5081904064209));
#3570=CARTESIAN_POINT('',(-9.99094510179438,178.202977302755,93.5081904064148));
#3571=CARTESIAN_POINT('',(-9.74094510179566,178.202977302753,93.5081904064282));
#3572=CARTESIAN_POINT('',(-9.99094510179566,178.45297730275,116.529075329236));
#3573=CARTESIAN_POINT('',(-9.99094510179438,178.202977302755,116.529075329236));
#3574=CARTESIAN_POINT('',(-9.74094510179566,178.202977302753,116.529075329232));
#3575=CARTESIAN_POINT('',(-9.99094510179566,214.837714893711,98.7581904064136));
#3576=CARTESIAN_POINT('',(-9.99094510178857,214.83771489371,98.5081904064182));
#3577=CARTESIAN_POINT('',(-9.74094510179566,214.837714893711,98.5081904064209));
#3578=CARTESIAN_POINT('',(-9.99094510179566,173.20297730275,98.7581904064209));
#3579=CARTESIAN_POINT('',(-9.9909451017944,173.202977302752,98.5081904064233));
#3580=CARTESIAN_POINT('',(-9.74094510179566,173.20297730275,98.5081904064173));
#3581=CARTESIAN_POINT('',(-9.99094510179566,210.087714893707,83.3759135178625));
#3582=CARTESIAN_POINT('',(-9.99094510179148,209.837714893709,83.3759135178636));
#3583=CARTESIAN_POINT('',(-9.74094510179566,209.837714893711,83.3759135178625));
#3584=CARTESIAN_POINT('',(-9.99094510179566,210.087714893711,103.508190406421));
#3585=CARTESIAN_POINT('',(-9.99094510179438,209.837714893716,103.508190406422));
#3586=CARTESIAN_POINT('',(-9.74094510179566,209.837714893711,103.508190406421));
#3587=CARTESIAN_POINT('',(-9.99094510179566,175.282004354798,88.1759135178581));
#3588=CARTESIAN_POINT('',(-9.9909451017944,175.282004354799,88.4259135178635));
#3589=CARTESIAN_POINT('',(-9.74094510179566,175.282004354794,88.4259135178581));
#3590=CARTESIAN_POINT('',(-9.99094510179566,214.837714893711,88.1759135178618));
#3591=CARTESIAN_POINT('',(-9.99094510179115,214.83771489371,88.4259135178547));
#3592=CARTESIAN_POINT('',(-9.74094510179566,214.837714893714,88.4259135178581));
#3593=CARTESIAN_POINT('',(-9.99094510179566,180.532004354794,71.1577982481795));
#3594=CARTESIAN_POINT('',(-9.99094510179438,180.282004354797,71.1577982481804));
#3595=CARTESIAN_POINT('',(-9.74094510179566,180.282004354794,71.1577982481758));
#3596=CARTESIAN_POINT('',(-9.99094510179566,180.532004354794,93.475913517861));
#3597=CARTESIAN_POINT('',(-9.99094510179438,180.282004354797,93.4759135178571));
#3598=CARTESIAN_POINT('',(-9.74094510179566,180.282004354794,93.475913517861));
#3599=CARTESIAN_POINT('',(-9.99094510179566,214.837714893714,76.4077982481867));
#3600=CARTESIAN_POINT('',(-9.99094510179438,214.837714893714,76.1577982481787));
#3601=CARTESIAN_POINT('',(-9.74094510179566,214.837714893711,76.1577982481867));
#3602=CARTESIAN_POINT('',(-9.99094510179566,175.282004354794,76.4077982481831));
#3603=CARTESIAN_POINT('',(-9.9909451017944,175.282004354799,76.1577982481837));
#3604=CARTESIAN_POINT('',(-9.74094510179566,175.282004354791,76.1577982481795));
#3605=CARTESIAN_POINT('',(-9.99094510179566,210.087714893714,58.9400136461991));
#3606=CARTESIAN_POINT('',(-9.99094510179148,209.837714893714,58.9400136462007));
#3607=CARTESIAN_POINT('',(-9.74094510179566,209.837714893714,58.9400136462064));
#3608=CARTESIAN_POINT('',(-9.99094510179566,210.087714893707,81.1577982481831));
#3609=CARTESIAN_POINT('',(-9.99094510179403,209.837714893714,81.1577982481832));
#3610=CARTESIAN_POINT('',(-9.74094510179566,209.837714893711,81.157798248194));
#3611=CARTESIAN_POINT('',(-9.99094510179566,173.20297730275,63.7400136462093));
#3612=CARTESIAN_POINT('',(-9.99094510179115,173.202977302747,63.9900136462035));
#3613=CARTESIAN_POINT('',(-9.74094510179566,173.20297730275,63.990013646202));
#3614=CARTESIAN_POINT('',(-9.99094510179566,214.837714893714,63.7400136461947));
#3615=CARTESIAN_POINT('',(-9.99094510179438,214.837714893719,63.9900136461941));
#3616=CARTESIAN_POINT('',(-9.74094510179566,214.837714893714,63.9900136461983));
#3617=CARTESIAN_POINT('',(-9.99094510179566,178.452977302746,45.9691287233873));
#3618=CARTESIAN_POINT('',(-9.99094510179438,178.20297730275,45.9691287233863));
#3619=CARTESIAN_POINT('',(-9.74094510179566,178.202977302746,45.9691287233909));
#3620=CARTESIAN_POINT('',(-9.99094510179566,178.45297730275,68.990013646202));
#3621=CARTESIAN_POINT('',(-9.9909451017944,178.20297730275,68.9900136462076));
#3622=CARTESIAN_POINT('',(-9.74094510179566,178.202977302746,68.990013646202));
#3623=CARTESIAN_POINT('',(-9.99094510179566,227.449542353719,51.2191287233909));
#3624=CARTESIAN_POINT('',(-9.99094510179762,227.449542353721,50.9691287233886));
#3625=CARTESIAN_POINT('',(-9.74094510179566,227.449542353723,50.9691287233873));
#3626=CARTESIAN_POINT('',(-9.99094510179566,173.20297730275,51.2191287233873));
#3627=CARTESIAN_POINT('',(-9.99094510179438,173.202977302751,50.9691287233846));
#3628=CARTESIAN_POINT('',(-9.74094510179566,173.20297730275,50.9691287233873));
#3629=CARTESIAN_POINT('',(-9.99094510179566,222.199542353716,116.529075329236));
#3630=CARTESIAN_POINT('',(-9.99094510179438,222.449542353719,116.529075329231));
#3631=CARTESIAN_POINT('',(-9.74094510179566,222.449542353716,116.529075329243));
#3632=CARTESIAN_POINT('',(-9.99094510179566,222.199542353716,45.9691287233873));
#3633=CARTESIAN_POINT('',(-9.99094510180243,222.44954235372,45.9691287233857));
#3634=CARTESIAN_POINT('',(-9.74094510179566,222.449542353719,45.9691287233873));
#3635=CARTESIAN_POINT('',(-7.99094510179566,178.20297730275,111.529075329236));
#3636=CARTESIAN_POINT('',(-7.99094510179566,222.449542353716,111.529075329236));
#3637=CARTESIAN_POINT('',(-7.99094510179566,222.449542353716,50.9691287233873));
#3638=CARTESIAN_POINT('',(-7.99094510179566,178.20297730275,50.9691287233873));
#3639=CARTESIAN_POINT('',(-7.99094510179566,178.20297730275,63.990013646202));
#3640=CARTESIAN_POINT('',(-7.99094510179566,209.837714893714,63.990013646202));
#3641=CARTESIAN_POINT('',(-7.99094510179566,209.837714893711,76.1577982481831));
#3642=CARTESIAN_POINT('',(-7.99094510179566,180.282004354798,76.1577982481831));
#3643=CARTESIAN_POINT('',(-7.99094510179566,180.282004354798,88.4259135178618));
#3644=CARTESIAN_POINT('',(-7.99094510179566,209.837714893711,88.4259135178618));
#3645=CARTESIAN_POINT('',(-7.99094510179566,209.837714893711,98.5081904064209));
#3646=CARTESIAN_POINT('',(-7.99094510179566,178.20297730275,98.5081904064209));
#3647=CARTESIAN_POINT('',(-9.99094510179566,210.087714893711,88.1759135178581));
#3648=CARTESIAN_POINT('',(-9.99094510179566,210.087714893711,98.7581904064209));
#3649=CARTESIAN_POINT('',(-9.99094510179566,210.087714893714,63.7400136461947));
#3650=CARTESIAN_POINT('',(-9.99094510179566,210.087714893711,76.4077982481795));
#3651=CARTESIAN_POINT('',(-9.99094510179566,178.45297730275,111.279075329236));
#3652=CARTESIAN_POINT('',(-9.99094510179566,222.199542353716,111.279075329232));
#3653=CARTESIAN_POINT('',(-9.99094510179566,178.45297730275,63.7400136462056));
#3654=CARTESIAN_POINT('',(-9.99094510179566,178.45297730275,98.7581904064209));
#3655=CARTESIAN_POINT('',(-9.99094510179566,222.199542353716,51.2191287233945));
#3656=CARTESIAN_POINT('',(-9.99094510179566,178.45297730275,51.2191287233945));
#3657=CARTESIAN_POINT('',(-9.99094510179566,180.532004354794,76.4077982481795));
#3658=CARTESIAN_POINT('',(-9.99094510179566,180.532004354794,88.1759135178581));
#3659=CARTESIAN_POINT('',(-9.74094510179566,178.202977302753,111.529075329243));
#3660=CARTESIAN_POINT('',(-9.74094510179566,222.449542353719,111.529075329236));
#3661=CARTESIAN_POINT('',(-9.74094510179566,222.449542353719,50.9691287233836));
#3662=CARTESIAN_POINT('',(-9.74094510179566,178.20297730275,50.9691287233873));
#3663=CARTESIAN_POINT('',(-9.74094510179566,178.20297730275,63.9900136462056));
#3664=CARTESIAN_POINT('',(-9.74094510179566,209.837714893714,63.9900136462056));
#3665=CARTESIAN_POINT('',(-9.74094510179566,209.837714893711,76.1577982481831));
#3666=CARTESIAN_POINT('',(-9.74094510179566,180.282004354798,76.1577982481831));
#3667=CARTESIAN_POINT('',(-9.74094510179566,180.282004354798,88.4259135178654));
#3668=CARTESIAN_POINT('',(-9.74094510179566,209.837714893711,88.4259135178654));
#3669=CARTESIAN_POINT('',(-9.74094510179566,209.837714893707,98.5081904064209));
#3670=CARTESIAN_POINT('',(-9.74094510179566,178.202977302753,98.5081904064209));
#3671=CARTESIAN_POINT('',(-7.99094510179566,178.20297730275,111.529075329236));
#3672=CARTESIAN_POINT('',(-7.99094510179566,222.449542353716,111.529075329236));
#3673=CARTESIAN_POINT('',(-7.99094510179566,222.449542353716,111.529075329236));
#3674=CARTESIAN_POINT('',(-9.74094510179566,222.449542353719,111.529075329236));
#3675=CARTESIAN_POINT('',(-7.99094510179566,178.20297730275,111.529075329236));
#3676=CARTESIAN_POINT('',(-9.74094510179566,178.202977302753,111.529075329243));
#3677=CARTESIAN_POINT('',(-7.99094510179566,222.449542353716,111.529075329236));
#3678=CARTESIAN_POINT('',(-7.99094510179566,222.449542353716,50.9691287233873));
#3679=CARTESIAN_POINT('',(-7.99094510179566,222.449542353716,50.9691287233873));
#3680=CARTESIAN_POINT('',(-9.74094510179566,222.449542353719,50.9691287233836));
#3681=CARTESIAN_POINT('',(-7.99094510179566,222.449542353716,50.9691287233873));
#3682=CARTESIAN_POINT('',(-7.99094510179566,178.20297730275,50.9691287233873));
#3683=CARTESIAN_POINT('',(-7.99094510179566,178.20297730275,50.9691287233873));
#3684=CARTESIAN_POINT('',(-9.74094510179566,178.20297730275,50.9691287233873));
#3685=CARTESIAN_POINT('',(-7.99094510179566,178.20297730275,50.9691287233873));
#3686=CARTESIAN_POINT('',(-7.99094510179566,178.20297730275,63.990013646202));
#3687=CARTESIAN_POINT('',(-7.99094510179566,178.20297730275,63.990013646202));
#3688=CARTESIAN_POINT('',(-9.74094510179566,178.20297730275,63.9900136462056));
#3689=CARTESIAN_POINT('',(-7.99094510179566,178.20297730275,63.990013646202));
#3690=CARTESIAN_POINT('',(-7.99094510179566,209.837714893714,63.990013646202));
#3691=CARTESIAN_POINT('',(-7.99094510179566,209.837714893714,63.990013646202));
#3692=CARTESIAN_POINT('',(-9.74094510179566,209.837714893714,63.9900136462056));
#3693=CARTESIAN_POINT('',(-7.99094510179566,209.837714893714,63.990013646202));
#3694=CARTESIAN_POINT('',(-7.99094510179566,209.837714893711,76.1577982481831));
#3695=CARTESIAN_POINT('',(-7.99094510179566,209.837714893711,76.1577982481831));
#3696=CARTESIAN_POINT('',(-9.74094510179566,209.837714893711,76.1577982481831));
#3697=CARTESIAN_POINT('',(-7.99094510179566,209.837714893711,76.1577982481831));
#3698=CARTESIAN_POINT('',(-7.99094510179566,180.282004354798,76.1577982481831));
#3699=CARTESIAN_POINT('',(-7.99094510179566,180.282004354798,76.1577982481831));
#3700=CARTESIAN_POINT('',(-9.74094510179566,180.282004354798,76.1577982481831));
#3701=CARTESIAN_POINT('',(-7.99094510179566,180.282004354798,76.1577982481831));
#3702=CARTESIAN_POINT('',(-7.99094510179566,180.282004354798,88.4259135178618));
#3703=CARTESIAN_POINT('',(-7.99094510179566,180.282004354798,88.4259135178618));
#3704=CARTESIAN_POINT('',(-9.74094510179566,180.282004354798,88.4259135178654));
#3705=CARTESIAN_POINT('',(-7.99094510179566,180.282004354798,88.4259135178618));
#3706=CARTESIAN_POINT('',(-7.99094510179566,209.837714893711,88.4259135178618));
#3707=CARTESIAN_POINT('',(-7.99094510179566,209.837714893711,88.4259135178618));
#3708=CARTESIAN_POINT('',(-9.74094510179566,209.837714893711,88.4259135178654));
#3709=CARTESIAN_POINT('',(-7.99094510179566,209.837714893711,88.4259135178618));
#3710=CARTESIAN_POINT('',(-7.99094510179566,209.837714893711,98.5081904064209));
#3711=CARTESIAN_POINT('',(-7.99094510179566,209.837714893711,98.5081904064209));
#3712=CARTESIAN_POINT('',(-9.74094510179566,209.837714893707,98.5081904064209));
#3713=CARTESIAN_POINT('',(-7.99094510179566,209.837714893711,98.5081904064209));
#3714=CARTESIAN_POINT('',(-7.99094510179566,178.20297730275,98.5081904064209));
#3715=CARTESIAN_POINT('',(-7.99094510179566,178.20297730275,98.5081904064209));
#3716=CARTESIAN_POINT('',(-9.74094510179566,178.202977302753,98.5081904064209));
#3717=CARTESIAN_POINT('',(-7.99094510179566,178.20297730275,98.5081904064209));
#3718=CARTESIAN_POINT('',(-7.99094510179566,178.20297730275,111.529075329236));
#3719=CARTESIAN_POINT('',(-9.99094510179566,210.087714893711,88.1759135178581));
#3720=CARTESIAN_POINT('',(-9.99094510179566,210.087714893711,98.7581904064209));
#3721=CARTESIAN_POINT('',(-9.99094510179566,210.087714893714,63.7400136461947));
#3722=CARTESIAN_POINT('',(-9.99094510179566,210.087714893711,76.4077982481795));
#3723=CARTESIAN_POINT('',(-9.99094510179566,178.45297730275,111.279075329236));
#3724=CARTESIAN_POINT('',(-9.99094510179566,222.199542353716,111.279075329232));
#3725=CARTESIAN_POINT('',(-9.99094510179566,178.45297730275,63.7400136462056));
#3726=CARTESIAN_POINT('',(-9.99094510179566,210.087714893714,63.7400136461947));
#3727=CARTESIAN_POINT('',(-9.99094510179566,210.087714893711,98.7581904064209));
#3728=CARTESIAN_POINT('',(-9.99094510179566,178.45297730275,98.7581904064209));
#3729=CARTESIAN_POINT('',(-9.99094510179566,222.199542353716,51.2191287233945));
#3730=CARTESIAN_POINT('',(-9.99094510179566,178.45297730275,51.2191287233945));
#3731=CARTESIAN_POINT('',(-9.99094510179566,178.45297730275,51.2191287233945));
#3732=CARTESIAN_POINT('',(-9.99094510179566,178.45297730275,63.7400136462056));
#3733=CARTESIAN_POINT('',(-9.99094510179566,180.532004354794,76.4077982481795));
#3734=CARTESIAN_POINT('',(-9.99094510179566,180.532004354794,88.1759135178581));
#3735=CARTESIAN_POINT('',(-9.99094510179566,222.199542353716,111.279075329232));
#3736=CARTESIAN_POINT('',(-9.99094510179566,222.199542353716,51.2191287233945));
#3737=CARTESIAN_POINT('',(-9.99094510179566,180.532004354794,88.1759135178581));
#3738=CARTESIAN_POINT('',(-9.99094510179566,210.087714893711,88.1759135178581));
#3739=CARTESIAN_POINT('',(-9.99094510179566,178.45297730275,98.7581904064209));
#3740=CARTESIAN_POINT('',(-9.99094510179566,178.45297730275,111.279075329236));
#3741=CARTESIAN_POINT('',(-9.99094510179566,210.087714893711,76.4077982481795));
#3742=CARTESIAN_POINT('',(-9.99094510179566,180.532004354794,76.4077982481795));
#3743=CARTESIAN_POINT('',(-9.74094510179566,178.202977302753,111.529075329243));
#3744=CARTESIAN_POINT('',(-9.74094510179566,222.449542353719,111.529075329236));
#3745=CARTESIAN_POINT('',(-9.74094510179566,222.449542353719,111.529075329236));
#3746=CARTESIAN_POINT('',(-9.74094510179566,222.449542353719,50.9691287233836));
#3747=CARTESIAN_POINT('',(-9.74094510179566,222.449542353719,50.9691287233836));
#3748=CARTESIAN_POINT('',(-9.74094510179566,178.20297730275,50.9691287233873));
#3749=CARTESIAN_POINT('',(-9.74094510179566,178.20297730275,50.9691287233873));
#3750=CARTESIAN_POINT('',(-9.74094510179566,178.20297730275,63.9900136462056));
#3751=CARTESIAN_POINT('',(-9.74094510179566,178.20297730275,63.9900136462056));
#3752=CARTESIAN_POINT('',(-9.74094510179566,209.837714893714,63.9900136462056));
#3753=CARTESIAN_POINT('',(-9.74094510179566,209.837714893714,63.9900136462056));
#3754=CARTESIAN_POINT('',(-9.74094510179566,209.837714893711,76.1577982481831));
#3755=CARTESIAN_POINT('',(-9.74094510179566,209.837714893711,76.1577982481831));
#3756=CARTESIAN_POINT('',(-9.74094510179566,180.282004354798,76.1577982481831));
#3757=CARTESIAN_POINT('',(-9.74094510179566,180.282004354798,76.1577982481831));
#3758=CARTESIAN_POINT('',(-9.74094510179566,180.282004354798,88.4259135178654));
#3759=CARTESIAN_POINT('',(-9.74094510179566,180.282004354798,88.4259135178654));
#3760=CARTESIAN_POINT('',(-9.74094510179566,209.837714893711,88.4259135178654));
#3761=CARTESIAN_POINT('',(-9.74094510179566,209.837714893711,88.4259135178654));
#3762=CARTESIAN_POINT('',(-9.74094510179566,209.837714893707,98.5081904064209));
#3763=CARTESIAN_POINT('',(-9.74094510179566,209.837714893707,98.5081904064209));
#3764=CARTESIAN_POINT('',(-9.74094510179566,178.202977302753,98.5081904064209));
#3765=CARTESIAN_POINT('',(-9.74094510179566,178.202977302753,98.5081904064209));
#3766=CARTESIAN_POINT('',(-9.74094510179566,178.202977302753,111.529075329243));
#3767=CARTESIAN_POINT('',(-9.99094510179566,178.45297730275,111.279075329236));
#3768=CARTESIAN_POINT('',(-9.99096002487568,178.439508784861,111.292543847125));
#3769=CARTESIAN_POINT('',(-9.98871938302909,178.411999504373,111.320053127605));
#3770=CARTESIAN_POINT('',(-9.97841322881868,178.370880354447,111.36117227756));
#3771=CARTESIAN_POINT('',(-9.96048004514159,178.330596635817,111.401455996158));
#3772=CARTESIAN_POINT('',(-9.93502871299643,178.293198866933,111.438853765063));
#3773=CARTESIAN_POINT('',(-9.90285836532348,178.260661151744,111.471391480263));
#3774=CARTESIAN_POINT('',(-9.86542740123332,178.234600049247,111.497452582735));
#3775=CARTESIAN_POINT('',(-9.82466060443039,178.216043651861,111.516008980143));
#3776=CARTESIAN_POINT('',(-9.78276487760741,178.205301208436,111.526751423575));
#3777=CARTESIAN_POINT('',(-9.7544798618037,178.202977302753,111.529075329243));
#3778=CARTESIAN_POINT('',(-9.74094510179566,178.202977302753,111.529075329243));
#3779=CARTESIAN_POINT('',(-9.99094510179566,222.199542353716,111.279075329232));
#3780=CARTESIAN_POINT('',(-9.99096002487568,222.213010871608,111.292543847125));
#3781=CARTESIAN_POINT('',(-9.98871938302545,222.240520152096,111.320053127605));
#3782=CARTESIAN_POINT('',(-9.97841322881868,222.281639302026,111.361172277549));
#3783=CARTESIAN_POINT('',(-9.96048004513796,222.321923020645,111.401455996154));
#3784=CARTESIAN_POINT('',(-9.93502871300007,222.359320789539,111.438853765056));
#3785=CARTESIAN_POINT('',(-9.90285836531621,222.391858504729,111.471391480245));
#3786=CARTESIAN_POINT('',(-9.86542740123696,222.417919607222,111.497452582727));
#3787=CARTESIAN_POINT('',(-9.82466060442675,222.436476004616,111.516008980132));
#3788=CARTESIAN_POINT('',(-9.78276487760741,222.447218448044,111.526751423575));
#3789=CARTESIAN_POINT('',(-9.7544798618037,222.449542353719,111.529075329236));
#3790=CARTESIAN_POINT('',(-9.74094510179566,222.449542353719,111.529075329236));
#3791=CARTESIAN_POINT('',(-9.99094510179566,178.45297730275,98.7581904064209));
#3792=CARTESIAN_POINT('',(-9.99096002487568,178.439508784857,98.7447218885354));
#3793=CARTESIAN_POINT('',(-9.98871938302545,178.411999504366,98.7172126080513));
#3794=CARTESIAN_POINT('',(-9.97841322882232,178.370880354443,98.6760934581143));
#3795=CARTESIAN_POINT('',(-9.96048004513796,178.330596635817,98.6358097395023));
#3796=CARTESIAN_POINT('',(-9.93502871300007,178.29319886693,98.5984119705863));
#3797=CARTESIAN_POINT('',(-9.90285836531621,178.26066115174,98.5658742554297));
#3798=CARTESIAN_POINT('',(-9.86542740123696,178.234600049247,98.5398131529219));
#3799=CARTESIAN_POINT('',(-9.82466060442675,178.216043651861,98.5212567555209));
#3800=CARTESIAN_POINT('',(-9.78276487760741,178.205301208436,98.5105143121109));
#3801=CARTESIAN_POINT('',(-9.7544798618037,178.202977302753,98.5081904064209));
#3802=CARTESIAN_POINT('',(-9.74094510179566,178.202977302753,98.5081904064209));
#3803=CARTESIAN_POINT('',(-9.74094510179566,209.837714893707,98.5081904064209));
#3804=CARTESIAN_POINT('',(-9.7544798618037,209.837714893707,98.5081904064209));
#3805=CARTESIAN_POINT('',(-9.78276487760741,209.840038799382,98.5105143121073));
#3806=CARTESIAN_POINT('',(-9.82466060442312,209.850781242818,98.5212567555354));
#3807=CARTESIAN_POINT('',(-9.86542740123696,209.869337640201,98.5398131529037));
#3808=CARTESIAN_POINT('',(-9.90285836531621,209.895398742701,98.5658742554187));
#3809=CARTESIAN_POINT('',(-9.93502871299279,209.927936457883,98.5984119706009));
#3810=CARTESIAN_POINT('',(-9.96048004514523,209.965334226785,98.6358097394841));
#3811=CARTESIAN_POINT('',(-9.97841322881504,210.005617945393,98.6760934581034));
#3812=CARTESIAN_POINT('',(-9.98871938302909,210.046737095327,98.7172126080404));
#3813=CARTESIAN_POINT('',(-9.99096002487568,210.074246375818,98.7447218885281));
#3814=CARTESIAN_POINT('',(-9.99094510179566,210.087714893711,98.7581904064209));
#3815=CARTESIAN_POINT('',(-9.74094510179566,209.837714893711,88.4259135178654));
#3816=CARTESIAN_POINT('',(-9.7544798618037,209.837714893711,88.4259135178654));
#3817=CARTESIAN_POINT('',(-9.78276487760741,209.840038799382,88.4235896121718));
#3818=CARTESIAN_POINT('',(-9.82466060442675,209.850781242822,88.4128471687582));
#3819=CARTESIAN_POINT('',(-9.86542740123332,209.869337640204,88.3942907713463));
#3820=CARTESIAN_POINT('',(-9.90285836532348,209.895398742705,88.3682296688858));
#3821=CARTESIAN_POINT('',(-9.93502871299643,209.927936457887,88.3356919536709));
#3822=CARTESIAN_POINT('',(-9.96048004514159,209.965334226777,88.2982941847768));
#3823=CARTESIAN_POINT('',(-9.97841322881868,210.005617945397,88.2580104661574));
#3824=CARTESIAN_POINT('',(-9.98871938302909,210.046737095334,88.216891316235));
#3825=CARTESIAN_POINT('',(-9.99096002487568,210.074246375814,88.1893820357473));
#3826=CARTESIAN_POINT('',(-9.99094510179566,210.087714893711,88.1759135178581));
#3827=CARTESIAN_POINT('',(-9.99094510179566,180.532004354794,88.1759135178581));
#3828=CARTESIAN_POINT('',(-9.99096002487568,180.518535836905,88.1893820357509));
#3829=CARTESIAN_POINT('',(-9.98871938302909,180.491026556418,88.216891316235));
#3830=CARTESIAN_POINT('',(-9.97841322881868,180.449907406481,88.2580104661574));
#3831=CARTESIAN_POINT('',(-9.96048004514159,180.409623687869,88.298294184784));
#3832=CARTESIAN_POINT('',(-9.93502871300007,180.372225918974,88.3356919536818));
#3833=CARTESIAN_POINT('',(-9.90285836531621,180.339688203785,88.3682296688748));
#3834=CARTESIAN_POINT('',(-9.86542740124059,180.313627101285,88.3942907713608));
#3835=CARTESIAN_POINT('',(-9.82466060442312,180.295070703909,88.4128471687582));
#3836=CARTESIAN_POINT('',(-9.78276487760741,180.284328260466,88.4235896121754));
#3837=CARTESIAN_POINT('',(-9.7544798618037,180.282004354798,88.4259135178654));
#3838=CARTESIAN_POINT('',(-9.74094510179566,180.282004354798,88.4259135178654));
#3839=CARTESIAN_POINT('',(-9.99094510179566,180.532004354794,76.4077982481795));
#3840=CARTESIAN_POINT('',(-9.99096002487568,180.518535836905,76.3943297302867));
#3841=CARTESIAN_POINT('',(-9.98871938302909,180.491026556421,76.3668204498099));
#3842=CARTESIAN_POINT('',(-9.97841322881868,180.449907406473,76.3257012998729));
#3843=CARTESIAN_POINT('',(-9.96048004513796,180.409623687869,76.2854175812681));
#3844=CARTESIAN_POINT('',(-9.9350287130037,180.372225918974,76.2480198123558));
#3845=CARTESIAN_POINT('',(-9.90285836531257,180.339688203781,76.2154820971664));
#3846=CARTESIAN_POINT('',(-9.86542740123696,180.313627101292,76.189420994684));
#3847=CARTESIAN_POINT('',(-9.82466060442675,180.295070703898,76.1708645972831));
#3848=CARTESIAN_POINT('',(-9.78276487760741,180.284328260466,76.1601221538513));
#3849=CARTESIAN_POINT('',(-9.7544798618037,180.282004354798,76.1577982481831));
#3850=CARTESIAN_POINT('',(-9.74094510179566,180.282004354798,76.1577982481831));
#3851=CARTESIAN_POINT('',(-9.74094510179566,209.837714893711,76.1577982481831));
#3852=CARTESIAN_POINT('',(-9.7544798618037,209.837714893711,76.1577982481831));
#3853=CARTESIAN_POINT('',(-9.78276487760741,209.84003879939,76.160122153844));
#3854=CARTESIAN_POINT('',(-9.82466060442312,209.850781242822,76.1708645973085));
#3855=CARTESIAN_POINT('',(-9.86542740124059,209.869337640208,76.1894209946695));
#3856=CARTESIAN_POINT('',(-9.90285836531257,209.895398742701,76.2154820971846));
#3857=CARTESIAN_POINT('',(-9.93502871300007,209.927936457887,76.2480198123558));
#3858=CARTESIAN_POINT('',(-9.96048004514159,209.965334226785,76.2854175812536));
#3859=CARTESIAN_POINT('',(-9.97841322881868,210.005617945404,76.3257012998765));
#3860=CARTESIAN_POINT('',(-9.98871938302909,210.046737095327,76.3668204497953));
#3861=CARTESIAN_POINT('',(-9.99096002487568,210.074246375822,76.3943297302867));
#3862=CARTESIAN_POINT('',(-9.99094510179566,210.087714893711,76.4077982481795));
#3863=CARTESIAN_POINT('',(-9.99094510179566,210.087714893714,63.7400136461947));
#3864=CARTESIAN_POINT('',(-9.99096002487568,210.074246375822,63.7534821640838));
#3865=CARTESIAN_POINT('',(-9.98871938302909,210.046737095323,63.7809914445497));
#3866=CARTESIAN_POINT('',(-9.97841322881868,210.005617945408,63.8221105945049));
#3867=CARTESIAN_POINT('',(-9.96048004514159,209.965334226777,63.862394313117));
#3868=CARTESIAN_POINT('',(-9.93502871300007,209.927936457898,63.899792082022));
#3869=CARTESIAN_POINT('',(-9.90285836531257,209.895398742694,63.9323297971932));
#3870=CARTESIAN_POINT('',(-9.86542740124059,209.869337640215,63.9583908997156));
#3871=CARTESIAN_POINT('',(-9.82466060442312,209.850781242829,63.9769472970911));
#3872=CARTESIAN_POINT('',(-9.78276487760741,209.84003879939,63.9876897405302));
#3873=CARTESIAN_POINT('',(-9.7544798618037,209.837714893714,63.9900136462056));
#3874=CARTESIAN_POINT('',(-9.74094510179566,209.837714893714,63.9900136462056));
#3875=CARTESIAN_POINT('',(-9.99094510179566,178.45297730275,63.7400136462056));
#3876=CARTESIAN_POINT('',(-9.99096002487568,178.439508784857,63.7534821640984));
#3877=CARTESIAN_POINT('',(-9.98871938302909,178.411999504377,63.7809914446007));
#3878=CARTESIAN_POINT('',(-9.97841322881504,178.370880354436,63.8221105945086));
#3879=CARTESIAN_POINT('',(-9.96048004514159,178.33059663582,63.8623943131279));
#3880=CARTESIAN_POINT('',(-9.93502871299279,178.293198866926,63.8997920820366));
#3881=CARTESIAN_POINT('',(-9.90285836532348,178.260661151733,63.9323297972187));
#3882=CARTESIAN_POINT('',(-9.86542740123332,178.23460004924,63.9583908997047));
#3883=CARTESIAN_POINT('',(-9.82466060442675,178.216043651864,63.9769472971129));
#3884=CARTESIAN_POINT('',(-9.78276487760741,178.205301208422,63.9876897405229));
#3885=CARTESIAN_POINT('',(-9.7544798618037,178.20297730275,63.9900136462056));
#3886=CARTESIAN_POINT('',(-9.74094510179566,178.20297730275,63.9900136462056));
#3887=CARTESIAN_POINT('',(-9.99094510179566,178.45297730275,51.2191287233945));
#3888=CARTESIAN_POINT('',(-9.99096002487568,178.439508784861,51.2056602055018));
#3889=CARTESIAN_POINT('',(-9.98871938302909,178.411999504377,51.1781509250104));
#3890=CARTESIAN_POINT('',(-9.97841322881868,178.370880354436,51.1370317750734));
#3891=CARTESIAN_POINT('',(-9.96048004513796,178.330596635824,51.0967480564759));
#3892=CARTESIAN_POINT('',(-9.93502871300007,178.29319886693,51.0593502875636));
#3893=CARTESIAN_POINT('',(-9.90285836531984,178.26066115174,51.0268125723633));
#3894=CARTESIAN_POINT('',(-9.86542740123696,178.23460004924,51.0007514698955));
#3895=CARTESIAN_POINT('',(-9.82466060442675,178.216043651861,50.9821950724909));
#3896=CARTESIAN_POINT('',(-9.78276487760741,178.205301208414,50.97145262907));
#3897=CARTESIAN_POINT('',(-9.7544798618037,178.20297730275,50.9691287233873));
#3898=CARTESIAN_POINT('',(-9.74094510179566,178.20297730275,50.9691287233873));
#3899=CARTESIAN_POINT('',(-9.74094510179566,222.449542353719,50.9691287233836));
#3900=CARTESIAN_POINT('',(-9.7544798618037,222.449542353719,50.9691287233836));
#3901=CARTESIAN_POINT('',(-9.78276487760741,222.447218448044,50.9714526290663));
#3902=CARTESIAN_POINT('',(-9.82466060442675,222.436476004608,50.9821950724727));
#3903=CARTESIAN_POINT('',(-9.86542740124059,222.417919607229,51.0007514698918));
#3904=CARTESIAN_POINT('',(-9.90285836531621,222.391858504736,51.0268125723815));
#3905=CARTESIAN_POINT('',(-9.9350287130037,222.359320789539,51.0593502875599));
#3906=CARTESIAN_POINT('',(-9.96048004514523,222.321923020638,51.0967480564541));
#3907=CARTESIAN_POINT('',(-9.97841322881868,222.281639302026,51.1370317750843));
#3908=CARTESIAN_POINT('',(-9.98871938302909,222.240520152092,51.1781509250141));
#3909=CARTESIAN_POINT('',(-9.99096002487568,222.213010871616,51.2056602055054));
#3910=CARTESIAN_POINT('',(-9.99094510179566,222.199542353716,51.2191287233945));
#3911=CARTESIAN_POINT('',(-7.99094510179566,122.06029812136,111.529075329236));
#3912=CARTESIAN_POINT('',(-7.99094510179566,136.093835159845,111.529075329236));
#3913=CARTESIAN_POINT('',(-7.99094510179566,148.179800311475,91.9572600052743));
#3914=CARTESIAN_POINT('',(-7.99094510179566,160.651851542672,111.529075329236));
#3915=CARTESIAN_POINT('',(-7.99094510179566,173.490744549585,111.529075329236));
#3916=CARTESIAN_POINT('',(-7.99094510179566,154.498324212109,81.7251452050332));
#3917=CARTESIAN_POINT('',(-7.99094510179566,173.490744549585,50.9691287233873));
#3918=CARTESIAN_POINT('',(-7.99094510179566,159.457207511099,50.9691287233873));
#3919=CARTESIAN_POINT('',(-7.99094510179566,147.37124235947,70.5409440473486));
#3920=CARTESIAN_POINT('',(-7.99094510179566,134.899191128272,50.9691287233873));
#3921=CARTESIAN_POINT('',(-7.99094510179566,122.06029812136,50.9691287233873));
#3922=CARTESIAN_POINT('',(-7.99094510179566,141.052718458835,80.7730588475933));
#3923=CARTESIAN_POINT('',(-9.99094510179566,266.285206493053,164.193142190643));
#3924=CARTESIAN_POINT('',(-9.74094510179566,141.093835159845,111.529075329239));
#3925=CARTESIAN_POINT('',(-9.74094510179566,117.06029812136,111.529075329239));
#3926=CARTESIAN_POINT('',(-9.99094510179906,141.09383515984,111.529075329245));
#3927=CARTESIAN_POINT('',(-9.99094510179144,117.060298121364,111.52907532923));
#3928=CARTESIAN_POINT('',(-9.99094510179566,141.093835159845,111.279075329243));
#3929=CARTESIAN_POINT('',(-9.99094510179566,117.06029812136,111.279075329236));
#3930=CARTESIAN_POINT('',(-9.74094510179566,150.833140627259,87.6604838686108));
#3931=CARTESIAN_POINT('',(-9.74094510179566,133.440494844064,115.825851465903));
#3932=CARTESIAN_POINT('',(-9.99094510179684,150.833140627264,87.660483868611));
#3933=CARTESIAN_POINT('',(-9.99094510179684,133.440494844066,115.825851465899));
#3934=CARTESIAN_POINT('',(-9.99094510179566,150.620428937327,87.5291303876329));
#3935=CARTESIAN_POINT('',(-9.99094510179566,133.227783154129,115.694497984925));
#3936=CARTESIAN_POINT('',(-9.74094510179566,163.365745396819,115.787863906797));
#3937=CARTESIAN_POINT('',(-9.74094510179566,145.4927766935,87.7406376512408));
#3938=CARTESIAN_POINT('',(-9.99094510179331,163.365745396817,115.7878639068));
#3939=CARTESIAN_POINT('',(-9.99094510179409,145.492776693497,87.7406376512378));
#3940=CARTESIAN_POINT('',(-9.99094510179566,163.576576514519,115.653512725901));
#3941=CARTESIAN_POINT('',(-9.99094510179566,145.7036078112,87.6062864703454));
#3942=CARTESIAN_POINT('',(-9.74094510179566,178.490744549585,111.529075329239));
#3943=CARTESIAN_POINT('',(-9.74094510179566,155.651851542669,111.529075329232));
#3944=CARTESIAN_POINT('',(-9.99094510180162,178.490744549581,111.52907532925));
#3945=CARTESIAN_POINT('',(-9.99094510179638,155.65185154267,111.529075329249));
#3946=CARTESIAN_POINT('',(-9.99094510179566,178.490744549585,111.279075329247));
#3947=CARTESIAN_POINT('',(-9.99094510179566,155.651851542672,111.27907532925));
#3948=CARTESIAN_POINT('',(-9.74094510179566,151.784430357955,77.4663566274648));
#3949=CARTESIAN_POINT('',(-9.74094510179566,176.177768167552,115.745697683262));
#3950=CARTESIAN_POINT('',(-9.99094510180104,151.784430357957,77.4663566274633));
#3951=CARTESIAN_POINT('',(-9.99094510179369,176.177768167542,115.745697683263));
#3952=CARTESIAN_POINT('',(-9.99094510179566,151.573599240255,77.600707808364));
#3953=CARTESIAN_POINT('',(-9.99094510179566,175.966937049849,115.880048864165));
#3954=CARTESIAN_POINT('',(-9.74094510179566,176.117814169171,46.7148949247057));
#3955=CARTESIAN_POINT('',(-9.74094510179566,151.871254592519,85.9793790037111));
#3956=CARTESIAN_POINT('',(-9.99094510179157,176.117814169165,46.7148949247081));
#3957=CARTESIAN_POINT('',(-9.99094510179438,151.871254592518,85.9793790037168));
#3958=CARTESIAN_POINT('',(-9.99094510179566,175.905102479235,46.5835414437279));
#3959=CARTESIAN_POINT('',(-9.99094510179566,151.658542902587,85.8480255227332));
#3960=CARTESIAN_POINT('',(-9.74094510179566,154.457207511099,50.9691287233873));
#3961=CARTESIAN_POINT('',(-9.74094510179566,178.490744549581,50.9691287233873));
#3962=CARTESIAN_POINT('',(-9.99094510180029,154.457207511098,50.96912872339));
#3963=CARTESIAN_POINT('',(-9.99094510180162,178.490744549581,50.9691287233822));
#3964=CARTESIAN_POINT('',(-9.99094510179566,154.457207511099,51.2191287233909));
#3965=CARTESIAN_POINT('',(-9.99094510179566,178.490744549585,51.21912872338));
#3966=CARTESIAN_POINT('',(-9.74094510179566,144.717902043685,74.8377201840158));
#3967=CARTESIAN_POINT('',(-9.74094510179566,162.110547826887,46.6723525867164));
#3968=CARTESIAN_POINT('',(-9.99094510180198,144.717902043684,74.8377201840114));
#3969=CARTESIAN_POINT('',(-9.99094510179773,162.110547826887,46.6723525867183));
#3970=CARTESIAN_POINT('',(-9.99094510179566,144.930613733617,74.9690736649936));
#3971=CARTESIAN_POINT('',(-9.99094510179566,162.323259516819,46.8037060677016));
#3972=CARTESIAN_POINT('',(-9.74094510179566,132.212167510301,46.7525063693574));
#3973=CARTESIAN_POINT('',(-9.74094510179566,150.08513621362,74.7997326249169));
#3974=CARTESIAN_POINT('',(-9.99094510179983,132.212167510299,46.7525063693576));
#3975=CARTESIAN_POINT('',(-9.99094510179673,150.085136213622,74.7997326249199));
#3976=CARTESIAN_POINT('',(-9.99094510179566,132.001336392601,46.8868575502602));
#3977=CARTESIAN_POINT('',(-9.99094510179566,149.874305095917,74.9340838058124));
#3978=CARTESIAN_POINT('',(-9.74094510179566,117.06029812136,50.9691287233945));
#3979=CARTESIAN_POINT('',(-9.74094510179566,139.899191128276,50.9691287233873));
#3980=CARTESIAN_POINT('',(-9.9909451017902,117.06029812136,50.9691287233901));
#3981=CARTESIAN_POINT('',(-9.9909451017979,139.899191128277,50.96912872339));
#3982=CARTESIAN_POINT('',(-9.99094510179566,117.06029812136,51.2191287233909));
#3983=CARTESIAN_POINT('',(-9.99094510179566,139.899191128276,51.2191287233873));
#3984=CARTESIAN_POINT('',(-9.74094510179566,143.766612312986,85.0318474251617));
#3985=CARTESIAN_POINT('',(-9.74094510179566,119.373274503389,46.7525063693611));
#3986=CARTESIAN_POINT('',(-9.9909451017959,143.766612312989,85.0318474251575));
#3987=CARTESIAN_POINT('',(-9.99094510179195,119.373274503391,46.7525063693565));
#3988=CARTESIAN_POINT('',(-9.99094510179566,143.977443430689,84.8974962442626));
#3989=CARTESIAN_POINT('',(-9.99094510179566,119.584105621092,46.618155188462));
#3990=CARTESIAN_POINT('',(-9.74094510179566,119.406957805579,115.825851465903));
#3991=CARTESIAN_POINT('',(-9.74094510179566,143.679788078422,76.5188250489082));
#3992=CARTESIAN_POINT('',(-9.99094510179762,119.40695780558,115.825851465904));
#3993=CARTESIAN_POINT('',(-9.99094510179762,143.679788078428,76.5188250489093));
#3994=CARTESIAN_POINT('',(-9.99094510179566,119.619669495511,115.957204946884));
#3995=CARTESIAN_POINT('',(-9.99094510179566,143.892499768357,76.6501785298897));
#3996=CARTESIAN_POINT('',(-7.99094510179566,122.06029812136,111.529075329236));
#3997=CARTESIAN_POINT('',(-7.99094510179566,136.093835159845,111.529075329236));
#3998=CARTESIAN_POINT('',(-7.99094510179566,148.179800311475,91.9572600052743));
#3999=CARTESIAN_POINT('',(-7.99094510179566,160.651851542672,111.529075329236));
#4000=CARTESIAN_POINT('',(-7.99094510179566,173.490744549585,111.529075329236));
#4001=CARTESIAN_POINT('',(-7.99094510179566,154.498324212109,81.7251452050332));
#4002=CARTESIAN_POINT('',(-7.99094510179566,173.490744549585,50.9691287233873));
#4003=CARTESIAN_POINT('',(-7.99094510179566,159.457207511099,50.9691287233873));
#4004=CARTESIAN_POINT('',(-7.99094510179566,147.37124235947,70.5409440473486));
#4005=CARTESIAN_POINT('',(-7.99094510179566,134.899191128272,50.9691287233873));
#4006=CARTESIAN_POINT('',(-7.99094510179566,122.06029812136,50.9691287233873));
#4007=CARTESIAN_POINT('',(-7.99094510179566,141.052718458835,80.7730588475933));
#4008=CARTESIAN_POINT('',(-9.74094510179566,136.093835159845,111.529075329239));
#4009=CARTESIAN_POINT('',(-9.74094510179566,122.06029812136,111.529075329239));
#4010=CARTESIAN_POINT('',(-9.74094510179566,148.179800311475,91.9572600052779));
#4011=CARTESIAN_POINT('',(-9.74094510179566,160.651851542672,111.529075329236));
#4012=CARTESIAN_POINT('',(-9.74094510179566,173.490744549585,111.529075329243));
#4013=CARTESIAN_POINT('',(-9.74094510179566,154.498324212109,81.7251452050295));
#4014=CARTESIAN_POINT('',(-9.74094510179566,173.490744549585,50.9691287233873));
#4015=CARTESIAN_POINT('',(-9.74094510179566,159.457207511099,50.9691287233873));
#4016=CARTESIAN_POINT('',(-9.74094510179566,147.37124235947,70.540944047345));
#4017=CARTESIAN_POINT('',(-9.74094510179566,134.899191128272,50.9691287233873));
#4018=CARTESIAN_POINT('',(-9.74094510179566,122.06029812136,50.9691287233909));
#4019=CARTESIAN_POINT('',(-9.74094510179566,141.052718458835,80.773058847597));
#4020=CARTESIAN_POINT('',(-9.99094510179566,159.596652737473,51.2191287233873));
#4021=CARTESIAN_POINT('',(-9.99094510179566,173.042539891561,51.2191287233873));
#4022=CARTESIAN_POINT('',(-9.99094510179566,122.508502779383,111.279075329243));
#4023=CARTESIAN_POINT('',(-9.99094510179566,141.347833229691,80.7709701200583));
#4024=CARTESIAN_POINT('',(-9.99094510179566,154.203209441253,81.7272339325718));
#4025=CARTESIAN_POINT('',(-9.99094510179566,160.788985970888,111.279075329243));
#4026=CARTESIAN_POINT('',(-9.99094510179566,148.176470804501,91.4868364239301));
#4027=CARTESIAN_POINT('',(-9.99094510179566,122.516055299297,51.2191287233873));
#4028=CARTESIAN_POINT('',(-9.99094510179566,134.762056700063,51.2191287233945));
#4029=CARTESIAN_POINT('',(-9.99094510179566,173.034987371644,111.279075329243));
#4030=CARTESIAN_POINT('',(-9.99094510179566,147.374571866443,71.0113676287001));
#4031=CARTESIAN_POINT('',(-9.99094510179566,135.954389933471,111.279075329243));
#4032=CARTESIAN_POINT('',(-7.99094510179566,122.06029812136,111.529075329236));
#4033=CARTESIAN_POINT('',(-7.99094510179566,136.093835159845,111.529075329236));
#4034=CARTESIAN_POINT('',(-7.99094510179566,136.093835159845,111.529075329236));
#4035=CARTESIAN_POINT('',(-9.74094510179566,136.093835159845,111.529075329239));
#4036=CARTESIAN_POINT('',(-7.99094510179566,122.06029812136,111.529075329236));
#4037=CARTESIAN_POINT('',(-9.74094510179566,122.06029812136,111.529075329239));
#4038=CARTESIAN_POINT('',(-7.99094510179566,136.093835159845,111.529075329236));
#4039=CARTESIAN_POINT('',(-7.99094510179566,148.179800311475,91.9572600052743));
#4040=CARTESIAN_POINT('',(-7.99094510179566,148.179800311475,91.9572600052743));
#4041=CARTESIAN_POINT('',(-9.74094510179566,148.179800311475,91.9572600052779));
#4042=CARTESIAN_POINT('',(-7.99094510179566,148.179800311475,91.9572600052743));
#4043=CARTESIAN_POINT('',(-7.99094510179566,160.651851542672,111.529075329236));
#4044=CARTESIAN_POINT('',(-7.99094510179566,160.651851542672,111.529075329236));
#4045=CARTESIAN_POINT('',(-9.74094510179566,160.651851542672,111.529075329236));
#4046=CARTESIAN_POINT('',(-7.99094510179566,160.651851542672,111.529075329236));
#4047=CARTESIAN_POINT('',(-7.99094510179566,173.490744549585,111.529075329236));
#4048=CARTESIAN_POINT('',(-7.99094510179566,173.490744549585,111.529075329236));
#4049=CARTESIAN_POINT('',(-9.74094510179566,173.490744549585,111.529075329243));
#4050=CARTESIAN_POINT('',(-7.99094510179566,173.490744549585,111.529075329236));
#4051=CARTESIAN_POINT('',(-7.99094510179566,154.498324212109,81.7251452050332));
#4052=CARTESIAN_POINT('',(-7.99094510179566,154.498324212109,81.7251452050332));
#4053=CARTESIAN_POINT('',(-9.74094510179566,154.498324212109,81.7251452050295));
#4054=CARTESIAN_POINT('',(-7.99094510179566,154.498324212109,81.7251452050332));
#4055=CARTESIAN_POINT('',(-7.99094510179566,173.490744549585,50.9691287233873));
#4056=CARTESIAN_POINT('',(-7.99094510179566,173.490744549585,50.9691287233873));
#4057=CARTESIAN_POINT('',(-9.74094510179566,173.490744549585,50.9691287233873));
#4058=CARTESIAN_POINT('',(-7.99094510179566,173.490744549585,50.9691287233873));
#4059=CARTESIAN_POINT('',(-7.99094510179566,159.457207511099,50.9691287233873));
#4060=CARTESIAN_POINT('',(-7.99094510179566,159.457207511099,50.9691287233873));
#4061=CARTESIAN_POINT('',(-9.74094510179566,159.457207511099,50.9691287233873));
#4062=CARTESIAN_POINT('',(-7.99094510179566,159.457207511099,50.9691287233873));
#4063=CARTESIAN_POINT('',(-7.99094510179566,147.37124235947,70.5409440473486));
#4064=CARTESIAN_POINT('',(-7.99094510179566,147.37124235947,70.5409440473486));
#4065=CARTESIAN_POINT('',(-9.74094510179566,147.37124235947,70.540944047345));
#4066=CARTESIAN_POINT('',(-7.99094510179566,147.37124235947,70.5409440473486));
#4067=CARTESIAN_POINT('',(-7.99094510179566,134.899191128272,50.9691287233873));
#4068=CARTESIAN_POINT('',(-7.99094510179566,134.899191128272,50.9691287233873));
#4069=CARTESIAN_POINT('',(-9.74094510179566,134.899191128272,50.9691287233873));
#4070=CARTESIAN_POINT('',(-7.99094510179566,134.899191128272,50.9691287233873));
#4071=CARTESIAN_POINT('',(-7.99094510179566,122.06029812136,50.9691287233873));
#4072=CARTESIAN_POINT('',(-7.99094510179566,122.06029812136,50.9691287233873));
#4073=CARTESIAN_POINT('',(-9.74094510179566,122.06029812136,50.9691287233909));
#4074=CARTESIAN_POINT('',(-7.99094510179566,122.06029812136,50.9691287233873));
#4075=CARTESIAN_POINT('',(-7.99094510179566,141.052718458835,80.7730588475933));
#4076=CARTESIAN_POINT('',(-7.99094510179566,141.052718458835,80.7730588475933));
#4077=CARTESIAN_POINT('',(-9.74094510179566,141.052718458835,80.773058847597));
#4078=CARTESIAN_POINT('',(-7.99094510179566,141.052718458835,80.7730588475933));
#4079=CARTESIAN_POINT('',(-7.99094510179566,122.06029812136,111.529075329236));
#4080=CARTESIAN_POINT('',(-9.74094510179566,136.093835159845,111.529075329239));
#4081=CARTESIAN_POINT('',(-9.74094510179566,122.06029812136,111.529075329239));
#4082=CARTESIAN_POINT('',(-9.74094510179566,148.179800311475,91.9572600052779));
#4083=CARTESIAN_POINT('',(-9.74094510179566,136.093835159845,111.529075329239));
#4084=CARTESIAN_POINT('',(-9.74094510179566,160.651851542672,111.529075329236));
#4085=CARTESIAN_POINT('',(-9.74094510179566,148.179800311475,91.9572600052779));
#4086=CARTESIAN_POINT('',(-9.74094510179566,173.490744549585,111.529075329243));
#4087=CARTESIAN_POINT('',(-9.74094510179566,160.651851542672,111.529075329236));
#4088=CARTESIAN_POINT('',(-9.74094510179566,154.498324212109,81.7251452050295));
#4089=CARTESIAN_POINT('',(-9.74094510179566,173.490744549585,111.529075329243));
#4090=CARTESIAN_POINT('',(-9.74094510179566,173.490744549585,50.9691287233873));
#4091=CARTESIAN_POINT('',(-9.74094510179566,154.498324212109,81.7251452050295));
#4092=CARTESIAN_POINT('',(-9.74094510179566,159.457207511099,50.9691287233873));
#4093=CARTESIAN_POINT('',(-9.74094510179566,173.490744549585,50.9691287233873));
#4094=CARTESIAN_POINT('',(-9.74094510179566,147.37124235947,70.540944047345));
#4095=CARTESIAN_POINT('',(-9.74094510179566,159.457207511099,50.9691287233873));
#4096=CARTESIAN_POINT('',(-9.74094510179566,134.899191128272,50.9691287233873));
#4097=CARTESIAN_POINT('',(-9.74094510179566,147.37124235947,70.540944047345));
#4098=CARTESIAN_POINT('',(-9.74094510179566,122.06029812136,50.9691287233909));
#4099=CARTESIAN_POINT('',(-9.74094510179566,134.899191128272,50.9691287233873));
#4100=CARTESIAN_POINT('',(-9.74094510179566,141.052718458835,80.773058847597));
#4101=CARTESIAN_POINT('',(-9.74094510179566,122.06029812136,50.9691287233909));
#4102=CARTESIAN_POINT('',(-9.74094510179566,122.06029812136,111.529075329239));
#4103=CARTESIAN_POINT('',(-9.74094510179566,141.052718458835,80.773058847597));
#4104=CARTESIAN_POINT('',(-9.99094510179566,159.596652737473,51.2191287233873));
#4105=CARTESIAN_POINT('',(-9.99094510179566,173.042539891561,51.2191287233873));
#4106=CARTESIAN_POINT('',(-9.99094510179566,122.516055299297,51.2191287233873));
#4107=CARTESIAN_POINT('',(-9.99094510179566,134.762056700063,51.2191287233945));
#4108=CARTESIAN_POINT('',(-9.99094510179566,173.034987371644,111.279075329243));
#4109=CARTESIAN_POINT('',(-9.99094510179566,160.788985970888,111.279075329243));
#4110=CARTESIAN_POINT('',(-9.99094510179566,135.954389933471,111.279075329243));
#4111=CARTESIAN_POINT('',(-9.99094510179566,122.508502779383,111.279075329243));
#4112=CARTESIAN_POINT('',(-9.99094510179566,135.954389933471,111.279075329243));
#4113=CARTESIAN_POINT('',(-9.99094430170953,135.961908901681,111.292555475546));
#4114=CARTESIAN_POINT('',(-9.98870876760702,135.977330274607,111.320203200255));
#4115=CARTESIAN_POINT('',(-9.97830903014255,136.000359851962,111.361491055643));
#4116=CARTESIAN_POINT('',(-9.96022158503547,136.022920460015,111.401938134095));
#4117=CARTESIAN_POINT('',(-9.93455472798814,136.043838371359,111.439440155307));
#4118=CARTESIAN_POINT('',(-9.90217260782447,136.061984059128,111.471972082421));
#4119=CARTESIAN_POINT('',(-9.86463680877205,136.07644461868,111.497897243004));
#4120=CARTESIAN_POINT('',(-9.82397565360588,136.086675104147,111.516238647961));
#4121=CARTESIAN_POINT('',(-9.78238273917668,136.092566160154,111.526800242962));
#4122=CARTESIAN_POINT('',(-9.75444948211225,136.093835159845,111.529075329239));
#4123=CARTESIAN_POINT('',(-9.74094510179566,136.093835159845,111.529075329239));
#4124=CARTESIAN_POINT('',(-9.99094510179566,148.176470804501,91.4868364239301));
#4125=CARTESIAN_POINT('',(-9.99094510179566,135.954389933471,111.279075329243));
#4126=CARTESIAN_POINT('',(-9.74094510179566,148.179800311475,91.9572600052779));
#4127=CARTESIAN_POINT('',(-9.75454757224725,148.179800311475,91.9572600052779));
#4128=CARTESIAN_POINT('',(-9.78358902946638,148.179767883208,91.9526782386783));
#4129=CARTESIAN_POINT('',(-9.82590529988374,148.179620514227,91.9318565848225));
#4130=CARTESIAN_POINT('',(-9.86658816166891,148.179370187798,91.8964881464817));
#4131=CARTESIAN_POINT('',(-9.90368547892285,148.179022523182,91.8473668728693));
#4132=CARTESIAN_POINT('',(-9.93551805201423,148.178590527263,91.7863304856546));
#4133=CARTESIAN_POINT('',(-9.96071859372751,148.178094663337,91.7162702395108));
#4134=CARTESIAN_POINT('',(-9.97850254530204,148.177560487416,91.6407969174325));
#4135=CARTESIAN_POINT('',(-9.98872798203229,148.177014881658,91.56370868265));
#4136=CARTESIAN_POINT('',(-9.99097346047347,148.176650050216,91.5121619183519));
#4137=CARTESIAN_POINT('',(-9.99094510179566,148.176470804501,91.4868364239301));
#4138=CARTESIAN_POINT('',(-9.99094510179566,160.788985970888,111.279075329243));
#4139=CARTESIAN_POINT('',(-9.99094510179566,148.176470804501,91.4868364239301));
#4140=CARTESIAN_POINT('',(-9.74094510179566,160.651851542672,111.529075329236));
#4141=CARTESIAN_POINT('',(-9.7544490306318,160.651851542672,111.529075329236));
#4142=CARTESIAN_POINT('',(-9.78237700729733,160.653099118666,111.526800962409));
#4143=CARTESIAN_POINT('',(-9.82396478168448,160.658890975166,111.516242241669));
#4144=CARTESIAN_POINT('',(-9.86462320234932,160.668949753606,111.49790479978));
#4145=CARTESIAN_POINT('',(-9.90215973800878,160.683168915508,111.47198285941));
#4146=CARTESIAN_POINT('',(-9.93454512508833,160.701013359183,111.439451926228));
#4147=CARTESIAN_POINT('',(-9.96021603073677,160.721585447587,111.401948418446));
#4148=CARTESIAN_POINT('',(-9.97830669761606,160.743773950613,111.361498140333));
#4149=CARTESIAN_POINT('',(-9.98870852241453,160.76642391082,111.32020661256));
#4150=CARTESIAN_POINT('',(-9.99094394902932,160.781591456827,111.2925557407));
#4151=CARTESIAN_POINT('',(-9.99094510179566,160.788985970888,111.279075329243));
#4152=CARTESIAN_POINT('',(-9.99094510179566,173.034987371644,111.279075329243));
#4153=CARTESIAN_POINT('',(-9.99097667283058,173.059519164395,111.292531942738));
#4154=CARTESIAN_POINT('',(-9.98872997647413,173.109409207325,111.319898512793));
#4155=CARTESIAN_POINT('',(-9.97852393009816,173.184026120063,111.360828703426));
#4156=CARTESIAN_POINT('',(-9.96077819032507,173.257060874908,111.40089102081));
#4157=CARTESIAN_POINT('',(-9.93564887510729,173.324840081183,111.438070471591));
#4158=CARTESIAN_POINT('',(-9.90393045861128,173.383883817107,111.470458187458));
#4159=CARTESIAN_POINT('',(-9.86698470178453,173.431436883562,111.496542837776));
#4160=CARTESIAN_POINT('',(-9.82641644611067,173.465796333403,111.515390291799));
#4161=CARTESIAN_POINT('',(-9.78399006721156,173.486202444408,111.526583813276));
#4162=CARTESIAN_POINT('',(-9.75458182637522,173.490744549585,111.529075329243));
#4163=CARTESIAN_POINT('',(-9.74094510179566,173.490744549585,111.529075329243));
#4164=CARTESIAN_POINT('',(-9.99094510179566,154.203209441253,81.7272339325718));
#4165=CARTESIAN_POINT('',(-9.99094510179566,173.034987371644,111.279075329243));
#4166=CARTESIAN_POINT('',(-9.99094510179566,154.203209441253,81.7272339325718));
#4167=CARTESIAN_POINT('',(-9.99094696438988,154.219119846559,81.7271213238309));
#4168=CARTESIAN_POINT('',(-9.98871060856254,154.251728876519,81.7268905275923));
#4169=CARTESIAN_POINT('',(-9.97832664751695,154.300434582106,81.7265458042675));
#4170=CARTESIAN_POINT('',(-9.96026385546429,154.348151439161,81.7262080796718));
#4171=CARTESIAN_POINT('',(-9.93462858082785,154.392406523664,81.7258948564086));
#4172=CARTESIAN_POINT('',(-9.90227286703521,154.430816884138,81.7256230002022));
#4173=CARTESIAN_POINT('',(-9.86474424788685,154.461449185794,81.7254061946223));
#4174=CARTESIAN_POINT('',(-9.82406250922213,154.483137075407,81.7252526946904));
#4175=CARTESIAN_POINT('',(-9.78242888320892,154.495631712816,81.7251642616902));
#4176=CARTESIAN_POINT('',(-9.75445312105148,154.498324212109,81.7251452050295));
#4177=CARTESIAN_POINT('',(-9.74094510179566,154.498324212109,81.7251452050295));
#4178=CARTESIAN_POINT('',(-9.99094510179566,173.042539891561,51.2191287233873));
#4179=CARTESIAN_POINT('',(-9.99094510179566,154.203209441253,81.7272339325718));
#4180=CARTESIAN_POINT('',(-9.74094510179566,173.490744549585,50.9691287233873));
#4181=CARTESIAN_POINT('',(-9.75457704965083,173.490744549585,50.9691287233873));
#4182=CARTESIAN_POINT('',(-9.78393481095191,173.486291856472,50.9716123505714));
#4183=CARTESIAN_POINT('',(-9.82634920383498,173.466253754083,50.9827892214926));
#4184=CARTESIAN_POINT('',(-9.86693476466826,173.432473316152,51.0016313047272));
#4185=CARTESIAN_POINT('',(-9.90390048501649,173.385702169537,51.0277193572547));
#4186=CARTESIAN_POINT('',(-9.93563318115412,173.32762529255,51.0601135302895));
#4187=CARTESIAN_POINT('',(-9.96077112538114,173.260957528153,51.0972995362572));
#4188=CARTESIAN_POINT('',(-9.97852141379917,173.189122967204,51.13736748273));
#4189=CARTESIAN_POINT('',(-9.98872974299229,173.115734662686,51.1783020776638));
#4190=CARTESIAN_POINT('',(-9.99097629489916,173.066665635157,51.2056718442727));
#4191=CARTESIAN_POINT('',(-9.99094510179566,173.042539891561,51.2191287233873));
#4192=CARTESIAN_POINT('',(-9.99094510179566,159.596652737473,51.2191287233873));
#4193=CARTESIAN_POINT('',(-9.99094430170953,159.589133769259,51.2056485770881));
#4194=CARTESIAN_POINT('',(-9.98870876760702,159.573712396334,51.1780008523747));
#4195=CARTESIAN_POINT('',(-9.97830903014255,159.550682818986,51.1367129969876));
#4196=CARTESIAN_POINT('',(-9.96022158503183,159.528122210933,51.0962659185461));
#4197=CARTESIAN_POINT('',(-9.93455472799178,159.507204299582,51.0587638973302));
#4198=CARTESIAN_POINT('',(-9.90217260781719,159.48905861182,51.0262319702197));
#4199=CARTESIAN_POINT('',(-9.86463680877932,159.474598052257,51.0003068096121));
#4200=CARTESIAN_POINT('',(-9.82397565360588,159.464367566816,50.9819654046805));
#4201=CARTESIAN_POINT('',(-9.78238273917668,159.458476510797,50.9714038096754));
#4202=CARTESIAN_POINT('',(-9.75444948211225,159.457207511099,50.9691287233873));
#4203=CARTESIAN_POINT('',(-9.74094510179566,159.457207511099,50.9691287233873));
#4204=CARTESIAN_POINT('',(-9.99094510179566,147.374571866443,71.0113676287001));
#4205=CARTESIAN_POINT('',(-9.99094510179566,159.596652737473,51.2191287233873));
#4206=CARTESIAN_POINT('',(-9.74094510179566,147.37124235947,70.540944047345));
#4207=CARTESIAN_POINT('',(-9.75454757224725,147.37124235947,70.540944047345));
#4208=CARTESIAN_POINT('',(-9.78358902947002,147.371274787736,70.54552581393));
#4209=CARTESIAN_POINT('',(-9.82590529988011,147.371422156721,70.5663474678149));
#4210=CARTESIAN_POINT('',(-9.86658816167255,147.371672483154,70.6017159061412));
#4211=CARTESIAN_POINT('',(-9.90368547891921,147.372020147755,70.6508371797645));
#4212=CARTESIAN_POINT('',(-9.93551805201787,147.372452143689,70.7118735669719));
#4213=CARTESIAN_POINT('',(-9.96071859373478,147.372948007604,70.7819338131085));
#4214=CARTESIAN_POINT('',(-9.9785025452984,147.373482183539,70.8574071351904));
#4215=CARTESIAN_POINT('',(-9.98872798203229,147.374027789301,70.9344953699911));
#4216=CARTESIAN_POINT('',(-9.99097346047347,147.374392620732,70.9860421342783));
#4217=CARTESIAN_POINT('',(-9.99094510179566,147.374571866443,71.0113676287001));
#4218=CARTESIAN_POINT('',(-9.99094510179566,134.762056700063,51.2191287233945));
#4219=CARTESIAN_POINT('',(-9.99094510179566,147.374571866443,71.0113676287001));
#4220=CARTESIAN_POINT('',(-9.74094510179566,134.899191128272,50.9691287233873));
#4221=CARTESIAN_POINT('',(-9.7544490306318,134.899191128272,50.9691287233873));
#4222=CARTESIAN_POINT('',(-9.78237700729733,134.8979435523,50.9714030902214));
#4223=CARTESIAN_POINT('',(-9.82396478168812,134.892151695771,50.9819618109359));
#4224=CARTESIAN_POINT('',(-9.86462320234932,134.882092917338,51.0002992528498));
#4225=CARTESIAN_POINT('',(-9.90215973801241,134.867873755451,51.0262211932386));
#4226=CARTESIAN_POINT('',(-9.93454512508833,134.850029311776,51.0587521264133));
#4227=CARTESIAN_POINT('',(-9.96021603074041,134.829457223372,51.0962556342056));
#4228=CARTESIAN_POINT('',(-9.97830669761606,134.807268720346,51.1367059123222));
#4229=CARTESIAN_POINT('',(-9.98870852241816,134.784618760139,51.1779974400852));
#4230=CARTESIAN_POINT('',(-9.99094394902932,134.769451214132,51.205648311945));
#4231=CARTESIAN_POINT('',(-9.99094510179566,134.762056700063,51.2191287233945));
#4232=CARTESIAN_POINT('',(-9.74094510179566,122.06029812136,50.9691287233909));
#4233=CARTESIAN_POINT('',(-9.75458182637522,122.06029812136,50.9691287233909));
#4234=CARTESIAN_POINT('',(-9.78399006720792,122.064840226554,50.9716202393975));
#4235=CARTESIAN_POINT('',(-9.82641644611431,122.085246337549,50.9828137608383));
#4236=CARTESIAN_POINT('',(-9.86698470178453,122.119605787382,51.0016612148647));
#4237=CARTESIAN_POINT('',(-9.90393045860401,122.167158853852,51.0277458651908));
#4238=CARTESIAN_POINT('',(-9.93564887510729,122.226202589769,51.0601335810352));
#4239=CARTESIAN_POINT('',(-9.96077819032143,122.293981796029,51.0973130318343));
#4240=CARTESIAN_POINT('',(-9.97852393009816,122.367016550877,51.1373753492044));
#4241=CARTESIAN_POINT('',(-9.98872997647413,122.441633463612,51.1783055398628));
#4242=CARTESIAN_POINT('',(-9.99097667283058,122.491523506542,51.2056721098998));
#4243=CARTESIAN_POINT('',(-9.99094510179566,122.516055299297,51.2191287233873));
#4244=CARTESIAN_POINT('',(-9.99094510179566,141.347833229691,80.7709701200583));
#4245=CARTESIAN_POINT('',(-9.99094510179566,122.516055299297,51.2191287233873));
#4246=CARTESIAN_POINT('',(-9.99094510179566,141.347833229691,80.7709701200583));
#4247=CARTESIAN_POINT('',(-9.99094696438988,141.331922824385,80.7710827287992));
#4248=CARTESIAN_POINT('',(-9.98871060856254,141.299313794425,80.7713135250451));
#4249=CARTESIAN_POINT('',(-9.97832664751695,141.250608088838,80.7716582483627));
#4250=CARTESIAN_POINT('',(-9.96026385546429,141.20289123178,80.7719959729438));
#4251=CARTESIAN_POINT('',(-9.93462858083149,141.158636147287,80.7723091962253));
#4252=CARTESIAN_POINT('',(-9.90227286703157,141.120225786792,80.7725810523953));
#4253=CARTESIAN_POINT('',(-9.86474424788685,141.089593485147,80.7727978580224));
#4254=CARTESIAN_POINT('',(-9.82406250922213,141.067905595526,80.772951357907));
#4255=CARTESIAN_POINT('',(-9.78242888320892,141.055410958128,80.7730397909581));
#4256=CARTESIAN_POINT('',(-9.75445312105148,141.052718458835,80.773058847597));
#4257=CARTESIAN_POINT('',(-9.74094510179566,141.052718458835,80.773058847597));
#4258=CARTESIAN_POINT('',(-9.99094510179566,122.508502779383,111.279075329243));
#4259=CARTESIAN_POINT('',(-9.99097629489552,122.484377035791,111.292532208354));
#4260=CARTESIAN_POINT('',(-9.98872974298865,122.435308008255,111.319901974966));
#4261=CARTESIAN_POINT('',(-9.97852141380645,122.361919703744,111.360836569889));
#4262=CARTESIAN_POINT('',(-9.96077112537387,122.290085142791,111.400904516355));
#4263=CARTESIAN_POINT('',(-9.93563318115775,122.223417378402,111.438090522348));
#4264=CARTESIAN_POINT('',(-9.90390048502013,122.165340501411,111.470484695379));
#4265=CARTESIAN_POINT('',(-9.86693476466098,122.118569354796,111.496572747881));
#4266=CARTESIAN_POINT('',(-9.82634920384226,122.084788916858,111.515414831138));
#4267=CARTESIAN_POINT('',(-9.78393481094463,122.064750814483,111.526591702041));
#4268=CARTESIAN_POINT('',(-9.75457704965083,122.06029812136,111.529075329239));
#4269=CARTESIAN_POINT('',(-9.74094510179566,122.06029812136,111.529075329239));
#4270=CARTESIAN_POINT('',(-9.99094510179566,122.508502779383,111.279075329243));
#4271=CARTESIAN_POINT('',(-9.99094510179566,141.347833229691,80.7709701200583));
#4272=CARTESIAN_POINT('',(-9.99094510179566,266.285206493053,164.193142190643));
#4273=CARTESIAN_POINT('',(-7.99094510179566,102.25130352741,111.529075329236));
#4274=CARTESIAN_POINT('',(-7.99094510179566,115.090196534322,111.529075329236));
#4275=CARTESIAN_POINT('',(-7.99094510179566,115.090196534322,50.9691287233873));
#4276=CARTESIAN_POINT('',(-7.99094510179566,102.25130352741,50.9691287233873));
#4277=CARTESIAN_POINT('',(-9.99094510179566,97.2513035274096,111.279075329243));
#4278=CARTESIAN_POINT('',(-9.99094510179762,97.2513035274062,111.52907532924));
#4279=CARTESIAN_POINT('',(-9.74094510179566,97.2513035274096,111.52907532925));
#4280=CARTESIAN_POINT('',(-9.99094510179566,120.090196534322,111.279075329236));
#4281=CARTESIAN_POINT('',(-9.99094510179762,120.090196534325,111.52907532924));
#4282=CARTESIAN_POINT('',(-9.74094510179566,120.090196534322,111.529075329243));
#4283=CARTESIAN_POINT('',(-9.99094510179566,102.50130352741,45.9691287233873));
#4284=CARTESIAN_POINT('',(-9.99094510179438,102.251303527412,45.9691287233863));
#4285=CARTESIAN_POINT('',(-9.74094510179566,102.25130352741,45.9691287233873));
#4286=CARTESIAN_POINT('',(-9.99094510179566,102.50130352741,116.529075329236));
#4287=CARTESIAN_POINT('',(-9.99094510179438,102.251303527412,116.529075329236));
#4288=CARTESIAN_POINT('',(-9.74094510179566,102.25130352741,116.529075329232));
#4289=CARTESIAN_POINT('',(-9.99094510179566,120.090196534322,51.2191287233873));
#4290=CARTESIAN_POINT('',(-9.99094510179115,120.090196534321,50.9691287233909));
#4291=CARTESIAN_POINT('',(-9.74094510179566,120.090196534326,50.9691287233945));
#4292=CARTESIAN_POINT('',(-9.99094510179566,97.251303527406,51.2191287233873));
#4293=CARTESIAN_POINT('',(-9.99094510179115,97.2513035274059,50.9691287233909));
#4294=CARTESIAN_POINT('',(-9.74094510179566,97.251303527406,50.9691287233945));
#4295=CARTESIAN_POINT('',(-9.99094510179566,114.840196534322,116.529075329236));
#4296=CARTESIAN_POINT('',(-9.99094510179148,115.09019653432,116.529075329233));
#4297=CARTESIAN_POINT('',(-9.74094510179566,115.090196534318,116.529075329243));
#4298=CARTESIAN_POINT('',(-9.99094510179566,114.840196534322,45.9691287233873));
#4299=CARTESIAN_POINT('',(-9.99094510180243,115.090196534324,45.9691287233857));
#4300=CARTESIAN_POINT('',(-9.74094510179566,115.090196534322,45.9691287233873));
#4301=CARTESIAN_POINT('',(-7.99094510179566,102.25130352741,111.529075329236));
#4302=CARTESIAN_POINT('',(-7.99094510179566,115.090196534322,111.529075329236));
#4303=CARTESIAN_POINT('',(-7.99094510179566,115.090196534322,50.9691287233873));
#4304=CARTESIAN_POINT('',(-7.99094510179566,102.25130352741,50.9691287233873));
#4305=CARTESIAN_POINT('',(-9.99094510179566,102.50130352741,51.2191287233945));
#4306=CARTESIAN_POINT('',(-9.99094510179566,102.50130352741,111.279075329243));
#4307=CARTESIAN_POINT('',(-9.99094510179566,114.840196534322,111.279075329243));
#4308=CARTESIAN_POINT('',(-9.99094510179566,114.840196534322,51.2191287233873));
#4309=CARTESIAN_POINT('',(-9.74094510179566,102.25130352741,111.529075329243));
#4310=CARTESIAN_POINT('',(-9.74094510179566,115.090196534322,111.529075329236));
#4311=CARTESIAN_POINT('',(-9.74094510179566,115.090196534322,50.9691287233909));
#4312=CARTESIAN_POINT('',(-9.74094510179566,102.25130352741,50.9691287233909));
#4313=CARTESIAN_POINT('',(-7.99094510179566,102.25130352741,111.529075329236));
#4314=CARTESIAN_POINT('',(-7.99094510179566,115.090196534322,111.529075329236));
#4315=CARTESIAN_POINT('',(-7.99094510179566,115.090196534322,111.529075329236));
#4316=CARTESIAN_POINT('',(-9.74094510179566,115.090196534322,111.529075329236));
#4317=CARTESIAN_POINT('',(-7.99094510179566,102.25130352741,111.529075329236));
#4318=CARTESIAN_POINT('',(-9.74094510179566,102.25130352741,111.529075329243));
#4319=CARTESIAN_POINT('',(-7.99094510179566,115.090196534322,111.529075329236));
#4320=CARTESIAN_POINT('',(-7.99094510179566,115.090196534322,50.9691287233873));
#4321=CARTESIAN_POINT('',(-7.99094510179566,115.090196534322,50.9691287233873));
#4322=CARTESIAN_POINT('',(-9.74094510179566,115.090196534322,50.9691287233909));
#4323=CARTESIAN_POINT('',(-7.99094510179566,115.090196534322,50.9691287233873));
#4324=CARTESIAN_POINT('',(-7.99094510179566,102.25130352741,50.9691287233873));
#4325=CARTESIAN_POINT('',(-7.99094510179566,102.25130352741,50.9691287233873));
#4326=CARTESIAN_POINT('',(-9.74094510179566,102.25130352741,50.9691287233909));
#4327=CARTESIAN_POINT('',(-7.99094510179566,102.25130352741,50.9691287233873));
#4328=CARTESIAN_POINT('',(-7.99094510179566,102.25130352741,111.529075329236));
#4329=CARTESIAN_POINT('',(-9.99094510179566,102.50130352741,51.2191287233945));
#4330=CARTESIAN_POINT('',(-9.99094510179566,102.50130352741,111.279075329243));
#4331=CARTESIAN_POINT('',(-9.99094510179566,102.50130352741,111.279075329243));
#4332=CARTESIAN_POINT('',(-9.99094510179566,114.840196534322,111.279075329243));
#4333=CARTESIAN_POINT('',(-9.99094510179566,114.840196534322,111.279075329243));
#4334=CARTESIAN_POINT('',(-9.99094510179566,114.840196534322,51.2191287233873));
#4335=CARTESIAN_POINT('',(-9.99094510179566,114.840196534322,51.2191287233873));
#4336=CARTESIAN_POINT('',(-9.99094510179566,102.50130352741,51.2191287233945));
#4337=CARTESIAN_POINT('',(-9.74094510179566,102.25130352741,111.529075329243));
#4338=CARTESIAN_POINT('',(-9.74094510179566,115.090196534322,111.529075329236));
#4339=CARTESIAN_POINT('',(-9.74094510179566,115.090196534322,111.529075329236));
#4340=CARTESIAN_POINT('',(-9.74094510179566,115.090196534322,50.9691287233909));
#4341=CARTESIAN_POINT('',(-9.74094510179566,115.090196534322,50.9691287233909));
#4342=CARTESIAN_POINT('',(-9.74094510179566,102.25130352741,50.9691287233909));
#4343=CARTESIAN_POINT('',(-9.74094510179566,102.25130352741,50.9691287233909));
#4344=CARTESIAN_POINT('',(-9.74094510179566,102.25130352741,111.529075329243));
#4345=CARTESIAN_POINT('',(-9.99094510179566,102.50130352741,111.279075329243));
#4346=CARTESIAN_POINT('',(-9.99096002487568,102.487835009517,111.292543847132));
#4347=CARTESIAN_POINT('',(-9.98871938302909,102.460325729033,111.320053127631));
#4348=CARTESIAN_POINT('',(-9.97841322882232,102.419206579103,111.36117227756));
#4349=CARTESIAN_POINT('',(-9.96048004514159,102.37892286048,111.401455996176));
#4350=CARTESIAN_POINT('',(-9.9350287130037,102.34152509159,111.438853765085));
#4351=CARTESIAN_POINT('',(-9.90285836531621,102.308987376393,111.471391480249));
#4352=CARTESIAN_POINT('',(-9.86542740124059,102.282926273911,111.497452582771));
#4353=CARTESIAN_POINT('',(-9.82466060442312,102.264369876513,111.516008980136));
#4354=CARTESIAN_POINT('',(-9.78276487761104,102.253627433085,111.526751423607));
#4355=CARTESIAN_POINT('',(-9.7544798618037,102.25130352741,111.529075329243));
#4356=CARTESIAN_POINT('',(-9.74094510179566,102.25130352741,111.529075329243));
#4357=CARTESIAN_POINT('',(-9.74094510179566,102.25130352741,50.9691287233909));
#4358=CARTESIAN_POINT('',(-9.7544798618037,102.25130352741,50.9691287233909));
#4359=CARTESIAN_POINT('',(-9.78276487761104,102.253627433078,50.9714526290772));
#4360=CARTESIAN_POINT('',(-9.82466060442312,102.264369876521,50.9821950725236));
#4361=CARTESIAN_POINT('',(-9.86542740124059,102.282926273903,51.0007514698809));
#4362=CARTESIAN_POINT('',(-9.90285836531621,102.308987376404,51.0268125724033));
#4363=CARTESIAN_POINT('',(-9.93502871299643,102.341525091575,51.0593502875745));
#4364=CARTESIAN_POINT('',(-9.96048004514159,102.378922860487,51.0967480564832));
#4365=CARTESIAN_POINT('',(-9.97841322881504,102.419206579099,51.137031775088));
#4366=CARTESIAN_POINT('',(-9.98871938302909,102.460325729029,51.178150925025));
#4367=CARTESIAN_POINT('',(-9.99096002487568,102.487835009517,51.2056602055054));
#4368=CARTESIAN_POINT('',(-9.99094510179566,102.50130352741,51.2191287233945));
#4369=CARTESIAN_POINT('',(-9.74094510179566,115.090196534322,50.9691287233909));
#4370=CARTESIAN_POINT('',(-9.7544798618037,115.090196534322,50.9691287233909));
#4371=CARTESIAN_POINT('',(-9.78276487760741,115.087872628643,50.9714526290736));
#4372=CARTESIAN_POINT('',(-9.82466060442675,115.077130185215,50.9821950725054));
#4373=CARTESIAN_POINT('',(-9.86542740124059,115.058573787821,51.0007514698809));
#4374=CARTESIAN_POINT('',(-9.90285836531257,115.032512685342,51.0268125723851));
#4375=CARTESIAN_POINT('',(-9.93502871300007,114.999974970142,51.0593502875636));
#4376=CARTESIAN_POINT('',(-9.96048004514159,114.962577201248,51.0967480564614));
#4377=CARTESIAN_POINT('',(-9.97841322881504,114.922293482647,51.1370317750916));
#4378=CARTESIAN_POINT('',(-9.98871938302909,114.881174332695,51.1781509249922));
#4379=CARTESIAN_POINT('',(-9.99096002487568,114.853665052215,51.2056602054981));
#4380=CARTESIAN_POINT('',(-9.99094510179566,114.840196534322,51.2191287233873));
#4381=CARTESIAN_POINT('',(-9.99094510179566,114.840196534322,111.279075329243));
#4382=CARTESIAN_POINT('',(-9.99096002487568,114.853665052211,111.292543847136));
#4383=CARTESIAN_POINT('',(-9.98871938302909,114.881174332695,111.320053127616));
#4384=CARTESIAN_POINT('',(-9.97841322882232,114.922293482628,111.361172277564));
#4385=CARTESIAN_POINT('',(-9.96048004514159,114.962577201251,111.401455996183));
#4386=CARTESIAN_POINT('',(-9.93502871300007,114.999974970142,111.438853765056));
#4387=CARTESIAN_POINT('',(-9.90285836531984,115.032512685328,111.471391480267));
#4388=CARTESIAN_POINT('',(-9.86542740123696,115.058573787821,111.497452582749));
#4389=CARTESIAN_POINT('',(-9.82466060443039,115.077130185207,111.516008980136));
#4390=CARTESIAN_POINT('',(-9.78276487760741,115.087872628643,111.526751423582));
#4391=CARTESIAN_POINT('',(-9.7544798618037,115.090196534322,111.529075329236));
#4392=CARTESIAN_POINT('',(-9.74094510179566,115.090196534322,111.529075329236));
#4393=CARTESIAN_POINT('',(-9.99094510179566,266.285206493053,164.193142190643));
#4394=CARTESIAN_POINT('',(-7.99094510179566,49.7381279659676,111.529075329236));
#4395=CARTESIAN_POINT('',(-7.99094510179566,99.191869743976,111.529075329236));
#4396=CARTESIAN_POINT('',(-7.99094510179566,99.191869743976,100.062623537706));
#4397=CARTESIAN_POINT('',(-7.99094510179566,80.8844453584279,100.062623537706));
#4398=CARTESIAN_POINT('',(-7.99094510179566,80.8844453584279,50.9691287233873));
#4399=CARTESIAN_POINT('',(-7.99094510179566,68.0455523515193,50.9691287233873));
#4400=CARTESIAN_POINT('',(-7.99094510179566,68.0455523515193,100.062623537706));
#4401=CARTESIAN_POINT('',(-7.99094510179566,49.7381279659676,100.062623537706));
#4402=CARTESIAN_POINT('',(-9.99094510179566,44.7381279659676,111.279075329236));
#4403=CARTESIAN_POINT('',(-9.99094510179438,44.7381279659691,111.529075329238));
#4404=CARTESIAN_POINT('',(-9.74094510179566,44.7381279659676,111.529075329232));
#4405=CARTESIAN_POINT('',(-9.99094510179566,104.191869743976,111.279075329239));
#4406=CARTESIAN_POINT('',(-9.99094510179116,104.191869743978,111.529075329236));
#4407=CARTESIAN_POINT('',(-9.74094510179566,104.191869743976,111.529075329232));
#4408=CARTESIAN_POINT('',(-9.99094510179566,49.9881279659712,95.0626235377058));
#4409=CARTESIAN_POINT('',(-9.99094510179438,49.7381279659725,95.0626235377046));
#4410=CARTESIAN_POINT('',(-9.74094510179566,49.7381279659712,95.0626235377058));
#4411=CARTESIAN_POINT('',(-9.99094510179566,49.9881279659676,116.529075329236));
#4412=CARTESIAN_POINT('',(-9.99094510180243,49.7381279659682,116.529075329235));
#4413=CARTESIAN_POINT('',(-9.74094510179566,49.7381279659676,116.529075329232));
#4414=CARTESIAN_POINT('',(-9.99094510179566,73.0455523515193,100.312623537713));
#4415=CARTESIAN_POINT('',(-9.99094510180343,73.0455523515182,100.0626235377));
#4416=CARTESIAN_POINT('',(-9.74094510179566,73.0455523515193,100.062623537695));
#4417=CARTESIAN_POINT('',(-9.99094510179566,44.7381279659676,100.312623537706));
#4418=CARTESIAN_POINT('',(-9.99094510179438,44.7381279659691,100.062623537703));
#4419=CARTESIAN_POINT('',(-9.74094510179566,44.7381279659676,100.062623537706));
#4420=CARTESIAN_POINT('',(-9.99094510179566,68.2955523515193,45.9691287233873));
#4421=CARTESIAN_POINT('',(-9.99094510179696,68.0455523515169,45.9691287233867));
#4422=CARTESIAN_POINT('',(-9.74094510179566,68.0455523515193,45.9691287233873));
#4423=CARTESIAN_POINT('',(-9.99094510179566,68.2955523515193,105.062623537706));
#4424=CARTESIAN_POINT('',(-9.99094510179148,68.0455523515214,105.062623537708));
#4425=CARTESIAN_POINT('',(-9.74094510179566,68.0455523515193,105.062623537706));
#4426=CARTESIAN_POINT('',(-9.99094510179566,85.8844453584279,51.2191287233873));
#4427=CARTESIAN_POINT('',(-9.99094510179438,85.8844453584303,50.9691287233846));
#4428=CARTESIAN_POINT('',(-9.74094510179566,85.8844453584279,50.9691287233873));
#4429=CARTESIAN_POINT('',(-9.99094510179566,63.0455523515157,51.2191287233873));
#4430=CARTESIAN_POINT('',(-9.99094510179438,63.0455523515185,50.9691287233846));
#4431=CARTESIAN_POINT('',(-9.74094510179566,63.0455523515193,50.9691287233836));
#4432=CARTESIAN_POINT('',(-9.99094510179566,80.6344453584315,105.062623537706));
#4433=CARTESIAN_POINT('',(-9.9909451017889,80.8844453584259,105.062623537708));
#4434=CARTESIAN_POINT('',(-9.74094510179566,80.8844453584279,105.062623537699));
#4435=CARTESIAN_POINT('',(-9.99094510179566,80.6344453584243,45.9691287233873));
#4436=CARTESIAN_POINT('',(-9.99094510180243,80.8844453584279,45.9691287233857));
#4437=CARTESIAN_POINT('',(-9.74094510179566,80.8844453584279,45.9691287233873));
#4438=CARTESIAN_POINT('',(-9.99094510179566,104.191869743976,100.312623537702));
#4439=CARTESIAN_POINT('',(-9.99094510178789,104.191869743981,100.062623537711));
#4440=CARTESIAN_POINT('',(-9.74094510179566,104.191869743976,100.062623537717));
#4441=CARTESIAN_POINT('',(-9.99094510179566,75.8844453584279,100.312623537709));
#4442=CARTESIAN_POINT('',(-9.99094510179115,75.884445358427,100.062623537712));
#4443=CARTESIAN_POINT('',(-9.74094510179566,75.8844453584315,100.062623537713));
#4444=CARTESIAN_POINT('',(-9.99094510179566,98.941869743976,116.529075329236));
#4445=CARTESIAN_POINT('',(-9.99094510180243,99.1918697439771,116.529075329235));
#4446=CARTESIAN_POINT('',(-9.74094510179566,99.191869743976,116.529075329225));
#4447=CARTESIAN_POINT('',(-9.99094510179566,98.941869743976,95.0626235377058));
#4448=CARTESIAN_POINT('',(-9.99094510179438,99.1918697439764,95.0626235377046));
#4449=CARTESIAN_POINT('',(-9.74094510179566,99.191869743976,95.0626235376985));
#4450=CARTESIAN_POINT('',(-7.99094510179566,49.7381279659676,111.529075329236));
#4451=CARTESIAN_POINT('',(-7.99094510179566,99.191869743976,111.529075329236));
#4452=CARTESIAN_POINT('',(-7.99094510179566,99.191869743976,100.062623537706));
#4453=CARTESIAN_POINT('',(-7.99094510179566,80.8844453584279,100.062623537706));
#4454=CARTESIAN_POINT('',(-7.99094510179566,80.8844453584279,50.9691287233873));
#4455=CARTESIAN_POINT('',(-7.99094510179566,68.0455523515193,50.9691287233873));
#4456=CARTESIAN_POINT('',(-7.99094510179566,68.0455523515193,100.062623537706));
#4457=CARTESIAN_POINT('',(-7.99094510179566,49.7381279659676,100.062623537706));
#4458=CARTESIAN_POINT('',(-9.99094510179566,68.2955523515157,100.312623537709));
#4459=CARTESIAN_POINT('',(-9.99094510179566,49.9881279659712,100.312623537709));
#4460=CARTESIAN_POINT('',(-9.99094510179566,49.9881279659712,111.279075329236));
#4461=CARTESIAN_POINT('',(-9.99094510179566,80.6344453584279,100.312623537709));
#4462=CARTESIAN_POINT('',(-9.99094510179566,80.6344453584243,51.2191287233873));
#4463=CARTESIAN_POINT('',(-9.99094510179566,98.941869743976,111.279075329232));
#4464=CARTESIAN_POINT('',(-9.99094510179566,98.941869743976,100.312623537709));
#4465=CARTESIAN_POINT('',(-9.99094510179566,68.2955523515157,51.2191287233836));
#4466=CARTESIAN_POINT('',(-9.74094510179566,49.7381279659676,111.529075329236));
#4467=CARTESIAN_POINT('',(-9.74094510179566,99.191869743976,111.529075329239));
#4468=CARTESIAN_POINT('',(-9.74094510179566,99.191869743976,100.062623537709));
#4469=CARTESIAN_POINT('',(-9.74094510179566,80.8844453584279,100.062623537709));
#4470=CARTESIAN_POINT('',(-9.74094510179566,80.8844453584279,50.9691287233873));
#4471=CARTESIAN_POINT('',(-9.74094510179566,68.0455523515193,50.9691287233873));
#4472=CARTESIAN_POINT('',(-9.74094510179566,68.0455523515193,100.062623537706));
#4473=CARTESIAN_POINT('',(-9.74094510179566,49.7381279659676,100.062623537706));
#4474=CARTESIAN_POINT('',(-7.99094510179566,49.7381279659676,111.529075329236));
#4475=CARTESIAN_POINT('',(-7.99094510179566,99.191869743976,111.529075329236));
#4476=CARTESIAN_POINT('',(-7.99094510179566,99.191869743976,111.529075329236));
#4477=CARTESIAN_POINT('',(-9.74094510179566,99.191869743976,111.529075329239));
#4478=CARTESIAN_POINT('',(-7.99094510179566,49.7381279659676,111.529075329236));
#4479=CARTESIAN_POINT('',(-9.74094510179566,49.7381279659676,111.529075329236));
#4480=CARTESIAN_POINT('',(-7.99094510179566,99.191869743976,111.529075329236));
#4481=CARTESIAN_POINT('',(-7.99094510179566,99.191869743976,100.062623537706));
#4482=CARTESIAN_POINT('',(-7.99094510179566,99.191869743976,100.062623537706));
#4483=CARTESIAN_POINT('',(-9.74094510179566,99.191869743976,100.062623537709));
#4484=CARTESIAN_POINT('',(-7.99094510179566,99.191869743976,100.062623537706));
#4485=CARTESIAN_POINT('',(-7.99094510179566,80.8844453584279,100.062623537706));
#4486=CARTESIAN_POINT('',(-7.99094510179566,80.8844453584279,100.062623537706));
#4487=CARTESIAN_POINT('',(-9.74094510179566,80.8844453584279,100.062623537709));
#4488=CARTESIAN_POINT('',(-7.99094510179566,80.8844453584279,100.062623537706));
#4489=CARTESIAN_POINT('',(-7.99094510179566,80.8844453584279,50.9691287233873));
#4490=CARTESIAN_POINT('',(-7.99094510179566,80.8844453584279,50.9691287233873));
#4491=CARTESIAN_POINT('',(-9.74094510179566,80.8844453584279,50.9691287233873));
#4492=CARTESIAN_POINT('',(-7.99094510179566,80.8844453584279,50.9691287233873));
#4493=CARTESIAN_POINT('',(-7.99094510179566,68.0455523515193,50.9691287233873));
#4494=CARTESIAN_POINT('',(-7.99094510179566,68.0455523515193,50.9691287233873));
#4495=CARTESIAN_POINT('',(-9.74094510179566,68.0455523515193,50.9691287233873));
#4496=CARTESIAN_POINT('',(-7.99094510179566,68.0455523515193,50.9691287233873));
#4497=CARTESIAN_POINT('',(-7.99094510179566,68.0455523515193,100.062623537706));
#4498=CARTESIAN_POINT('',(-7.99094510179566,68.0455523515193,100.062623537706));
#4499=CARTESIAN_POINT('',(-9.74094510179566,68.0455523515193,100.062623537706));
#4500=CARTESIAN_POINT('',(-7.99094510179566,68.0455523515193,100.062623537706));
#4501=CARTESIAN_POINT('',(-7.99094510179566,49.7381279659676,100.062623537706));
#4502=CARTESIAN_POINT('',(-7.99094510179566,49.7381279659676,100.062623537706));
#4503=CARTESIAN_POINT('',(-9.74094510179566,49.7381279659676,100.062623537706));
#4504=CARTESIAN_POINT('',(-7.99094510179566,49.7381279659676,100.062623537706));
#4505=CARTESIAN_POINT('',(-7.99094510179566,49.7381279659676,111.529075329236));
#4506=CARTESIAN_POINT('',(-9.99094510179566,68.2955523515157,100.312623537709));
#4507=CARTESIAN_POINT('',(-9.99094510179566,49.9881279659712,100.312623537709));
#4508=CARTESIAN_POINT('',(-9.99094510179566,49.9881279659712,100.312623537709));
#4509=CARTESIAN_POINT('',(-9.99094510179566,49.9881279659712,111.279075329236));
#4510=CARTESIAN_POINT('',(-9.99094510179566,80.6344453584279,100.312623537709));
#4511=CARTESIAN_POINT('',(-9.99094510179566,80.6344453584243,51.2191287233873));
#4512=CARTESIAN_POINT('',(-9.99094510179566,98.941869743976,111.279075329232));
#4513=CARTESIAN_POINT('',(-9.99094510179566,98.941869743976,100.312623537709));
#4514=CARTESIAN_POINT('',(-9.99094510179566,49.9881279659712,111.279075329236));
#4515=CARTESIAN_POINT('',(-9.99094510179566,98.941869743976,111.279075329232));
#4516=CARTESIAN_POINT('',(-9.99094510179566,98.941869743976,100.312623537709));
#4517=CARTESIAN_POINT('',(-9.99094510179566,80.6344453584279,100.312623537709));
#4518=CARTESIAN_POINT('',(-9.99094510179566,68.2955523515157,51.2191287233836));
#4519=CARTESIAN_POINT('',(-9.99094510179566,68.2955523515157,100.312623537709));
#4520=CARTESIAN_POINT('',(-9.99094510179566,80.6344453584243,51.2191287233873));
#4521=CARTESIAN_POINT('',(-9.99094510179566,68.2955523515157,51.2191287233836));
#4522=CARTESIAN_POINT('',(-9.74094510179566,49.7381279659676,111.529075329236));
#4523=CARTESIAN_POINT('',(-9.74094510179566,99.191869743976,111.529075329239));
#4524=CARTESIAN_POINT('',(-9.74094510179566,99.191869743976,111.529075329239));
#4525=CARTESIAN_POINT('',(-9.74094510179566,99.191869743976,100.062623537709));
#4526=CARTESIAN_POINT('',(-9.74094510179566,99.191869743976,100.062623537709));
#4527=CARTESIAN_POINT('',(-9.74094510179566,80.8844453584279,100.062623537709));
#4528=CARTESIAN_POINT('',(-9.74094510179566,80.8844453584279,100.062623537709));
#4529=CARTESIAN_POINT('',(-9.74094510179566,80.8844453584279,50.9691287233873));
#4530=CARTESIAN_POINT('',(-9.74094510179566,80.8844453584279,50.9691287233873));
#4531=CARTESIAN_POINT('',(-9.74094510179566,68.0455523515193,50.9691287233873));
#4532=CARTESIAN_POINT('',(-9.74094510179566,68.0455523515193,50.9691287233873));
#4533=CARTESIAN_POINT('',(-9.74094510179566,68.0455523515193,100.062623537706));
#4534=CARTESIAN_POINT('',(-9.74094510179566,68.0455523515193,100.062623537706));
#4535=CARTESIAN_POINT('',(-9.74094510179566,49.7381279659676,100.062623537706));
#4536=CARTESIAN_POINT('',(-9.74094510179566,49.7381279659676,100.062623537706));
#4537=CARTESIAN_POINT('',(-9.74094510179566,49.7381279659676,111.529075329236));
#4538=CARTESIAN_POINT('',(-9.99094510179566,49.9881279659712,111.279075329236));
#4539=CARTESIAN_POINT('',(-9.99096002487568,49.9746594480748,111.292543847125));
#4540=CARTESIAN_POINT('',(-9.98871938302909,49.9471501675944,111.320053127609));
#4541=CARTESIAN_POINT('',(-9.97841322881868,49.9060310176574,111.361172277539));
#4542=CARTESIAN_POINT('',(-9.96048004514159,49.8657472990453,111.401455996172));
#4543=CARTESIAN_POINT('',(-9.93502871300007,49.8283495301366,111.438853765037));
#4544=CARTESIAN_POINT('',(-9.90285836531621,49.7958118149581,111.471391480252));
#4545=CARTESIAN_POINT('',(-9.86542740123696,49.7697507124612,111.497452582742));
#4546=CARTESIAN_POINT('',(-9.82466060442675,49.7511943150857,111.516008980139));
#4547=CARTESIAN_POINT('',(-9.78276487760741,49.7404518716394,111.526751423553));
#4548=CARTESIAN_POINT('',(-9.7544798618037,49.7381279659676,111.529075329236));
#4549=CARTESIAN_POINT('',(-9.74094510179566,49.7381279659676,111.529075329236));
#4550=CARTESIAN_POINT('',(-9.99094510179566,49.9881279659712,100.312623537709));
#4551=CARTESIAN_POINT('',(-9.99096002487568,49.9746594480821,100.299155019817));
#4552=CARTESIAN_POINT('',(-9.98871938302909,49.9471501675944,100.271645739329));
#4553=CARTESIAN_POINT('',(-9.97841322881868,49.9060310176646,100.230526589396));
#4554=CARTESIAN_POINT('',(-9.96048004514159,49.8657472990453,100.190242870773));
#4555=CARTESIAN_POINT('',(-9.93502871299643,49.8283495301512,100.152845101893));
#4556=CARTESIAN_POINT('',(-9.90285836531621,49.7958118149545,100.120307386689));
#4557=CARTESIAN_POINT('',(-9.86542740124059,49.7697507124685,100.094246284203));
#4558=CARTESIAN_POINT('',(-9.82466060442312,49.7511943150894,100.075689886813));
#4559=CARTESIAN_POINT('',(-9.78276487761104,49.7404518716357,100.064947443374));
#4560=CARTESIAN_POINT('',(-9.7544798618037,49.7381279659676,100.062623537706));
#4561=CARTESIAN_POINT('',(-9.74094510179566,49.7381279659676,100.062623537706));
#4562=CARTESIAN_POINT('',(-9.99094510179566,68.2955523515157,100.312623537709));
#4563=CARTESIAN_POINT('',(-9.99096002487568,68.2820838336265,100.29915501982));
#4564=CARTESIAN_POINT('',(-9.98871938302909,68.2545745531388,100.271645739344));
#4565=CARTESIAN_POINT('',(-9.97841322882232,68.2134554032164,100.230526589388));
#4566=CARTESIAN_POINT('',(-9.96048004514159,68.1731716845934,100.190242870787));
#4567=CARTESIAN_POINT('',(-9.93502871300734,68.1357739156956,100.152845101868));
#4568=CARTESIAN_POINT('',(-9.90285836531621,68.1032362005099,100.120307386711));
#4569=CARTESIAN_POINT('',(-9.86542740124423,68.077175098013,100.094246284189));
#4570=CARTESIAN_POINT('',(-9.82466060442675,68.0586187006375,100.075689886817));
#4571=CARTESIAN_POINT('',(-9.78276487761104,68.0478762571947,100.064947443374));
#4572=CARTESIAN_POINT('',(-9.7544798618037,68.0455523515193,100.062623537706));
#4573=CARTESIAN_POINT('',(-9.74094510179566,68.0455523515193,100.062623537706));
#4574=CARTESIAN_POINT('',(-9.99094510179566,68.2955523515157,51.2191287233836));
#4575=CARTESIAN_POINT('',(-9.99096002487568,68.2820838336229,51.2056602054945));
#4576=CARTESIAN_POINT('',(-9.98871938302909,68.2545745531388,51.1781509250213));
#4577=CARTESIAN_POINT('',(-9.97841322881504,68.2134554032018,51.1370317750625));
#4578=CARTESIAN_POINT('',(-9.96048004514523,68.173171684597,51.0967480564541));
#4579=CARTESIAN_POINT('',(-9.93502871299643,68.1357739156883,51.0593502875781));
#4580=CARTESIAN_POINT('',(-9.90285836531621,68.1032362005135,51.0268125723742));
#4581=CARTESIAN_POINT('',(-9.86542740124059,68.077175098013,51.0007514698773));
#4582=CARTESIAN_POINT('',(-9.82466060442675,68.0586187006338,50.9821950725054));
#4583=CARTESIAN_POINT('',(-9.78276487760741,68.0478762571984,50.9714526290663));
#4584=CARTESIAN_POINT('',(-9.7544798618037,68.0455523515193,50.9691287233873));
#4585=CARTESIAN_POINT('',(-9.74094510179566,68.0455523515193,50.9691287233873));
#4586=CARTESIAN_POINT('',(-9.99094510179566,80.6344453584243,51.2191287233873));
#4587=CARTESIAN_POINT('',(-9.99096002487568,80.6479138763207,51.2056602054981));
#4588=CARTESIAN_POINT('',(-9.98871938302909,80.675423156812,51.1781509250141));
#4589=CARTESIAN_POINT('',(-9.97841322881868,80.7165423067345,51.1370317750698));
#4590=CARTESIAN_POINT('',(-9.96048004514159,80.7568260253538,51.0967480564614));
#4591=CARTESIAN_POINT('',(-9.93502871299279,80.7942237942516,51.0593502875709));
#4592=CARTESIAN_POINT('',(-9.90285836532348,80.8267615094373,51.0268125723705));
#4593=CARTESIAN_POINT('',(-9.86542740123332,80.8528226119306,51.0007514698882));
#4594=CARTESIAN_POINT('',(-9.82466060442675,80.871379009317,50.9821950724872));
#4595=CARTESIAN_POINT('',(-9.78276487760741,80.8821214527525,50.9714526290663));
#4596=CARTESIAN_POINT('',(-9.7544798618037,80.8844453584279,50.9691287233873));
#4597=CARTESIAN_POINT('',(-9.74094510179566,80.8844453584279,50.9691287233873));
#4598=CARTESIAN_POINT('',(-9.99094510179566,80.6344453584279,100.312623537709));
#4599=CARTESIAN_POINT('',(-9.99096002487568,80.647913876317,100.299155019817));
#4600=CARTESIAN_POINT('',(-9.98871938302545,80.6754231568048,100.271645739329));
#4601=CARTESIAN_POINT('',(-9.97841322881868,80.7165423067345,100.230526589407));
#4602=CARTESIAN_POINT('',(-9.96048004513796,80.7568260253538,100.190242870798));
#4603=CARTESIAN_POINT('',(-9.93502871299643,80.7942237942516,100.152845101897));
#4604=CARTESIAN_POINT('',(-9.90285836531621,80.8267615094373,100.120307386678));
#4605=CARTESIAN_POINT('',(-9.86542740124059,80.8528226119342,100.094246284199));
#4606=CARTESIAN_POINT('',(-9.82466060442312,80.8713790093243,100.075689886846));
#4607=CARTESIAN_POINT('',(-9.78276487760741,80.8821214527488,100.064947443381));
#4608=CARTESIAN_POINT('',(-9.7544798618037,80.8844453584279,100.062623537709));
#4609=CARTESIAN_POINT('',(-9.74094510179566,80.8844453584279,100.062623537709));
#4610=CARTESIAN_POINT('',(-9.99094510179566,98.941869743976,100.312623537709));
#4611=CARTESIAN_POINT('',(-9.99096002487568,98.9553382618724,100.29915501982));
#4612=CARTESIAN_POINT('',(-9.98871938302909,98.9828475423565,100.271645739344));
#4613=CARTESIAN_POINT('',(-9.97841322881504,99.0239666922935,100.230526589399));
#4614=CARTESIAN_POINT('',(-9.96048004513796,99.0642504109092,100.190242870791));
#4615=CARTESIAN_POINT('',(-9.9350287130037,99.1016481797997,100.152845101878));
#4616=CARTESIAN_POINT('',(-9.90285836530893,99.1341858949963,100.120307386711));
#4617=CARTESIAN_POINT('',(-9.86542740123696,99.1602469974823,100.09424628421));
#4618=CARTESIAN_POINT('',(-9.82466060442312,99.1788033948687,100.075689886817));
#4619=CARTESIAN_POINT('',(-9.78276487760741,99.1895458383115,100.064947443407));
#4620=CARTESIAN_POINT('',(-9.7544798618037,99.191869743976,100.062623537709));
#4621=CARTESIAN_POINT('',(-9.74094510179566,99.191869743976,100.062623537709));
#4622=CARTESIAN_POINT('',(-9.74094510179566,99.191869743976,111.529075329239));
#4623=CARTESIAN_POINT('',(-9.7544798618037,99.191869743976,111.529075329239));
#4624=CARTESIAN_POINT('',(-9.78276487760741,99.1895458383042,111.526751423557));
#4625=CARTESIAN_POINT('',(-9.82466060442312,99.1788033948615,111.516008980132));
#4626=CARTESIAN_POINT('',(-9.86542740123696,99.1602469974896,111.497452582746));
#4627=CARTESIAN_POINT('',(-9.90285836531621,99.1341858949891,111.471391480234));
#4628=CARTESIAN_POINT('',(-9.93502871299643,99.101648179796,111.438853765074));
#4629=CARTESIAN_POINT('',(-9.96048004514159,99.0642504109055,111.401455996158));
#4630=CARTESIAN_POINT('',(-9.97841322881868,99.0239666922862,111.361172277557));
#4631=CARTESIAN_POINT('',(-9.98871938302909,98.9828475423528,111.32005312762));
#4632=CARTESIAN_POINT('',(-9.99096002487568,98.9553382618687,111.292543847125));
#4633=CARTESIAN_POINT('',(-9.99094510179566,98.941869743976,111.279075329232));
#4634=CARTESIAN_POINT('',(-7.99094510179566,-51.2894869095617,21.1738274631789));
#4635=CARTESIAN_POINT('',(-7.99094510179566,-59.1100819201092,12.1695494581509));
#4636=CARTESIAN_POINT('',(-7.99094510179566,-53.7892205278549,87.7985005558548));
#4637=CARTESIAN_POINT('',(-7.99094510179566,-41.1341525772586,100.938240246334));
#4638=CARTESIAN_POINT('',(-7.99094510179566,-29.4754405335407,80.782399104748));
#4639=CARTESIAN_POINT('',(-7.99094510179566,-43.1556769883318,25.9689796188068));
#4640=CARTESIAN_POINT('',(-7.99094510179566,-19.1927195396092,76.1423335322579));
#4641=CARTESIAN_POINT('',(-7.99094510179566,30.7091009202595,44.4649534741839));
#4642=CARTESIAN_POINT('',(-7.99094510179566,-3.06325831967115,56.2415413594863));
#4643=CARTESIAN_POINT('',(-7.99094510179566,-7.78466969642614,83.8628020287906));
#4644=CARTESIAN_POINT('',(-7.99094510179566,-5.02289340568677,108.925643564478));
#4645=CARTESIAN_POINT('',(-7.99094510179566,5.33240412075975,91.5418066756138));
#4646=CARTESIAN_POINT('',(-7.99094510179566,13.2733834296414,96.2721319726406));
#4647=CARTESIAN_POINT('',(-7.99094510179566,-38.2128810682843,117.838000874435));
#4648=CARTESIAN_POINT('',(-7.99094510179566,26.3592247936976,59.4706641365774));
#4649=CARTESIAN_POINT('',(-7.99094510179566,18.3294927657807,24.8395458766427));
#4650=CARTESIAN_POINT('',(-7.99094510179566,-30.6387952001132,12.1695494581509));
#4651=CARTESIAN_POINT('',(-7.99094510179566,-51.2276116796638,130.423625593954));
#4652=CARTESIAN_POINT('',(-9.99094510179566,-51.2276116796638,130.423625593954));
#4653=CARTESIAN_POINT('',(-7.99094510179405,-51.2276116796641,141.235980730341));
#4654=CARTESIAN_POINT('',(-9.99094510179438,-51.2276116796641,141.235980730341));
#4655=CARTESIAN_POINT('',(-7.99094510179566,-40.4152565432814,141.23598073034));
#4656=CARTESIAN_POINT('',(-9.99094510179566,-40.4152565432814,141.23598073034));
#4657=CARTESIAN_POINT('',(-7.99094510179405,-29.6029014068958,141.235980730341));
#4658=CARTESIAN_POINT('',(-9.99094510179438,-29.6029014068958,141.235980730341));
#4659=CARTESIAN_POINT('',(-7.99094510179566,-29.6029014068954,130.423625593954));
#4660=CARTESIAN_POINT('',(-9.99094510179566,-29.6029014068954,130.423625593954));
#4661=CARTESIAN_POINT('',(-9.99094510179566,266.285206493053,164.193142190643));
#4662=CARTESIAN_POINT('',(-7.99094510179566,-40.025476432038,21.1738274631789));
#4663=CARTESIAN_POINT('',(-7.99094510179566,-41.9028056776406,12.1695494581509));
#4664=CARTESIAN_POINT('',(-7.99094510179566,-72.2440241520562,24.8395458766427));
#4665=CARTESIAN_POINT('',(-7.99094510179566,-72.2440241520562,87.7985005558585));
#4666=CARTESIAN_POINT('',(-7.99094510179566,-55.6545084313402,25.9689796188068));
#4667=CARTESIAN_POINT('',(-7.99094510179566,-13.6311928798023,44.4649534741839));
#4668=CARTESIAN_POINT('',(-7.99094510179566,24.422575229175,56.2415413594863));
#4669=CARTESIAN_POINT('',(-7.99094510179566,-22.2817303950724,108.925643564478));
#4670=CARTESIAN_POINT('',(-7.99094510179566,0.426910563954152,117.838000874435));
#4671=CARTESIAN_POINT('',(-7.99094510179566,-57.8136890918759,97.4865087956532));
#4672=CARTESIAN_POINT('',(-7.99094510179566,-72.2440241520562,97.4865087956568));
#4673=CARTESIAN_POINT('',(-7.99094510179566,-72.2440241520562,148.666056142964));
#4674=CARTESIAN_POINT('',(-7.99094510179566,18.3294927657807,148.666056142964));
#4675=CARTESIAN_POINT('',(-7.99094510179566,18.3294927657807,59.4706641365774));
#4676=CARTESIAN_POINT('',(-7.99094510179566,36.0932623609842,41.2358306970964));
#4677=CARTESIAN_POINT('',(-7.99094510179566,18.3294927657807,41.2358306970964));
#4678=CARTESIAN_POINT('',(-7.99094510179566,31.4634349977277,12.1695494581509));
#4679=CARTESIAN_POINT('',(-9.99094510179566,36.4634349977277,12.4195494581545));
#4680=CARTESIAN_POINT('',(-9.99094510180535,36.4634349977288,12.1695494581556));
#4681=CARTESIAN_POINT('',(-9.74094510179566,36.4634349977241,12.1695494581472));
#4682=CARTESIAN_POINT('',(-9.99094510179566,-35.6387952001169,12.4195494581509));
#4683=CARTESIAN_POINT('',(-9.99094510180535,-35.6387952001131,12.1695494581504));
#4684=CARTESIAN_POINT('',(-9.74094510179566,-35.6387952001169,12.1695494581436));
#4685=CARTESIAN_POINT('',(-9.99094510179566,18.0794927657807,46.2358306971));
#4686=CARTESIAN_POINT('',(-9.99094510179438,18.329492765781,46.2358306970957));
#4687=CARTESIAN_POINT('',(-9.74094510179566,18.3294927657807,46.2358306971));
#4688=CARTESIAN_POINT('',(-9.99094510179566,18.0794927657807,19.839545876639));
#4689=CARTESIAN_POINT('',(-9.99094510179696,18.329492765781,19.8395458766403));
#4690=CARTESIAN_POINT('',(-9.74094510179566,18.3294927657807,19.8395458766427));
#4691=CARTESIAN_POINT('',(-9.99094510179566,41.0932623609842,41.4858306970928));
#4692=CARTESIAN_POINT('',(-9.99094510179438,41.0932623609884,41.2358306970871));
#4693=CARTESIAN_POINT('',(-9.74094510179566,41.0932623609842,41.2358306970928));
#4694=CARTESIAN_POINT('',(-9.99094510179566,13.3294927657807,41.4858306971));
#4695=CARTESIAN_POINT('',(-9.99094510180019,13.329492765782,41.2358306971026));
#4696=CARTESIAN_POINT('',(-9.74094510179566,13.3294927657807,41.2358306970928));
#4697=CARTESIAN_POINT('',(-9.99094510179566,13.3294927657807,59.2206641365774));
#4698=CARTESIAN_POINT('',(-9.99094510179438,13.3294927657828,59.4706641365796));
#4699=CARTESIAN_POINT('',(-9.74094510179566,13.3294927657844,59.4706641365738));
#4700=CARTESIAN_POINT('',(-9.99094510179566,31.3592247936976,59.2206641365738));
#4701=CARTESIAN_POINT('',(-9.99094510179115,31.3592247936982,59.4706641365704));
#4702=CARTESIAN_POINT('',(-9.74094510179566,31.3592247936976,59.4706641365701));
#4703=CARTESIAN_POINT('',(-9.99094510179566,18.0794927657771,153.666056142967));
#4704=CARTESIAN_POINT('',(-9.99094510180243,18.3294927657808,153.666056142969));
#4705=CARTESIAN_POINT('',(-9.74094510179566,18.3294927657807,153.666056142967));
#4706=CARTESIAN_POINT('',(-9.99094510179566,18.0794927657807,54.4706641365774));
#4707=CARTESIAN_POINT('',(-9.99094510179438,18.329492765781,54.4706641365762));
#4708=CARTESIAN_POINT('',(-9.74094510179566,18.3294927657807,54.4706641365774));
#4709=CARTESIAN_POINT('',(-9.99094510179566,-77.2440241520562,148.416056142967));
#4710=CARTESIAN_POINT('',(-9.99094510179438,-77.244024152055,148.66605614297));
#4711=CARTESIAN_POINT('',(-9.74094510179566,-77.2440241520562,148.666056142967));
#4712=CARTESIAN_POINT('',(-9.99094510179566,23.3294927657807,148.416056142964));
#4713=CARTESIAN_POINT('',(-9.99094510179762,23.3294927657793,148.666056142965));
#4714=CARTESIAN_POINT('',(-9.74094510179566,23.3294927657771,148.666056142967));
#4715=CARTESIAN_POINT('',(-9.99094510179566,-71.9940241520562,92.4865087956568));
#4716=CARTESIAN_POINT('',(-9.99094510179696,-72.2440241520568,92.4865087956524));
#4717=CARTESIAN_POINT('',(-9.74094510179566,-72.2440241520562,92.4865087956641));
#4718=CARTESIAN_POINT('',(-9.99094510179566,-71.9940241520562,153.666056142967));
#4719=CARTESIAN_POINT('',(-9.99094510179437,-72.2440241520566,153.666056142969));
#4720=CARTESIAN_POINT('',(-9.74094510179566,-72.2440241520526,153.666056142974));
#4721=CARTESIAN_POINT('',(-9.99094510179566,-52.8136890918759,97.7365087956568));
#4722=CARTESIAN_POINT('',(-9.99094510180019,-52.8136890918751,97.4865087956582));
#4723=CARTESIAN_POINT('',(-9.74094510179566,-52.8136890918795,97.4865087956496));
#4724=CARTESIAN_POINT('',(-9.99094510179566,-77.2440241520562,97.7365087956568));
#4725=CARTESIAN_POINT('',(-9.99094510179438,-77.244024152055,97.4865087956554));
#4726=CARTESIAN_POINT('',(-9.74094510179566,-77.2440241520562,97.4865087956568));
#4727=CARTESIAN_POINT('',(-9.99094510179566,5.42691056395415,118.088000874435));
#4728=CARTESIAN_POINT('',(-9.99094510179438,5.42691056395693,117.838000874431));
#4729=CARTESIAN_POINT('',(-9.74094510179566,5.42691056395415,117.838000874435));
#4730=CARTESIAN_POINT('',(-9.99094510179566,-43.2128810682843,118.088000874439));
#4731=CARTESIAN_POINT('',(-9.99094510180019,-43.2128810682836,117.838000874438));
#4732=CARTESIAN_POINT('',(-9.74094510179566,-43.2128810682843,117.838000874435));
#4733=CARTESIAN_POINT('',(-9.99094510179566,-27.281730395076,108.675643564478));
#4734=CARTESIAN_POINT('',(-9.99094510179116,-27.2817303950746,108.925643564478));
#4735=CARTESIAN_POINT('',(-9.74094510179566,-27.281730395076,108.925643564471));
#4736=CARTESIAN_POINT('',(-9.99094510179566,-0.0228934056831349,108.675643564482));
#4737=CARTESIAN_POINT('',(-9.99094510179116,-0.022893405681047,108.925643564478));
#4738=CARTESIAN_POINT('',(-9.74094510179566,-0.0228934056831349,108.925643564475));
#4739=CARTESIAN_POINT('',(-9.99094510179566,29.422575229175,56.4915413594863));
#4740=CARTESIAN_POINT('',(-9.99094510179438,29.4225752291822,56.2415413594815));
#4741=CARTESIAN_POINT('',(-9.74094510179566,29.422575229175,56.2415413594863));
#4742=CARTESIAN_POINT('',(-9.99094510179566,-8.06325831967115,56.4915413594863));
#4743=CARTESIAN_POINT('',(-9.9909451017944,-8.06325831966731,56.2415413594864));
#4744=CARTESIAN_POINT('',(-9.74094510179566,-8.06325831967115,56.2415413594863));
#4745=CARTESIAN_POINT('',(-9.99094510179566,-18.6311928798059,44.2149534741875));
#4746=CARTESIAN_POINT('',(-9.99094510179115,-18.6311928798107,44.4649534741824));
#4747=CARTESIAN_POINT('',(-9.74094510179566,-18.6311928798059,44.4649534741766));
#4748=CARTESIAN_POINT('',(-9.99094510179566,35.7091009202595,44.2149534741802));
#4749=CARTESIAN_POINT('',(-9.99094510179762,35.7091009202596,44.4649534741831));
#4750=CARTESIAN_POINT('',(-9.74094510179566,35.7091009202595,44.4649534741839));
#4751=CARTESIAN_POINT('',(-9.99094510179566,-60.6545084313402,25.7189796188104));
#4752=CARTESIAN_POINT('',(-9.99094510179438,-60.65450843134,25.9689796188121));
#4753=CARTESIAN_POINT('',(-9.74094510179566,-60.6545084313402,25.9689796188068));
#4754=CARTESIAN_POINT('',(-9.99094510179566,-38.1556769883318,25.7189796188068));
#4755=CARTESIAN_POINT('',(-9.99094510179115,-38.1556769883307,25.9689796187997));
#4756=CARTESIAN_POINT('',(-9.74094510179566,-38.1556769883318,25.9689796188031));
#4757=CARTESIAN_POINT('',(-9.99094510179566,-77.2440241520599,87.5485005558512));
#4758=CARTESIAN_POINT('',(-9.99094510179762,-77.2440241520563,87.798500555854));
#4759=CARTESIAN_POINT('',(-9.74094510179566,-77.2440241520562,87.7985005558585));
#4760=CARTESIAN_POINT('',(-9.99094510179566,-48.7892205278549,87.5485005558439));
#4761=CARTESIAN_POINT('',(-9.99094510180018,-48.789220527858,87.7985005558487));
#4762=CARTESIAN_POINT('',(-9.74094510179566,-48.7892205278549,87.7985005558512));
#4763=CARTESIAN_POINT('',(-9.99094510179566,-71.9940241520562,19.8395458766427));
#4764=CARTESIAN_POINT('',(-9.99094510179438,-72.2440241520516,19.8395458766451));
#4765=CARTESIAN_POINT('',(-9.74094510179566,-72.2440241520599,19.8395458766354));
#4766=CARTESIAN_POINT('',(-9.99094510179566,-71.9940241520599,92.7985005558585));
#4767=CARTESIAN_POINT('',(-9.99094510179148,-72.2440241520563,92.7985005558585));
#4768=CARTESIAN_POINT('',(-9.74094510179566,-72.2440241520562,92.7985005558621));
#4769=CARTESIAN_POINT('',(-9.99094510179566,-36.9028056776406,12.4195494581436));
#4770=CARTESIAN_POINT('',(-9.99094510179437,-36.9028056776412,12.1695494581406));
#4771=CARTESIAN_POINT('',(-9.74094510179566,-36.9028056776369,12.1695494581436));
#4772=CARTESIAN_POINT('',(-9.99094510179566,-64.1100819201129,12.4195494581436));
#4773=CARTESIAN_POINT('',(-9.99094510179696,-64.1100819201137,12.169549458141));
#4774=CARTESIAN_POINT('',(-9.74094510179566,-64.1100819201092,12.1695494581472));
#4775=CARTESIAN_POINT('',(-9.99094510179566,-35.025476432038,21.4238274631789));
#4776=CARTESIAN_POINT('',(-9.9909451017944,-35.0254764320333,21.1738274631767));
#4777=CARTESIAN_POINT('',(-9.74094510179566,-35.0254764320416,21.1738274631789));
#4778=CARTESIAN_POINT('',(-9.99094510179566,-56.2894869095617,21.4238274631789));
#4779=CARTESIAN_POINT('',(-9.9909451017944,-56.2894869095619,21.1738274631767));
#4780=CARTESIAN_POINT('',(-9.74094510179566,-56.2894869095653,21.1738274631753));
#4781=CARTESIAN_POINT('',(-9.74094510179566,-38.2584546607468,8.67366535457404));
#4782=CARTESIAN_POINT('',(-9.99094510179794,-38.2584546607442,8.67366535457876));
#4783=CARTESIAN_POINT('',(-9.99094510179566,-38.4315182302307,8.49325193789628));
#4784=CARTESIAN_POINT('',(-9.74094510179566,-54.9338379264591,24.6697115667557));
#4785=CARTESIAN_POINT('',(-9.99094510180027,-54.9338379264519,24.669711566763));
#4786=CARTESIAN_POINT('',(-9.99094510179566,-55.106901495943,24.4892981500816));
#4787=CARTESIAN_POINT('',(-9.74094510179566,-75.8785293278488,28.3456651169327));
#4788=CARTESIAN_POINT('',(-9.9909451017938,-75.8785293278512,28.3456651169312));
#4789=CARTESIAN_POINT('',(-9.99094510179566,-75.7049590684292,28.5255911157328));
#4790=CARTESIAN_POINT('',(-9.74094510179566,-55.5115619440803,8.69814426974335));
#4791=CARTESIAN_POINT('',(-9.99094510179171,-55.5115619440727,8.69814426974625));
#4792=CARTESIAN_POINT('',(-9.99094510179566,-55.337991684657,8.87807026854716));
#4793=CARTESIAN_POINT('',(-9.74094510179566,-37.6309769194704,104.575582725494));
#4794=CARTESIAN_POINT('',(-9.99094510180063,-37.6309769194668,104.575582725492));
#4795=CARTESIAN_POINT('',(-9.99094510179566,-37.450910460102,104.402158187975));
#4796=CARTESIAN_POINT('',(-9.74094510179566,-57.2923961856359,84.161158076713));
#4797=CARTESIAN_POINT('',(-9.99094510178904,-57.2923961856234,84.1611580767034));
#4798=CARTESIAN_POINT('',(-9.99094510179566,-57.1123297262748,83.9877335391793));
#4799=CARTESIAN_POINT('',(-9.74094510179566,-26.9719414752763,76.4542941539403));
#4800=CARTESIAN_POINT('',(-9.99094510179671,-26.9719414752814,76.4542941539371));
#4801=CARTESIAN_POINT('',(-9.99094510179566,-27.1883467228181,76.3291192010183));
#4802=CARTESIAN_POINT('',(-9.74094510179566,-43.6626866261067,105.309626246664));
#4803=CARTESIAN_POINT('',(-9.99094510179518,-43.6626866261071,105.309626246663));
#4804=CARTESIAN_POINT('',(-9.99094510179566,-43.8790918736486,105.184451293746));
#4805=CARTESIAN_POINT('',(-9.74094510179566,-57.8309195401816,21.4120360504457));
#4806=CARTESIAN_POINT('',(-9.99094510179746,-57.8309195401799,21.4120360504479));
#4807=CARTESIAN_POINT('',(-9.99094510179566,-58.0565108059454,21.5197791746432));
#4808=CARTESIAN_POINT('',(-9.74094510179566,-27.3205780495409,85.2942244199658));
#4809=CARTESIAN_POINT('',(-9.99094510180002,-27.3205780495402,85.2942244199636));
#4810=CARTESIAN_POINT('',(-9.99094510179566,-27.5461693153011,85.4019675441705));
#4811=CARTESIAN_POINT('',(-9.74094510179566,-17.0378570556022,80.6541588474865));
#4812=CARTESIAN_POINT('',(-9.99094510179153,-17.0378570555961,80.6541588474878));
#4813=CARTESIAN_POINT('',(-9.99094510179566,-16.8122657898421,80.5464157232782));
#4814=CARTESIAN_POINT('',(-9.74094510179566,-45.3320880971733,21.4120360504421));
#4815=CARTESIAN_POINT('',(-9.99094510179554,-45.3320880971733,21.4120360504481));
#4816=CARTESIAN_POINT('',(-9.99094510179566,-45.1064968314167,21.3042929262374));
#4817=CARTESIAN_POINT('',(-9.74094510179566,-12.7665784013443,39.5402766519219));
#4818=CARTESIAN_POINT('',(-9.99094510179566,-12.7665784013474,39.5402766519184));
#4819=CARTESIAN_POINT('',(-9.99094510179566,-13.0128122424576,39.4970459280012));
#4820=CARTESIAN_POINT('',(-9.74094510179566,-20.0573340180672,81.0670103545126));
#4821=CARTESIAN_POINT('',(-9.99094510179151,-20.057334018072,81.0670103545133));
#4822=CARTESIAN_POINT('',(-9.99094510179566,-20.3035678591841,81.0237796305883));
#4823=CARTESIAN_POINT('',(-9.74094510179566,22.0444322936019,60.6965313906694));
#4824=CARTESIAN_POINT('',(-9.99094510179455,22.0444322936028,60.6965313906695));
#4825=CARTESIAN_POINT('',(-9.99094510179566,22.264976354556,60.8142612389674));
#4826=CARTESIAN_POINT('',(-9.74094510179566,33.0872438558326,40.0099634430007));
#4827=CARTESIAN_POINT('',(-9.99094510179648,33.0872438558308,40.0099634430042));
#4828=CARTESIAN_POINT('',(-9.99094510179566,33.3077879167831,40.1276932912988));
#4829=CARTESIAN_POINT('',(-9.74094510179566,-8.63554506014043,88.8406038644825));
#4830=CARTESIAN_POINT('',(-9.99094510179774,-8.6355450601457,88.8406038644852));
#4831=CARTESIAN_POINT('',(-9.99094510179566,-8.38911922669286,88.8827264072424));
#4832=CARTESIAN_POINT('',(-9.74094510179566,-2.22080746450592,51.3130246904766));
#4833=CARTESIAN_POINT('',(-9.99094510179776,-2.22080746450456,51.3130246904748));
#4834=CARTESIAN_POINT('',(-9.99094510179566,-1.97438163105835,51.3551472332401));
#4835=CARTESIAN_POINT('',(-9.74094510179566,-24.7852294533404,113.253748515286));
#4836=CARTESIAN_POINT('',(-9.99094510179398,-24.785229453333,113.253748515288));
#4837=CARTESIAN_POINT('',(-9.99094510179566,-24.5688242057986,113.378923468208));
#4838=CARTESIAN_POINT('',(-9.74094510179566,-5.25613564757805,79.4914160284752));
#4839=CARTESIAN_POINT('',(-9.99094510179537,-5.25613564758721,79.4914160284729));
#4840=CARTESIAN_POINT('',(-9.99094510179566,-5.03973040003984,79.616590981379));
#4841=CARTESIAN_POINT('',(-9.74094510179566,7.89124199395519,87.2461869602921));
#4842=CARTESIAN_POINT('',(-9.99094510179115,7.89124199394657,87.2461869602844));
#4843=CARTESIAN_POINT('',(-9.99094510179566,7.67646100818456,87.1182450666238));
#4844=CARTESIAN_POINT('',(-9.74094510179566,-7.58173127888222,113.221263279811));
#4845=CARTESIAN_POINT('',(-9.99094510178971,-7.58173127888501,113.221263279806));
#4846=CARTESIAN_POINT('',(-9.99094510179566,-7.79651226464921,113.093321386146));
#4847=CARTESIAN_POINT('',(-9.74094510179566,17.6119593421172,98.8565582245647));
#4848=CARTESIAN_POINT('',(-9.99094510179112,17.6119593421177,98.8565582245716));
#4849=CARTESIAN_POINT('',(-9.99094510179566,17.7399012357782,98.6417772388049));
#4850=CARTESIAN_POINT('',(-9.74094510179566,0.993828208273044,88.9573804236788));
#4851=CARTESIAN_POINT('',(-9.99094510179112,0.993828208277082,88.9573804236825));
#4852=CARTESIAN_POINT('',(-9.99094510179566,1.12177010193409,88.7425994379191));
#4853=CARTESIAN_POINT('',(-9.74094510179566,-2.15751568796986,122.176576786915));
#4854=CARTESIAN_POINT('',(-9.99094510179741,-2.15751568797105,122.176576786918));
#4855=CARTESIAN_POINT('',(-9.99094510179566,-1.94273470219923,122.304518680576));
#4856=CARTESIAN_POINT('',(-9.74094510179566,15.8578096815727,91.9335560601758));
#4857=CARTESIAN_POINT('',(-9.9909451017975,15.8578096815654,91.933556060171));
#4858=CARTESIAN_POINT('',(-9.99094510179566,16.072590667336,92.0614979538259));
#4859=CARTESIAN_POINT('',(-9.74094510179566,-61.2821798421573,93.8851796083691));
#4860=CARTESIAN_POINT('',(-9.99094510179514,-61.2821798421667,93.8851796083756));
#4861=CARTESIAN_POINT('',(-9.99094510179566,-61.4622463015257,94.0586041458846));
#4862=CARTESIAN_POINT('',(-9.74094510179566,-34.7443903180028,121.439330061719));
#4863=CARTESIAN_POINT('',(-9.99094510180098,-34.7443903180048,121.439330061714));
#4864=CARTESIAN_POINT('',(-9.99094510179566,-34.924456777364,121.612754599239));
#4865=CARTESIAN_POINT('',(-9.74094510179566,38.4714052965574,36.7808406659133));
#4866=CARTESIAN_POINT('',(-9.99094510180163,38.4714052965552,36.7808406659121));
#4867=CARTESIAN_POINT('',(-9.99094510179566,38.2508612356032,36.6631108176116));
#4868=CARTESIAN_POINT('',(-9.74094510179566,23.9810818581318,63.9256541677605));
#4869=CARTESIAN_POINT('',(-9.99094510179758,23.9810818581311,63.9256541677631));
#4870=CARTESIAN_POINT('',(-9.99094510179566,23.7605377971777,63.8079243194734));
#4871=CARTESIAN_POINT('',(-9.74094510179566,35.0619549737567,8.69814426974335));
#4872=CARTESIAN_POINT('',(-9.99094510179073,35.0619549737545,8.69814426974486));
#4873=CARTESIAN_POINT('',(-9.99094510179566,34.888384714337,8.51821827093954));
#4874=CARTESIAN_POINT('',(-9.74094510179566,14.6949875899882,28.3456651169327));
#4875=CARTESIAN_POINT('',(-9.99094510179648,14.6949875899984,28.3456651169393));
#4876=CARTESIAN_POINT('',(-9.99094510179566,14.5214173305721,28.1657391181361));
#4877=CARTESIAN_POINT('',(-9.74094510179566,-43.6337447656042,24.6350988528611));
#4878=CARTESIAN_POINT('',(-9.99094510179024,-43.6337447656037,24.6350988528577));
#4879=CARTESIAN_POINT('',(-9.99094510179566,-43.4606811961203,24.8155122695352));
#4880=CARTESIAN_POINT('',(-9.74094510179566,-27.030526866547,8.70827806846501));
#4881=CARTESIAN_POINT('',(-9.99094510179078,-27.0305268665441,8.70827806846702));
#4882=CARTESIAN_POINT('',(-9.99094510179566,-26.8574632970667,8.88869148515005));
#4883=CARTESIAN_POINT('',(-9.74094510179566,-51.2276116796638,130.423625593954));
#4884=CARTESIAN_POINT('',(-9.74094510179748,-51.2470260893461,127.589770846287));
#4885=CARTESIAN_POINT('',(-9.74094510179383,-48.8777963170105,121.961085819596));
#4886=CARTESIAN_POINT('',(-9.7409451017993,-43.2491112911521,119.591856048064));
#4887=CARTESIAN_POINT('',(-9.74094510179566,-40.4152565432814,119.611270457568));
#4888=CARTESIAN_POINT('',(-9.74094510179383,-37.5814017955963,119.591856047875));
#4889=CARTESIAN_POINT('',(-9.74094510179383,-31.952716768923,121.961085820225));
#4890=CARTESIAN_POINT('',(-9.74094510179748,-29.583486997406,127.589770846094));
#4891=CARTESIAN_POINT('',(-9.74094510179566,-29.6029014068954,130.423625593954));
#4892=CARTESIAN_POINT('',(-9.9909451017901,-51.2276116800393,130.42362559395));
#4893=CARTESIAN_POINT('',(-9.99094510179638,-51.2470260955035,127.589770851012));
#4894=CARTESIAN_POINT('',(-9.99094510179734,-48.8777963043123,121.961085815648));
#4895=CARTESIAN_POINT('',(-9.99094510179794,-43.2491112958523,119.591856048508));
#4896=CARTESIAN_POINT('',(-9.9909451017936,-40.4152565432833,119.611270456819));
#4897=CARTESIAN_POINT('',(-9.9909451017913,-37.5814017954809,119.591856042211));
#4898=CARTESIAN_POINT('',(-9.99094510179653,-31.9527167777181,121.961085828973));
#4899=CARTESIAN_POINT('',(-9.99094510179768,-29.5834869917018,127.589770846026));
#4900=CARTESIAN_POINT('',(-9.9909451017936,-29.6029014061429,130.423625593954));
#4901=CARTESIAN_POINT('',(-9.99094510179566,-51.4776116800385,130.423625593954));
#4902=CARTESIAN_POINT('',(-9.99094510179748,-51.4974749833018,127.524247315294));
#4903=CARTESIAN_POINT('',(-9.99094510179383,-49.0734645986485,121.765417538718));
#4904=CARTESIAN_POINT('',(-9.9909451017993,-43.3146348219088,119.341407154254));
#4905=CARTESIAN_POINT('',(-9.99094510179566,-40.4152565432778,119.361270456819));
#4906=CARTESIAN_POINT('',(-9.99094510179383,-37.5158782646285,119.341407154494));
#4907=CARTESIAN_POINT('',(-9.99094510179383,-31.7570484880343,121.76541753807));
#4908=CARTESIAN_POINT('',(-9.99094510179748,-29.333038103614,127.524247315516));
#4909=CARTESIAN_POINT('',(-9.99094510179566,-29.352901406146,130.423625593958));
#4910=CARTESIAN_POINT('',(-7.99094510179566,-29.6029014068954,130.423625593954));
#4911=CARTESIAN_POINT('',(-9.99094510179566,-29.6029014068954,130.423625593954));
#4912=CARTESIAN_POINT('',(-7.99094510179405,-29.6029014068958,119.611270457568));
#4913=CARTESIAN_POINT('',(-9.99094510179438,-29.6029014068958,119.611270457568));
#4914=CARTESIAN_POINT('',(-7.99094510179566,-40.4152565432814,119.611270457568));
#4915=CARTESIAN_POINT('',(-9.99094510179566,-40.4152565432814,119.611270457568));
#4916=CARTESIAN_POINT('',(-7.99094510179405,-51.2276116796641,119.611270457568));
#4917=CARTESIAN_POINT('',(-9.99094510179438,-51.2276116796641,119.611270457568));
#4918=CARTESIAN_POINT('',(-7.99094510179566,-51.2276116796638,130.423625593954));
#4919=CARTESIAN_POINT('',(-9.99094510179566,-51.2276116796638,130.423625593954));
#4920=CARTESIAN_POINT('',(-9.74094510179566,-29.6029014068954,130.423625593954));
#4921=CARTESIAN_POINT('',(-9.74094510179932,-29.5834869974206,133.257480341777));
#4922=CARTESIAN_POINT('',(-9.74094510178839,-31.9527167689194,138.886165367676));
#4923=CARTESIAN_POINT('',(-9.74094510179566,-37.5814017956072,141.255395140048));
#4924=CARTESIAN_POINT('',(-9.74094510179566,-40.4152565432814,141.23598073034));
#4925=CARTESIAN_POINT('',(-9.74094510179202,-43.2491112911666,141.255395139815));
#4926=CARTESIAN_POINT('',(-9.74094510179382,-48.8777963170141,138.886165368301));
#4927=CARTESIAN_POINT('',(-9.7409451017993,-51.2470260893679,133.257480341617));
#4928=CARTESIAN_POINT('',(-9.74094510179566,-51.2276116796638,130.423625593954));
#4929=CARTESIAN_POINT('',(-9.9909451017936,-29.6029014061429,130.423625593954));
#4930=CARTESIAN_POINT('',(-9.990945101798,-29.583486991738,133.257480341922));
#4931=CARTESIAN_POINT('',(-9.99094510179575,-31.9527167776957,138.886165359009));
#4932=CARTESIAN_POINT('',(-9.99094510179159,-37.5814017954579,141.255395145653));
#4933=CARTESIAN_POINT('',(-9.9909451017936,-40.4152565432782,141.23598073109));
#4934=CARTESIAN_POINT('',(-9.9909451017941,-43.2491112912168,141.255395145499));
#4935=CARTESIAN_POINT('',(-9.99094510179317,-48.8777963082472,138.886165359527));
#4936=CARTESIAN_POINT('',(-9.99094510179649,-51.2470260950327,133.2574803417));
#4937=CARTESIAN_POINT('',(-9.9909451017936,-51.2276116800379,130.423625593954));
#4938=CARTESIAN_POINT('',(-9.99094510179566,-29.352901406146,130.423625593958));
#4939=CARTESIAN_POINT('',(-9.99094510179932,-29.3330381036285,133.323003872363));
#4940=CARTESIAN_POINT('',(-9.99094510178839,-31.7570484880453,139.08183364982));
#4941=CARTESIAN_POINT('',(-9.99094510179566,-37.5158782646395,141.505844033425));
#4942=CARTESIAN_POINT('',(-9.99094510179566,-40.4152565432814,141.48598073109));
#4943=CARTESIAN_POINT('',(-9.99094510179202,-43.3146348217124,141.505844033603));
#4944=CARTESIAN_POINT('',(-9.99094510179382,-49.0734645991505,139.081833649197));
#4945=CARTESIAN_POINT('',(-9.9909451017993,-51.4974749827306,133.323003872592));
#4946=CARTESIAN_POINT('',(-9.99094510179566,-51.4776116800385,130.423625593954));
#4947=CARTESIAN_POINT('',(-7.99094510179566,-40.025476432038,21.1738274631789));
#4948=CARTESIAN_POINT('',(-7.99094510179566,-51.2894869095617,21.1738274631789));
#4949=CARTESIAN_POINT('',(-7.99094510179566,-41.9028056776406,12.1695494581509));
#4950=CARTESIAN_POINT('',(-7.99094510179566,-59.1100819201092,12.1695494581509));
#4951=CARTESIAN_POINT('',(-7.99094510179566,-72.2440241520562,24.8395458766427));
#4952=CARTESIAN_POINT('',(-7.99094510179566,-72.2440241520562,87.7985005558585));
#4953=CARTESIAN_POINT('',(-7.99094510179566,-53.7892205278549,87.7985005558548));
#4954=CARTESIAN_POINT('',(-7.99094510179566,-41.1341525772586,100.938240246334));
#4955=CARTESIAN_POINT('',(-7.99094510179566,-29.4754405335407,80.782399104748));
#4956=CARTESIAN_POINT('',(-7.99094510179566,-55.6545084313402,25.9689796188068));
#4957=CARTESIAN_POINT('',(-7.99094510179566,-43.1556769883318,25.9689796188068));
#4958=CARTESIAN_POINT('',(-7.99094510179566,-19.1927195396092,76.1423335322579));
#4959=CARTESIAN_POINT('',(-7.99094510179566,-13.6311928798023,44.4649534741839));
#4960=CARTESIAN_POINT('',(-7.99094510179566,30.7091009202595,44.4649534741839));
#4961=CARTESIAN_POINT('',(-7.99094510179566,24.422575229175,56.2415413594863));
#4962=CARTESIAN_POINT('',(-7.99094510179566,-3.06325831967115,56.2415413594863));
#4963=CARTESIAN_POINT('',(-7.99094510179566,-7.78466969642614,83.8628020287906));
#4964=CARTESIAN_POINT('',(-7.99094510179566,-22.2817303950724,108.925643564478));
#4965=CARTESIAN_POINT('',(-7.99094510179566,-5.02289340568677,108.925643564478));
#4966=CARTESIAN_POINT('',(-7.99094510179566,5.33240412075975,91.5418066756138));
#4967=CARTESIAN_POINT('',(-7.99094510179566,13.2733834296414,96.2721319726406));
#4968=CARTESIAN_POINT('',(-7.99094510179566,0.426910563954152,117.838000874435));
#4969=CARTESIAN_POINT('',(-7.99094510179566,-38.2128810682843,117.838000874435));
#4970=CARTESIAN_POINT('',(-7.99094510179566,-57.8136890918759,97.4865087956532));
#4971=CARTESIAN_POINT('',(-7.99094510179566,-72.2440241520562,97.4865087956568));
#4972=CARTESIAN_POINT('',(-7.99094510179566,-72.2440241520562,148.666056142964));
#4973=CARTESIAN_POINT('',(-7.99094510179566,18.3294927657807,148.666056142964));
#4974=CARTESIAN_POINT('',(-7.99094510179566,18.3294927657807,59.4706641365774));
#4975=CARTESIAN_POINT('',(-7.99094510179566,26.3592247936976,59.4706641365774));
#4976=CARTESIAN_POINT('',(-7.99094510179566,36.0932623609842,41.2358306970964));
#4977=CARTESIAN_POINT('',(-7.99094510179566,18.3294927657807,41.2358306970964));
#4978=CARTESIAN_POINT('',(-7.99094510179566,18.3294927657807,24.8395458766427));
#4979=CARTESIAN_POINT('',(-7.99094510179566,31.4634349977277,12.1695494581509));
#4980=CARTESIAN_POINT('',(-7.99094510179566,-30.6387952001132,12.1695494581509));
#4981=CARTESIAN_POINT('',(-7.99094510179566,-51.2276116796638,130.423625593954));
#4982=CARTESIAN_POINT('',(-9.99094510179566,-42.5245619172165,12.4195494581472));
#4983=CARTESIAN_POINT('',(-9.99094510179566,-51.911243149134,21.4238274631789));
#4984=CARTESIAN_POINT('',(-9.99094510179566,-41.1843541679445,100.525728708377));
#4985=CARTESIAN_POINT('',(-9.99094510179566,-53.6829049725384,87.5485005558512));
#4986=CARTESIAN_POINT('',(-9.99094510179566,18.0794927657807,148.416056142971));
#4987=CARTESIAN_POINT('',(-9.99094510179566,18.0794927657807,59.2206641365774));
#4988=CARTESIAN_POINT('',(-9.99094510179566,-56.050958979853,25.7189796188031));
#4989=CARTESIAN_POINT('',(-9.99094510179566,-29.757808992239,80.7712628209556));
#4990=CARTESIAN_POINT('',(-9.99094510179566,-13.8411247022777,44.2149534741839));
#4991=CARTESIAN_POINT('',(-9.99094510179566,-19.3038482536504,75.3295701386487));
#4992=CARTESIAN_POINT('',(-9.99094510179566,35.6764183903215,41.4858306970928));
#4993=CARTESIAN_POINT('',(-9.99094510179566,18.0794927657807,41.4858306971));
#4994=CARTESIAN_POINT('',(-9.99094510179566,-71.9940241520562,24.9457419532046));
#4995=CARTESIAN_POINT('',(-9.99094510179566,-59.0091516089087,12.4195494581581));
#4996=CARTESIAN_POINT('',(-9.99094510179566,24.5725114268826,56.4915413594863));
#4997=CARTESIAN_POINT('',(-9.99094510179566,-2.85236580250785,56.4915413594863));
#4998=CARTESIAN_POINT('',(-9.99094510179566,-42.9980280703676,25.7189796188031));
#4999=CARTESIAN_POINT('',(-9.99094510179566,31.1259448909332,44.2149534741839));
#5000=CARTESIAN_POINT('',(-9.99094510179566,-21.8483132792971,108.675643564486));
#5001=CARTESIAN_POINT('',(-9.99094510179566,-7.54580251415973,83.9491442884864));
#5002=CARTESIAN_POINT('',(-9.99094510179566,5.24556502865016,91.1990837961894));
#5003=CARTESIAN_POINT('',(-9.99094510179566,-5.16496616169024,108.675643564478));
#5004=CARTESIAN_POINT('',(-9.99094510179566,-71.9940241520562,148.416056142971));
#5005=CARTESIAN_POINT('',(-9.99094510179566,30.8441958489311,12.4195494581472));
#5006=CARTESIAN_POINT('',(-9.99094510179566,18.0794927657807,24.7333498000808));
#5007=CARTESIAN_POINT('',(-9.99094510179566,-71.9940241520562,87.5485005558512));
#5008=CARTESIAN_POINT('',(-9.99094510179566,-57.920004647196,97.7365087956532));
#5009=CARTESIAN_POINT('',(-9.99094510179566,-38.3191966236045,118.088000874435));
#5010=CARTESIAN_POINT('',(-9.99094510179566,26.2092885959937,59.2206641365774));
#5011=CARTESIAN_POINT('',(-9.99094510179566,0.568983319957624,118.088000874439));
#5012=CARTESIAN_POINT('',(-9.99094510179566,13.6161063090694,96.1852928805383));
#5013=CARTESIAN_POINT('',(-9.99094510179566,-71.9940241520562,97.7365087956532));
#5014=CARTESIAN_POINT('',(-9.99094510179566,-30.5382734907616,12.4195494581509));
#5015=CARTESIAN_POINT('',(-9.99094510179566,-39.9249547226864,21.4238274631789));
#5016=CARTESIAN_POINT('',(-9.74094510179566,-40.025476432038,21.1738274631789));
#5017=CARTESIAN_POINT('',(-9.74094510179566,-51.2894869095617,21.1738274631789));
#5018=CARTESIAN_POINT('',(-9.74094510179566,-41.9028056776406,12.1695494581472));
#5019=CARTESIAN_POINT('',(-9.74094510179566,-59.1100819201092,12.1695494581509));
#5020=CARTESIAN_POINT('',(-9.74094510179566,-72.2440241520562,24.8395458766463));
#5021=CARTESIAN_POINT('',(-9.74094510179566,-72.2440241520562,87.7985005558585));
#5022=CARTESIAN_POINT('',(-9.74094510179566,-53.7892205278549,87.7985005558585));
#5023=CARTESIAN_POINT('',(-9.74094510179566,-41.1341525772586,100.938240246334));
#5024=CARTESIAN_POINT('',(-9.74094510179566,-29.4754405335407,80.782399104748));
#5025=CARTESIAN_POINT('',(-9.74094510179566,-55.6545084313439,25.9689796188031));
#5026=CARTESIAN_POINT('',(-9.74094510179566,-43.1556769883355,25.9689796188031));
#5027=CARTESIAN_POINT('',(-9.74094510179566,-19.1927195396056,76.1423335322579));
#5028=CARTESIAN_POINT('',(-9.74094510179566,-13.6311928798059,44.4649534741839));
#5029=CARTESIAN_POINT('',(-9.74094510179566,30.7091009202632,44.4649534741875));
#5030=CARTESIAN_POINT('',(-9.74094510179566,24.422575229175,56.2415413594863));
#5031=CARTESIAN_POINT('',(-9.74094510179566,-3.06325831967115,56.2415413594863));
#5032=CARTESIAN_POINT('',(-9.74094510179566,-7.7846696964225,83.862802028787));
#5033=CARTESIAN_POINT('',(-9.74094510179566,-22.2817303950724,108.925643564478));
#5034=CARTESIAN_POINT('',(-9.74094510179566,-5.02289340568677,108.925643564478));
#5035=CARTESIAN_POINT('',(-9.74094510179566,5.33240412075975,91.5418066756174));
#5036=CARTESIAN_POINT('',(-9.74094510179566,13.273383429645,96.2721319726406));
#5037=CARTESIAN_POINT('',(-9.74094510179566,0.426910563954152,117.838000874435));
#5038=CARTESIAN_POINT('',(-9.74094510179566,-38.2128810682843,117.838000874435));
#5039=CARTESIAN_POINT('',(-9.74094510179566,-57.8136890918795,97.4865087956532));
#5040=CARTESIAN_POINT('',(-9.74094510179566,-72.2440241520562,97.4865087956568));
#5041=CARTESIAN_POINT('',(-9.74094510179566,-72.2440241520526,148.666056142967));
#5042=CARTESIAN_POINT('',(-9.74094510179566,18.3294927657807,148.666056142964));
#5043=CARTESIAN_POINT('',(-9.74094510179566,18.3294927657807,59.4706641365774));
#5044=CARTESIAN_POINT('',(-9.74094510179566,26.3592247936976,59.4706641365774));
#5045=CARTESIAN_POINT('',(-9.74094510179566,36.0932623609879,41.2358306970928));
#5046=CARTESIAN_POINT('',(-9.74094510179566,18.3294927657807,41.2358306970964));
#5047=CARTESIAN_POINT('',(-9.74094510179566,18.3294927657807,24.8395458766463));
#5048=CARTESIAN_POINT('',(-9.74094510179566,31.4634349977241,12.1695494581509));
#5049=CARTESIAN_POINT('',(-9.74094510179566,-30.6387952001132,12.1695494581472));
#5050=CARTESIAN_POINT('',(-9.74094510179566,-51.2276116796638,130.423625593958));
#5051=CARTESIAN_POINT('',(-9.99094510179566,-51.4776116800385,130.423625593958));
#5052=CARTESIAN_POINT('',(-7.99094510179566,-29.6029014068954,130.423625593954));
#5053=CARTESIAN_POINT('',(-9.74094510179566,-29.6029014068954,130.423625593954));
#5054=CARTESIAN_POINT('',(-9.99094510179566,-29.352901406146,130.423625593958));
#5055=CARTESIAN_POINT('',(-7.99094510179566,-40.025476432038,21.1738274631789));
#5056=CARTESIAN_POINT('',(-7.99094510179566,-51.2894869095617,21.1738274631789));
#5057=CARTESIAN_POINT('',(-7.99094510179566,-51.2894869095617,21.1738274631789));
#5058=CARTESIAN_POINT('',(-9.74094510179566,-51.2894869095617,21.1738274631789));
#5059=CARTESIAN_POINT('',(-7.99094510179566,-40.025476432038,21.1738274631789));
#5060=CARTESIAN_POINT('',(-9.74094510179566,-40.025476432038,21.1738274631789));
#5061=CARTESIAN_POINT('',(-7.99094510179566,-51.2894869095617,21.1738274631789));
#5062=CARTESIAN_POINT('',(-7.99094510179566,-41.9028056776406,12.1695494581509));
#5063=CARTESIAN_POINT('',(-7.99094510179566,-41.9028056776406,12.1695494581509));
#5064=CARTESIAN_POINT('',(-9.74094510179566,-41.9028056776406,12.1695494581472));
#5065=CARTESIAN_POINT('',(-7.99094510179566,-41.9028056776406,12.1695494581509));
#5066=CARTESIAN_POINT('',(-7.99094510179566,-59.1100819201092,12.1695494581509));
#5067=CARTESIAN_POINT('',(-7.99094510179566,-59.1100819201092,12.1695494581509));
#5068=CARTESIAN_POINT('',(-9.74094510179566,-59.1100819201092,12.1695494581509));
#5069=CARTESIAN_POINT('',(-7.99094510179566,-59.1100819201092,12.1695494581509));
#5070=CARTESIAN_POINT('',(-7.99094510179566,-72.2440241520562,24.8395458766427));
#5071=CARTESIAN_POINT('',(-7.99094510179566,-72.2440241520562,24.8395458766427));
#5072=CARTESIAN_POINT('',(-9.74094510179566,-72.2440241520562,24.8395458766463));
#5073=CARTESIAN_POINT('',(-7.99094510179566,-72.2440241520562,24.8395458766427));
#5074=CARTESIAN_POINT('',(-7.99094510179566,-72.2440241520562,87.7985005558585));
#5075=CARTESIAN_POINT('',(-7.99094510179566,-72.2440241520562,87.7985005558585));
#5076=CARTESIAN_POINT('',(-9.74094510179566,-72.2440241520562,87.7985005558585));
#5077=CARTESIAN_POINT('',(-7.99094510179566,-72.2440241520562,87.7985005558585));
#5078=CARTESIAN_POINT('',(-7.99094510179566,-53.7892205278549,87.7985005558548));
#5079=CARTESIAN_POINT('',(-7.99094510179566,-53.7892205278549,87.7985005558548));
#5080=CARTESIAN_POINT('',(-9.74094510179566,-53.7892205278549,87.7985005558585));
#5081=CARTESIAN_POINT('',(-7.99094510179566,-53.7892205278549,87.7985005558548));
#5082=CARTESIAN_POINT('',(-7.99094510179566,-41.1341525772586,100.938240246334));
#5083=CARTESIAN_POINT('',(-7.99094510179566,-41.1341525772586,100.938240246334));
#5084=CARTESIAN_POINT('',(-9.74094510179566,-41.1341525772586,100.938240246334));
#5085=CARTESIAN_POINT('',(-7.99094510179566,-41.1341525772586,100.938240246334));
#5086=CARTESIAN_POINT('',(-7.99094510179566,-29.4754405335407,80.782399104748));
#5087=CARTESIAN_POINT('',(-7.99094510179566,-29.4754405335407,80.782399104748));
#5088=CARTESIAN_POINT('',(-9.74094510179566,-29.4754405335407,80.782399104748));
#5089=CARTESIAN_POINT('',(-7.99094510179566,-29.4754405335407,80.782399104748));
#5090=CARTESIAN_POINT('',(-7.99094510179566,-55.6545084313402,25.9689796188068));
#5091=CARTESIAN_POINT('',(-7.99094510179566,-55.6545084313402,25.9689796188068));
#5092=CARTESIAN_POINT('',(-9.74094510179566,-55.6545084313439,25.9689796188031));
#5093=CARTESIAN_POINT('',(-7.99094510179566,-55.6545084313402,25.9689796188068));
#5094=CARTESIAN_POINT('',(-7.99094510179566,-43.1556769883318,25.9689796188068));
#5095=CARTESIAN_POINT('',(-7.99094510179566,-43.1556769883318,25.9689796188068));
#5096=CARTESIAN_POINT('',(-9.74094510179566,-43.1556769883355,25.9689796188031));
#5097=CARTESIAN_POINT('',(-7.99094510179566,-43.1556769883318,25.9689796188068));
#5098=CARTESIAN_POINT('',(-7.99094510179566,-19.1927195396092,76.1423335322579));
#5099=CARTESIAN_POINT('',(-7.99094510179566,-19.1927195396092,76.1423335322579));
#5100=CARTESIAN_POINT('',(-9.74094510179566,-19.1927195396056,76.1423335322579));
#5101=CARTESIAN_POINT('',(-7.99094510179566,-19.1927195396092,76.1423335322579));
#5102=CARTESIAN_POINT('',(-7.99094510179566,-13.6311928798023,44.4649534741839));
#5103=CARTESIAN_POINT('',(-7.99094510179566,-13.6311928798023,44.4649534741839));
#5104=CARTESIAN_POINT('',(-9.74094510179566,-13.6311928798059,44.4649534741839));
#5105=CARTESIAN_POINT('',(-7.99094510179566,-13.6311928798023,44.4649534741839));
#5106=CARTESIAN_POINT('',(-7.99094510179566,30.7091009202595,44.4649534741839));
#5107=CARTESIAN_POINT('',(-7.99094510179566,30.7091009202595,44.4649534741839));
#5108=CARTESIAN_POINT('',(-9.74094510179566,30.7091009202632,44.4649534741875));
#5109=CARTESIAN_POINT('',(-7.99094510179566,30.7091009202595,44.4649534741839));
#5110=CARTESIAN_POINT('',(-7.99094510179566,24.422575229175,56.2415413594863));
#5111=CARTESIAN_POINT('',(-7.99094510179566,24.422575229175,56.2415413594863));
#5112=CARTESIAN_POINT('',(-9.74094510179566,24.422575229175,56.2415413594863));
#5113=CARTESIAN_POINT('',(-7.99094510179566,24.422575229175,56.2415413594863));
#5114=CARTESIAN_POINT('',(-7.99094510179566,-3.06325831967115,56.2415413594863));
#5115=CARTESIAN_POINT('',(-7.99094510179566,-3.06325831967115,56.2415413594863));
#5116=CARTESIAN_POINT('',(-9.74094510179566,-3.06325831967115,56.2415413594863));
#5117=CARTESIAN_POINT('',(-7.99094510179566,-3.06325831967115,56.2415413594863));
#5118=CARTESIAN_POINT('',(-7.99094510179566,-7.78466969642614,83.8628020287906));
#5119=CARTESIAN_POINT('',(-7.99094510179566,-7.78466969642614,83.8628020287906));
#5120=CARTESIAN_POINT('',(-9.74094510179566,-7.7846696964225,83.862802028787));
#5121=CARTESIAN_POINT('',(-7.99094510179566,-7.78466969642614,83.8628020287906));
#5122=CARTESIAN_POINT('',(-7.99094510179566,-22.2817303950724,108.925643564478));
#5123=CARTESIAN_POINT('',(-7.99094510179566,-22.2817303950724,108.925643564478));
#5124=CARTESIAN_POINT('',(-9.74094510179566,-22.2817303950724,108.925643564478));
#5125=CARTESIAN_POINT('',(-7.99094510179566,-22.2817303950724,108.925643564478));
#5126=CARTESIAN_POINT('',(-7.99094510179566,-5.02289340568677,108.925643564478));
#5127=CARTESIAN_POINT('',(-7.99094510179566,-5.02289340568677,108.925643564478));
#5128=CARTESIAN_POINT('',(-9.74094510179566,-5.02289340568677,108.925643564478));
#5129=CARTESIAN_POINT('',(-7.99094510179566,-5.02289340568677,108.925643564478));
#5130=CARTESIAN_POINT('',(-7.99094510179566,5.33240412075975,91.5418066756138));
#5131=CARTESIAN_POINT('',(-7.99094510179566,5.33240412075975,91.5418066756138));
#5132=CARTESIAN_POINT('',(-9.74094510179566,5.33240412075975,91.5418066756174));
#5133=CARTESIAN_POINT('',(-7.99094510179566,5.33240412075975,91.5418066756138));
#5134=CARTESIAN_POINT('',(-7.99094510179566,13.2733834296414,96.2721319726406));
#5135=CARTESIAN_POINT('',(-7.99094510179566,13.2733834296414,96.2721319726406));
#5136=CARTESIAN_POINT('',(-9.74094510179566,13.273383429645,96.2721319726406));
#5137=CARTESIAN_POINT('',(-7.99094510179566,13.2733834296414,96.2721319726406));
#5138=CARTESIAN_POINT('',(-7.99094510179566,0.426910563954152,117.838000874435));
#5139=CARTESIAN_POINT('',(-7.99094510179566,0.426910563954152,117.838000874435));
#5140=CARTESIAN_POINT('',(-9.74094510179566,0.426910563954152,117.838000874435));
#5141=CARTESIAN_POINT('',(-7.99094510179566,0.426910563954152,117.838000874435));
#5142=CARTESIAN_POINT('',(-7.99094510179566,-38.2128810682843,117.838000874435));
#5143=CARTESIAN_POINT('',(-7.99094510179566,-38.2128810682843,117.838000874435));
#5144=CARTESIAN_POINT('',(-9.74094510179566,-38.2128810682843,117.838000874435));
#5145=CARTESIAN_POINT('',(-7.99094510179566,-38.2128810682843,117.838000874435));
#5146=CARTESIAN_POINT('',(-7.99094510179566,-57.8136890918759,97.4865087956532));
#5147=CARTESIAN_POINT('',(-7.99094510179566,-57.8136890918759,97.4865087956532));
#5148=CARTESIAN_POINT('',(-9.74094510179566,-57.8136890918795,97.4865087956532));
#5149=CARTESIAN_POINT('',(-7.99094510179566,-57.8136890918759,97.4865087956532));
#5150=CARTESIAN_POINT('',(-7.99094510179566,-72.2440241520562,97.4865087956568));
#5151=CARTESIAN_POINT('',(-7.99094510179566,-72.2440241520562,97.4865087956568));
#5152=CARTESIAN_POINT('',(-9.74094510179566,-72.2440241520562,97.4865087956568));
#5153=CARTESIAN_POINT('',(-7.99094510179566,-72.2440241520562,97.4865087956568));
#5154=CARTESIAN_POINT('',(-7.99094510179566,-72.2440241520562,148.666056142964));
#5155=CARTESIAN_POINT('',(-7.99094510179566,-72.2440241520562,148.666056142964));
#5156=CARTESIAN_POINT('',(-9.74094510179566,-72.2440241520526,148.666056142967));
#5157=CARTESIAN_POINT('',(-7.99094510179566,-72.2440241520562,148.666056142964));
#5158=CARTESIAN_POINT('',(-7.99094510179566,18.3294927657807,148.666056142964));
#5159=CARTESIAN_POINT('',(-7.99094510179566,18.3294927657807,148.666056142964));
#5160=CARTESIAN_POINT('',(-9.74094510179566,18.3294927657807,148.666056142964));
#5161=CARTESIAN_POINT('',(-7.99094510179566,18.3294927657807,148.666056142964));
#5162=CARTESIAN_POINT('',(-7.99094510179566,18.3294927657807,59.4706641365774));
#5163=CARTESIAN_POINT('',(-7.99094510179566,18.3294927657807,59.4706641365774));
#5164=CARTESIAN_POINT('',(-9.74094510179566,18.3294927657807,59.4706641365774));
#5165=CARTESIAN_POINT('',(-7.99094510179566,18.3294927657807,59.4706641365774));
#5166=CARTESIAN_POINT('',(-7.99094510179566,26.3592247936976,59.4706641365774));
#5167=CARTESIAN_POINT('',(-7.99094510179566,26.3592247936976,59.4706641365774));
#5168=CARTESIAN_POINT('',(-9.74094510179566,26.3592247936976,59.4706641365774));
#5169=CARTESIAN_POINT('',(-7.99094510179566,26.3592247936976,59.4706641365774));
#5170=CARTESIAN_POINT('',(-7.99094510179566,36.0932623609842,41.2358306970964));
#5171=CARTESIAN_POINT('',(-7.99094510179566,36.0932623609842,41.2358306970964));
#5172=CARTESIAN_POINT('',(-9.74094510179566,36.0932623609879,41.2358306970928));
#5173=CARTESIAN_POINT('',(-7.99094510179566,36.0932623609842,41.2358306970964));
#5174=CARTESIAN_POINT('',(-7.99094510179566,18.3294927657807,41.2358306970964));
#5175=CARTESIAN_POINT('',(-7.99094510179566,18.3294927657807,41.2358306970964));
#5176=CARTESIAN_POINT('',(-9.74094510179566,18.3294927657807,41.2358306970964));
#5177=CARTESIAN_POINT('',(-7.99094510179566,18.3294927657807,41.2358306970964));
#5178=CARTESIAN_POINT('',(-7.99094510179566,18.3294927657807,24.8395458766427));
#5179=CARTESIAN_POINT('',(-7.99094510179566,18.3294927657807,24.8395458766427));
#5180=CARTESIAN_POINT('',(-9.74094510179566,18.3294927657807,24.8395458766463));
#5181=CARTESIAN_POINT('',(-7.99094510179566,18.3294927657807,24.8395458766427));
#5182=CARTESIAN_POINT('',(-7.99094510179566,31.4634349977277,12.1695494581509));
#5183=CARTESIAN_POINT('',(-7.99094510179566,31.4634349977277,12.1695494581509));
#5184=CARTESIAN_POINT('',(-9.74094510179566,31.4634349977241,12.1695494581509));
#5185=CARTESIAN_POINT('',(-7.99094510179566,31.4634349977277,12.1695494581509));
#5186=CARTESIAN_POINT('',(-7.99094510179566,-30.6387952001132,12.1695494581509));
#5187=CARTESIAN_POINT('',(-7.99094510179566,-30.6387952001132,12.1695494581509));
#5188=CARTESIAN_POINT('',(-9.74094510179566,-30.6387952001132,12.1695494581472));
#5189=CARTESIAN_POINT('',(-7.99094510179566,-30.6387952001132,12.1695494581509));
#5190=CARTESIAN_POINT('',(-7.99094510179566,-40.025476432038,21.1738274631789));
#5191=CARTESIAN_POINT('',(-7.99094510179566,-51.2276116796638,130.423625593954));
#5192=CARTESIAN_POINT('',(-7.99094510179405,-51.2276116796641,141.235980730341));
#5193=CARTESIAN_POINT('',(-7.99094510179566,-40.4152565432814,141.23598073034));
#5194=CARTESIAN_POINT('',(-7.99094510179405,-29.6029014068958,141.235980730341));
#5195=CARTESIAN_POINT('',(-7.99094510179566,-29.6029014068954,130.423625593954));
#5196=CARTESIAN_POINT('',(-7.99094510179566,-51.2276116796638,130.423625593954));
#5197=CARTESIAN_POINT('',(-9.74094510179566,-51.2276116796638,130.423625593958));
#5198=CARTESIAN_POINT('',(-9.99094510179566,18.0794927657807,148.416056142971));
#5199=CARTESIAN_POINT('',(-9.99094510179566,18.0794927657807,59.2206641365774));
#5200=CARTESIAN_POINT('',(-9.99094510179566,35.6764183903215,41.4858306970928));
#5201=CARTESIAN_POINT('',(-9.99094510179566,18.0794927657807,41.4858306971));
#5202=CARTESIAN_POINT('',(-9.99094510179566,24.5725114268826,56.4915413594863));
#5203=CARTESIAN_POINT('',(-9.99094510179566,-2.85236580250785,56.4915413594863));
#5204=CARTESIAN_POINT('',(-9.99094510179566,-56.050958979853,25.7189796188031));
#5205=CARTESIAN_POINT('',(-9.99094510179566,-42.9980280703676,25.7189796188031));
#5206=CARTESIAN_POINT('',(-9.99094510179566,-71.9940241520562,148.416056142971));
#5207=CARTESIAN_POINT('',(-9.99094510179566,18.0794927657807,148.416056142971));
#5208=CARTESIAN_POINT('',(-9.99094510179566,-21.8483132792971,108.675643564486));
#5209=CARTESIAN_POINT('',(-9.99094510179566,-5.16496616169024,108.675643564478));
#5210=CARTESIAN_POINT('',(-9.99094510179566,-71.9940241520562,24.9457419532046));
#5211=CARTESIAN_POINT('',(-9.99094510179566,-71.9940241520562,87.5485005558512));
#5212=CARTESIAN_POINT('',(-9.99094510179566,-13.8411247022777,44.2149534741839));
#5213=CARTESIAN_POINT('',(-9.99094510179566,31.1259448909332,44.2149534741839));
#5214=CARTESIAN_POINT('',(-9.99094510179566,-42.5245619172165,12.4195494581472));
#5215=CARTESIAN_POINT('',(-9.99094510179566,-59.0091516089087,12.4195494581581));
#5216=CARTESIAN_POINT('',(-9.99094510179566,18.0794927657807,41.4858306971));
#5217=CARTESIAN_POINT('',(-9.99094510179566,18.0794927657807,24.7333498000808));
#5218=CARTESIAN_POINT('',(-9.99094510179566,-71.9940241520562,87.5485005558512));
#5219=CARTESIAN_POINT('',(-9.99094510179566,-53.6829049725384,87.5485005558512));
#5220=CARTESIAN_POINT('',(-9.99094510179566,-71.9940241520562,97.7365087956532));
#5221=CARTESIAN_POINT('',(-9.99094510179566,-71.9940241520562,148.416056142971));
#5222=CARTESIAN_POINT('',(-9.99094510179566,30.8441958489311,12.4195494581472));
#5223=CARTESIAN_POINT('',(-9.99094510179566,-30.5382734907616,12.4195494581509));
#5224=CARTESIAN_POINT('',(-9.99094510179566,18.0794927657807,59.2206641365774));
#5225=CARTESIAN_POINT('',(-9.99094510179566,26.2092885959937,59.2206641365774));
#5226=CARTESIAN_POINT('',(-9.99094510179566,-57.920004647196,97.7365087956532));
#5227=CARTESIAN_POINT('',(-9.99094510179566,-71.9940241520562,97.7365087956532));
#5228=CARTESIAN_POINT('',(-9.99094510179566,-39.9249547226864,21.4238274631789));
#5229=CARTESIAN_POINT('',(-9.99094510179566,-51.911243149134,21.4238274631789));
#5230=CARTESIAN_POINT('',(-9.99094510179566,0.568983319957624,118.088000874439));
#5231=CARTESIAN_POINT('',(-9.99094510179566,-38.3191966236045,118.088000874435));
#5232=CARTESIAN_POINT('',(-9.74094510179566,-40.025476432038,21.1738274631789));
#5233=CARTESIAN_POINT('',(-9.74094510179566,-51.2894869095617,21.1738274631789));
#5234=CARTESIAN_POINT('',(-9.74094510179566,-41.9028056776406,12.1695494581472));
#5235=CARTESIAN_POINT('',(-9.74094510179566,-51.2894869095617,21.1738274631789));
#5236=CARTESIAN_POINT('',(-9.74094510179566,-41.9028056776406,12.1695494581472));
#5237=CARTESIAN_POINT('',(-9.74094510179566,-59.1100819201092,12.1695494581509));
#5238=CARTESIAN_POINT('',(-9.74094510179566,-72.2440241520562,24.8395458766463));
#5239=CARTESIAN_POINT('',(-9.74094510179566,-59.1100819201092,12.1695494581509));
#5240=CARTESIAN_POINT('',(-9.74094510179566,-72.2440241520562,24.8395458766463));
#5241=CARTESIAN_POINT('',(-9.74094510179566,-72.2440241520562,87.7985005558585));
#5242=CARTESIAN_POINT('',(-9.74094510179566,-72.2440241520562,87.7985005558585));
#5243=CARTESIAN_POINT('',(-9.74094510179566,-53.7892205278549,87.7985005558585));
#5244=CARTESIAN_POINT('',(-9.74094510179566,-41.1341525772586,100.938240246334));
#5245=CARTESIAN_POINT('',(-9.74094510179566,-53.7892205278549,87.7985005558585));
#5246=CARTESIAN_POINT('',(-9.74094510179566,-29.4754405335407,80.782399104748));
#5247=CARTESIAN_POINT('',(-9.74094510179566,-41.1341525772586,100.938240246334));
#5248=CARTESIAN_POINT('',(-9.74094510179566,-55.6545084313439,25.9689796188031));
#5249=CARTESIAN_POINT('',(-9.74094510179566,-29.4754405335407,80.782399104748));
#5250=CARTESIAN_POINT('',(-9.74094510179566,-55.6545084313439,25.9689796188031));
#5251=CARTESIAN_POINT('',(-9.74094510179566,-43.1556769883355,25.9689796188031));
#5252=CARTESIAN_POINT('',(-9.74094510179566,-19.1927195396056,76.1423335322579));
#5253=CARTESIAN_POINT('',(-9.74094510179566,-43.1556769883355,25.9689796188031));
#5254=CARTESIAN_POINT('',(-9.74094510179566,-13.6311928798059,44.4649534741839));
#5255=CARTESIAN_POINT('',(-9.74094510179566,-19.1927195396056,76.1423335322579));
#5256=CARTESIAN_POINT('',(-9.74094510179566,-13.6311928798059,44.4649534741839));
#5257=CARTESIAN_POINT('',(-9.74094510179566,30.7091009202632,44.4649534741875));
#5258=CARTESIAN_POINT('',(-9.74094510179566,24.422575229175,56.2415413594863));
#5259=CARTESIAN_POINT('',(-9.74094510179566,30.7091009202632,44.4649534741875));
#5260=CARTESIAN_POINT('',(-9.74094510179566,24.422575229175,56.2415413594863));
#5261=CARTESIAN_POINT('',(-9.74094510179566,-3.06325831967115,56.2415413594863));
#5262=CARTESIAN_POINT('',(-9.74094510179566,-7.7846696964225,83.862802028787));
#5263=CARTESIAN_POINT('',(-9.74094510179566,-3.06325831967115,56.2415413594863));
#5264=CARTESIAN_POINT('',(-9.74094510179566,-22.2817303950724,108.925643564478));
#5265=CARTESIAN_POINT('',(-9.74094510179566,-7.7846696964225,83.862802028787));
#5266=CARTESIAN_POINT('',(-9.74094510179566,-22.2817303950724,108.925643564478));
#5267=CARTESIAN_POINT('',(-9.74094510179566,-5.02289340568677,108.925643564478));
#5268=CARTESIAN_POINT('',(-9.74094510179566,5.33240412075975,91.5418066756174));
#5269=CARTESIAN_POINT('',(-9.74094510179566,-5.02289340568677,108.925643564478));
#5270=CARTESIAN_POINT('',(-9.74094510179566,13.273383429645,96.2721319726406));
#5271=CARTESIAN_POINT('',(-9.74094510179566,5.33240412075975,91.5418066756174));
#5272=CARTESIAN_POINT('',(-9.74094510179566,0.426910563954152,117.838000874435));
#5273=CARTESIAN_POINT('',(-9.74094510179566,13.273383429645,96.2721319726406));
#5274=CARTESIAN_POINT('',(-9.74094510179566,0.426910563954152,117.838000874435));
#5275=CARTESIAN_POINT('',(-9.74094510179566,-38.2128810682843,117.838000874435));
#5276=CARTESIAN_POINT('',(-9.74094510179566,-57.8136890918795,97.4865087956532));
#5277=CARTESIAN_POINT('',(-9.74094510179566,-38.2128810682843,117.838000874435));
#5278=CARTESIAN_POINT('',(-9.74094510179566,-57.8136890918795,97.4865087956532));
#5279=CARTESIAN_POINT('',(-9.74094510179566,-72.2440241520562,97.4865087956568));
#5280=CARTESIAN_POINT('',(-9.74094510179566,-72.2440241520562,97.4865087956568));
#5281=CARTESIAN_POINT('',(-9.74094510179566,-72.2440241520526,148.666056142967));
#5282=CARTESIAN_POINT('',(-9.74094510179566,-72.2440241520526,148.666056142967));
#5283=CARTESIAN_POINT('',(-9.74094510179566,18.3294927657807,148.666056142964));
#5284=CARTESIAN_POINT('',(-9.74094510179566,18.3294927657807,148.666056142964));
#5285=CARTESIAN_POINT('',(-9.74094510179566,18.3294927657807,59.4706641365774));
#5286=CARTESIAN_POINT('',(-9.74094510179566,18.3294927657807,59.4706641365774));
#5287=CARTESIAN_POINT('',(-9.74094510179566,26.3592247936976,59.4706641365774));
#5288=CARTESIAN_POINT('',(-9.74094510179566,36.0932623609879,41.2358306970928));
#5289=CARTESIAN_POINT('',(-9.74094510179566,26.3592247936976,59.4706641365774));
#5290=CARTESIAN_POINT('',(-9.74094510179566,36.0932623609879,41.2358306970928));
#5291=CARTESIAN_POINT('',(-9.74094510179566,18.3294927657807,41.2358306970964));
#5292=CARTESIAN_POINT('',(-9.74094510179566,18.3294927657807,41.2358306970964));
#5293=CARTESIAN_POINT('',(-9.74094510179566,18.3294927657807,24.8395458766463));
#5294=CARTESIAN_POINT('',(-9.74094510179566,31.4634349977241,12.1695494581509));
#5295=CARTESIAN_POINT('',(-9.74094510179566,18.3294927657807,24.8395458766463));
#5296=CARTESIAN_POINT('',(-9.74094510179566,31.4634349977241,12.1695494581509));
#5297=CARTESIAN_POINT('',(-9.74094510179566,-30.6387952001132,12.1695494581472));
#5298=CARTESIAN_POINT('',(-9.74094510179566,-40.025476432038,21.1738274631789));
#5299=CARTESIAN_POINT('',(-9.74094510179566,-30.6387952001132,12.1695494581472));
#5300=CARTESIAN_POINT('',(-9.74094510179566,-30.6387952001132,12.1695494581472));
#5301=CARTESIAN_POINT('',(-9.75444288251674,-30.6387952001132,12.1695494581472));
#5302=CARTESIAN_POINT('',(-9.78229880271465,-30.6378846391817,12.1718140458543));
#5303=CARTESIAN_POINT('',(-9.82381459055978,-30.6336550803608,12.1823330642692));
#5304=CARTESIAN_POINT('',(-9.86443154232256,-30.6263046031854,12.2006138843863));
#5305=CARTESIAN_POINT('',(-9.90197418778189,-30.615901351819,12.226487030257));
#5306=CARTESIAN_POINT('',(-9.93440345676572,-30.6028284318309,12.2589997085488));
#5307=CARTESIAN_POINT('',(-9.96013248948657,-30.5877411845941,12.2965220689293));
#5308=CARTESIAN_POINT('',(-9.97827110778962,-30.5714579715241,12.3370188263398));
#5309=CARTESIAN_POINT('',(-9.98870473856368,-30.5548328924779,12.3783658127395));
#5310=CARTESIAN_POINT('',(-9.99093856344552,-30.5436954242832,12.4060649741405));
#5311=CARTESIAN_POINT('',(-9.99094510179566,-30.5382734907616,12.4195494581509));
#5312=CARTESIAN_POINT('',(-9.99094510179566,30.8441958489311,12.4195494581472));
#5313=CARTESIAN_POINT('',(-9.99098245604182,30.8775172949536,12.4060968824779));
#5314=CARTESIAN_POINT('',(-9.98873351319344,30.9451825420438,12.3787789846974));
#5315=CARTESIAN_POINT('',(-9.97856243854403,31.0463963443945,12.3379168224128));
#5316=CARTESIAN_POINT('',(-9.96088813114693,31.1454062534394,12.2979444186713));
#5317=CARTESIAN_POINT('',(-9.9358995791481,31.2372225813015,12.2608762165037));
#5318=CARTESIAN_POINT('',(-9.90443243434129,31.31713425005,12.2286141781078));
#5319=CARTESIAN_POINT('',(-9.86788398672434,31.3815011958322,12.2026278746489));
#5320=CARTESIAN_POINT('',(-9.82778874972064,31.4282510740777,12.1837539556));
#5321=CARTESIAN_POINT('',(-9.78533116295148,31.4567711444652,12.1722397972844));
#5322=CARTESIAN_POINT('',(-9.75470421600403,31.4634349977241,12.1695494581509));
#5323=CARTESIAN_POINT('',(-9.74094510179566,31.4634349977241,12.1695494581509));
#5324=CARTESIAN_POINT('',(-9.99094510179566,18.0794927657807,24.7333498000808));
#5325=CARTESIAN_POINT('',(-9.99093935957353,18.0929766449663,24.739077540351));
#5326=CARTESIAN_POINT('',(-9.98870530263594,18.1206686405021,24.750840665467));
#5327=CARTESIAN_POINT('',(-9.97827636536749,18.162007502382,24.7684007652351));
#5328=CARTESIAN_POINT('',(-9.96014468956128,18.2024976664034,24.7856003514607));
#5329=CARTESIAN_POINT('',(-9.93442382671492,18.2400176759293,24.8015382626945));
#5330=CARTESIAN_POINT('',(-9.90200037938121,18.2725333830385,24.815350424753));
#5331=CARTESIAN_POINT('',(-9.8644580957407,18.2984136775049,24.8263439677212));
#5332=CARTESIAN_POINT('',(-9.82383507612394,18.3167024285976,24.8341127421445));
#5333=CARTESIAN_POINT('',(-9.78230936352702,18.3272268614601,24.8385833560496));
#5334=CARTESIAN_POINT('',(-9.75444371149206,18.3294927657807,24.8395458766463));
#5335=CARTESIAN_POINT('',(-9.74094510179566,18.3294927657807,24.8395458766463));
#5336=CARTESIAN_POINT('',(-9.99094510179566,18.0794927657807,41.4858306971));
#5337=CARTESIAN_POINT('',(-9.99096002487568,18.0929612836699,41.4723621792073));
#5338=CARTESIAN_POINT('',(-9.98871938302909,18.1204705641539,41.4448528987159));
#5339=CARTESIAN_POINT('',(-9.97841322881868,18.1615897140946,41.4037337487898));
#5340=CARTESIAN_POINT('',(-9.96048004514159,18.201873432703,41.3634500301669));
#5341=CARTESIAN_POINT('',(-9.93502871300007,18.2392712015971,41.3260522612691));
#5342=CARTESIAN_POINT('',(-9.90285836531621,18.2718089167938,41.2935145460833));
#5343=CARTESIAN_POINT('',(-9.86542740123696,18.2978700192907,41.267453443601));
#5344=CARTESIAN_POINT('',(-9.82466060442675,18.3164264166662,41.2488970461891));
#5345=CARTESIAN_POINT('',(-9.78276487760741,18.3271688601053,41.2381546027718));
#5346=CARTESIAN_POINT('',(-9.7544798618037,18.3294927657807,41.2358306970964));
#5347=CARTESIAN_POINT('',(-9.74094510179566,18.3294927657807,41.2358306970964));
#5348=CARTESIAN_POINT('',(-9.99094510179566,18.0794927657807,59.2206641365774));
#5349=CARTESIAN_POINT('',(-9.99096002487568,18.0929612836699,59.2341326544665));
#5350=CARTESIAN_POINT('',(-9.98871938302909,18.1204705641576,59.2616419349433));
#5351=CARTESIAN_POINT('',(-9.97841322881868,18.1615897141019,59.3027610848876));
#5352=CARTESIAN_POINT('',(-9.96048004514159,18.2018734327066,59.3430448035142));
#5353=CARTESIAN_POINT('',(-9.93502871299643,18.2392712016044,59.3804425723938));
#5354=CARTESIAN_POINT('',(-9.90285836531621,18.2718089168011,59.4129802876014));
#5355=CARTESIAN_POINT('',(-9.86542740124059,18.2978700192834,59.4390413900765));
#5356=CARTESIAN_POINT('',(-9.82466060442312,18.3164264166626,59.4575977874447));
#5357=CARTESIAN_POINT('',(-9.78276487761104,18.3271688601089,59.468340230902));
#5358=CARTESIAN_POINT('',(-9.7544798618037,18.3294927657807,59.4706641365774));
#5359=CARTESIAN_POINT('',(-9.74094510179566,18.3294927657807,59.4706641365774));
#5360=CARTESIAN_POINT('',(-9.74094510179566,18.3294927657807,148.666056142964));
#5361=CARTESIAN_POINT('',(-9.7544798618037,18.3294927657807,148.666056142964));
#5362=CARTESIAN_POINT('',(-9.78276487761104,18.3271688601053,148.663732237306));
#5363=CARTESIAN_POINT('',(-9.82466060442312,18.3164264166699,148.652989793871));
#5364=CARTESIAN_POINT('',(-9.86542740123696,18.2978700192871,148.63443339647));
#5365=CARTESIAN_POINT('',(-9.90285836532348,18.2718089167902,148.608372293991));
#5366=CARTESIAN_POINT('',(-9.93502871299643,18.2392712016008,148.575834578787));
#5367=CARTESIAN_POINT('',(-9.96048004514523,18.2018734327103,148.5384368099));
#5368=CARTESIAN_POINT('',(-9.97841322881868,18.1615897140873,148.498153091277));
#5369=CARTESIAN_POINT('',(-9.98871938302909,18.1204705641576,148.45703394134));
#5370=CARTESIAN_POINT('',(-9.99096002487568,18.0929612836735,148.429524660864));
#5371=CARTESIAN_POINT('',(-9.99094510179566,18.0794927657807,148.416056142971));
#5372=CARTESIAN_POINT('',(-9.74094510179566,-72.2440241520526,148.666056142967));
#5373=CARTESIAN_POINT('',(-9.7544798618037,-72.2440241520526,148.666056142967));
#5374=CARTESIAN_POINT('',(-9.78276487760741,-72.2417002463772,148.663732237292));
#5375=CARTESIAN_POINT('',(-9.82466060442675,-72.2309578029381,148.652989793874));
#5376=CARTESIAN_POINT('',(-9.86542740124059,-72.2124014055589,148.63443339647));
#5377=CARTESIAN_POINT('',(-9.90285836531621,-72.1863403030657,148.60837229398));
#5378=CARTESIAN_POINT('',(-9.93502871300007,-72.1538025878763,148.575834578794));
#5379=CARTESIAN_POINT('',(-9.96048004513796,-72.1164048189858,148.538436809897));
#5380=CARTESIAN_POINT('',(-9.97841322882232,-72.0761211003555,148.498153091296));
#5381=CARTESIAN_POINT('',(-9.98871938302545,-72.035001950444,148.457033941344));
#5382=CARTESIAN_POINT('',(-9.99096002487568,-72.0074926699454,148.429524660864));
#5383=CARTESIAN_POINT('',(-9.99094510179566,-71.9940241520562,148.416056142971));
#5384=CARTESIAN_POINT('',(-9.74094510179566,-72.2440241520562,97.4865087956568));
#5385=CARTESIAN_POINT('',(-9.7544798618037,-72.2440241520562,97.4865087956568));
#5386=CARTESIAN_POINT('',(-9.78276487760741,-72.2417002463808,97.488832701325));
#5387=CARTESIAN_POINT('',(-9.82466060442675,-72.230957802949,97.4995751447677));
#5388=CARTESIAN_POINT('',(-9.86542740123696,-72.2124014055589,97.5181315421542));
#5389=CARTESIAN_POINT('',(-9.90285836531621,-72.1863403030693,97.5441926446547));
#5390=CARTESIAN_POINT('',(-9.93502871300007,-72.153802587869,97.5767303598368));
#5391=CARTESIAN_POINT('',(-9.96048004513796,-72.1164048189894,97.614128128731));
#5392=CARTESIAN_POINT('',(-9.97841322881868,-72.0761211003664,97.6544118473212));
#5393=CARTESIAN_POINT('',(-9.98871938302909,-72.0350019504367,97.6955309972727));
#5394=CARTESIAN_POINT('',(-9.99096002487568,-72.007492669949,97.7230402777604));
#5395=CARTESIAN_POINT('',(-9.99094510179566,-71.9940241520562,97.7365087956532));
#5396=CARTESIAN_POINT('',(-9.99094510179566,-57.920004647196,97.7365087956532));
#5397=CARTESIAN_POINT('',(-9.99093937654106,-57.9142704682636,97.7230249293425));
#5398=CARTESIAN_POINT('',(-9.98870531464127,-57.9024941736352,97.6953330864235));
#5399=CARTESIAN_POINT('',(-9.97827647743907,-57.8849143911648,97.6539943979878));
#5400=CARTESIAN_POINT('',(-9.9601449501497,-57.8676955142619,97.6135043755385));
#5401=CARTESIAN_POINT('',(-9.9344242629777,-57.851739693644,97.5759844177046));
#5402=CARTESIAN_POINT('',(-9.90200094208194,-57.8379119648598,97.5434686471708));
#5403=CARTESIAN_POINT('',(-9.86445866798749,-57.8269059884296,97.5175882000403));
#5404=CARTESIAN_POINT('',(-9.82383551872408,-57.8191284009554,97.4992992783154));
#5405=CARTESIAN_POINT('',(-9.78230959206485,-57.8146527074969,97.4887747284811));
#5406=CARTESIAN_POINT('',(-9.75444372943457,-57.8136890918795,97.4865087956532));
#5407=CARTESIAN_POINT('',(-9.74094510179566,-57.8136890918795,97.4865087956532));
#5408=CARTESIAN_POINT('',(-9.99094510179566,-5.16496616169024,108.675643564478));
#5409=CARTESIAN_POINT('',(-9.99094470341151,-5.15730568703293,108.689123409011));
#5410=CARTESIAN_POINT('',(-9.98870904649084,-5.14159576904785,108.716767551385));
#5411=CARTESIAN_POINT('',(-9.97831168715493,-5.11813463196449,108.758051217857));
#5412=CARTESIAN_POINT('',(-9.96022792400981,-5.09515100488716,108.798494628187));
#5413=CARTESIAN_POINT('',(-9.93456571608476,-5.07383992772156,108.835994916375));
#5414=CARTESIAN_POINT('',(-9.90218738069234,-5.05535170141957,108.86852794173));
#5415=CARTESIAN_POINT('',(-9.8646524785363,-5.04061658015416,108.894456771566));
#5416=CARTESIAN_POINT('',(-9.82398820942035,-5.03019073619362,108.912802730825));
#5417=CARTESIAN_POINT('',(-9.78238937094648,-5.0241867900877,108.923367645337));
#5418=CARTESIAN_POINT('',(-9.75445000462059,-5.02289340568677,108.925643564478));
#5419=CARTESIAN_POINT('',(-9.74094510179566,-5.02289340568677,108.925643564478));
#5420=CARTESIAN_POINT('',(-9.74094510179566,24.422575229175,56.2415413594863));
#5421=CARTESIAN_POINT('',(-9.75445162647884,24.422575229175,56.2415413594863));
#5422=CARTESIAN_POINT('',(-9.78240994301814,24.4239417512072,56.2438198653508));
#5423=CARTESIAN_POINT('',(-9.82402700188686,24.4302841546232,56.2543950358449));
#5424=CARTESIAN_POINT('',(-9.86470059524436,24.4412953961582,56.2727549144838));
#5425=CARTESIAN_POINT('',(-9.90223242106731,24.4568526773946,56.2986947499594));
#5426=CARTESIAN_POINT('',(-9.93459898975561,24.476366030256,56.3312308438835));
#5427=CARTESIAN_POINT('',(-9.96024701273564,24.4988533613468,56.3687256774901));
#5428=CARTESIAN_POINT('',(-9.97831965607838,24.5231023978777,56.4091579361229));
#5429=CARTESIAN_POINT('',(-9.98870988028648,24.5478545054721,56.4504290034165));
#5430=CARTESIAN_POINT('',(-9.99094590793538,24.5644275021477,56.4780624183622));
#5431=CARTESIAN_POINT('',(-9.99094510179566,24.5725114268826,56.4915413594863));
#5432=CARTESIAN_POINT('',(-9.99094510179566,31.1259448909332,44.2149534741839));
#5433=CARTESIAN_POINT('',(-9.99097458108736,31.1035052024163,44.2284115604816));
#5434=CARTESIAN_POINT('',(-9.98872868036051,31.0578453029921,44.2557958473044));
#5435=CARTESIAN_POINT('',(-9.97851000435912,30.9895587554129,44.2967503485124));
#5436=CARTESIAN_POINT('',(-9.96073926757163,30.9227084771846,44.3368434546355));
#5437=CARTESIAN_POINT('',(-9.9355630326354,30.8606576090606,44.374058139565));
#5438=CARTESIAN_POINT('',(-9.9037684762443,30.8065993249547,44.4064793138641));
#5439=CARTESIAN_POINT('',(-9.86671957405633,30.7630809787297,44.4325792152995));
#5440=CARTESIAN_POINT('',(-9.82606905629291,30.7317089323114,44.4513944367391));
#5441=CARTESIAN_POINT('',(-9.78371290314681,30.7131897137806,44.4625012415709));
#5442=CARTESIAN_POINT('',(-9.75455805228921,30.7091009202632,44.4649534741875));
#5443=CARTESIAN_POINT('',(-9.74094510179566,30.7091009202632,44.4649534741875));
#5444=CARTESIAN_POINT('',(-9.99094510179566,-71.9940241520562,87.5485005558512));
#5445=CARTESIAN_POINT('',(-9.99096002487568,-72.0074926699454,87.561969073744));
#5446=CARTESIAN_POINT('',(-9.98871938302909,-72.0350019504258,87.5894783542317));
#5447=CARTESIAN_POINT('',(-9.97841322881868,-72.0761211003664,87.6305975041541));
#5448=CARTESIAN_POINT('',(-9.96048004514523,-72.1164048189748,87.670881222788));
#5449=CARTESIAN_POINT('',(-9.93502871299643,-72.1538025878763,87.7082789916785));
#5450=CARTESIAN_POINT('',(-9.90285836531984,-72.1863403030657,87.7408167068643));
#5451=CARTESIAN_POINT('',(-9.86542740124059,-72.2124014055589,87.7668778093575));
#5452=CARTESIAN_POINT('',(-9.82466060442312,-72.230957802949,87.7854342067367));
#5453=CARTESIAN_POINT('',(-9.78276487760741,-72.2417002463772,87.796176650183));
#5454=CARTESIAN_POINT('',(-9.7544798618037,-72.2440241520562,87.7985005558585));
#5455=CARTESIAN_POINT('',(-9.74094510179566,-72.2440241520562,87.7985005558585));
#5456=CARTESIAN_POINT('',(-9.99094510179566,-59.0091516089087,12.4195494581581));
#5457=CARTESIAN_POINT('',(-9.99093862010704,-59.0145955641819,12.4060650172214));
#5458=CARTESIAN_POINT('',(-9.98870477876335,-59.0257780980683,12.3783663661379));
#5459=CARTESIAN_POINT('',(-9.97827148192664,-59.0424705218029,12.3370199570745));
#5460=CARTESIAN_POINT('',(-9.96013335606403,-59.0588197349425,12.2965236658129));
#5461=CARTESIAN_POINT('',(-9.93440490011199,-59.0739682433414,12.2590014679554));
#5462=CARTESIAN_POINT('',(-9.90197603835259,-59.0870943907066,12.2264885707082));
#5463=CARTESIAN_POINT('',(-9.86443341317499,-59.0975401343821,12.2006149170302));
#5464=CARTESIAN_POINT('',(-9.82381603056638,-59.1049207157703,12.1823335372501));
#5465=CARTESIAN_POINT('',(-9.78229954399285,-59.1091676206306,12.1718141382298));
#5466=CARTESIAN_POINT('',(-9.75444294068802,-59.1100819201092,12.1695494581509));
#5467=CARTESIAN_POINT('',(-9.74094510179566,-59.1100819201092,12.1695494581509));
#5468=CARTESIAN_POINT('',(-9.99094510179566,-51.911243149134,21.4238274631789));
#5469=CARTESIAN_POINT('',(-9.99098251827309,-51.8777863650685,21.4103749306887));
#5470=CARTESIAN_POINT('',(-9.98873355085743,-51.8098473681021,21.3830575542597));
#5471=CARTESIAN_POINT('',(-9.97856285306261,-51.7082239864903,21.3421961301246));
#5472=CARTESIAN_POINT('',(-9.96088933275678,-51.6088141273722,21.3022247342924));
#5473=CARTESIAN_POINT('',(-9.93590239021069,-51.5166278445686,21.2651578433688));
#5474=CARTESIAN_POINT('',(-9.9044383118453,-51.4363955058543,21.2328974760385));
#5475=CARTESIAN_POINT('',(-9.86789528699228,-51.3717709599041,21.206912796737));
#5476=CARTESIAN_POINT('',(-9.82780804017239,-51.3248327654401,21.1880395665867));
#5477=CARTESIAN_POINT('',(-9.78535361457398,-51.2961863843593,21.1765212338105));
#5478=CARTESIAN_POINT('',(-9.75470638154729,-51.2894869095617,21.1738274631789));
#5479=CARTESIAN_POINT('',(-9.74094510179566,-51.2894869095617,21.1738274631789));
#5480=CARTESIAN_POINT('',(-9.99094510179566,-42.5245619172165,12.4195494581472));
#5481=CARTESIAN_POINT('',(-9.99098251827309,-42.491105133151,12.4060969256534));
#5482=CARTESIAN_POINT('',(-9.98873355085743,-42.4231661361919,12.3787795492317));
#5483=CARTESIAN_POINT('',(-9.97856285305897,-42.3215427545692,12.3379181251075));
#5484=CARTESIAN_POINT('',(-9.96088933276042,-42.2221328954729,12.2979467292535));
#5485=CARTESIAN_POINT('',(-9.93590239020341,-42.1299466126511,12.260879838359));
#5486=CARTESIAN_POINT('',(-9.90443831184894,-42.0497142739405,12.2286194710105));
#5487=CARTESIAN_POINT('',(-9.86789528698864,-41.9850897279757,12.2026347917163));
#5488=CARTESIAN_POINT('',(-9.82780804017239,-41.938151533519,12.1837615615514));
#5489=CARTESIAN_POINT('',(-9.78535361457398,-41.9095051524346,12.1722432287679));
#5490=CARTESIAN_POINT('',(-9.75470638154729,-41.9028056776406,12.1695494581472));
#5491=CARTESIAN_POINT('',(-9.74094510179566,-41.9028056776406,12.1695494581472));
#5492=CARTESIAN_POINT('',(-9.99094510179566,-42.5245619172165,12.4195494581472));
#5493=CARTESIAN_POINT('',(-9.99094510179566,-51.911243149134,21.4238274631789));
#5494=CARTESIAN_POINT('',(-9.99094510179566,-71.9940241520562,24.9457419532046));
#5495=CARTESIAN_POINT('',(-9.99093935957353,-72.0075080312381,24.9400142129307));
#5496=CARTESIAN_POINT('',(-9.98870530263594,-72.0352000267812,24.9282510878074));
#5497=CARTESIAN_POINT('',(-9.97827636536749,-72.0765388886612,24.9106909880647));
#5498=CARTESIAN_POINT('',(-9.96014468956491,-72.1170290526752,24.8934914018173));
#5499=CARTESIAN_POINT('',(-9.93442382671492,-72.154549062212,24.877553490609));
#5500=CARTESIAN_POINT('',(-9.90200037938121,-72.187064769314,24.8637413285469));
#5501=CARTESIAN_POINT('',(-9.8644580957407,-72.2129450637731,24.8527477855932));
#5502=CARTESIAN_POINT('',(-9.82383507612394,-72.231233814884,24.8449790111481));
#5503=CARTESIAN_POINT('',(-9.78230936352702,-72.2417582477356,24.8405083972539));
#5504=CARTESIAN_POINT('',(-9.75444371149206,-72.2440241520562,24.8395458766463));
#5505=CARTESIAN_POINT('',(-9.74094510179566,-72.2440241520562,24.8395458766463));
#5506=CARTESIAN_POINT('',(-9.99094510179566,-71.9940241520562,24.9457419532046));
#5507=CARTESIAN_POINT('',(-9.99094510179566,-59.0091516089087,12.4195494581581));
#5508=CARTESIAN_POINT('',(-9.74094510179566,-41.1341525772586,100.938240246334));
#5509=CARTESIAN_POINT('',(-9.754513429707,-41.1341525772586,100.938240246334));
#5510=CARTESIAN_POINT('',(-9.78317846928621,-41.1346302282327,100.934315340015));
#5511=CARTESIAN_POINT('',(-9.82532120857286,-41.1368220869481,100.916304615708));
#5512=CARTESIAN_POINT('',(-9.86608185127625,-41.1405782550501,100.885439803325));
#5513=CARTESIAN_POINT('',(-9.90334700264066,-41.1458205023264,100.842363728247));
#5514=CARTESIAN_POINT('',(-9.93532724005127,-41.1523448979933,100.788752110529));
#5515=CARTESIAN_POINT('',(-9.96062864553096,-41.1598356594877,100.727199767236));
#5516=CARTESIAN_POINT('',(-9.97846958196897,-41.1679035723755,100.660904912664));
#5517=CARTESIAN_POINT('',(-9.98872486016626,-41.1761414906177,100.593213106913));
#5518=CARTESIAN_POINT('',(-9.99096850581554,-41.1816508321172,100.547942291734));
#5519=CARTESIAN_POINT('',(-9.99094510179566,-41.1843541679445,100.525728708377));
#5520=CARTESIAN_POINT('',(-9.74094510179566,-53.7892205278549,87.7985005558585));
#5521=CARTESIAN_POINT('',(-9.75444372943457,-53.7892205278549,87.7985005558585));
#5522=CARTESIAN_POINT('',(-9.78230959206485,-53.7882569122485,87.7962346230343));
#5523=CARTESIAN_POINT('',(-9.82383551872408,-53.7837812187972,87.7857100731708));
#5524=CARTESIAN_POINT('',(-9.86445866798749,-53.7760036313121,87.7674211514604));
#5525=CARTESIAN_POINT('',(-9.90200094208558,-53.7649976548782,87.7415407043372));
#5526=CARTESIAN_POINT('',(-9.9344242629777,-53.7511699260795,87.7090249337998));
#5527=CARTESIAN_POINT('',(-9.96014495014606,-53.7352141054726,87.6715049759623));
#5528=CARTESIAN_POINT('',(-9.97827647743907,-53.7179952285514,87.6310149535093));
#5529=CARTESIAN_POINT('',(-9.98870531464127,-53.7004154461029,87.58967626507));
#5530=CARTESIAN_POINT('',(-9.99093937654106,-53.6886391514781,87.5619844221546));
#5531=CARTESIAN_POINT('',(-9.99094510179566,-53.6829049725384,87.5485005558512));
#5532=CARTESIAN_POINT('',(-9.99094510179566,-41.1843541679445,100.525728708377));
#5533=CARTESIAN_POINT('',(-9.99094510179566,-53.6829049725384,87.5485005558512));
#5534=CARTESIAN_POINT('',(-9.99094510179566,-29.757808992239,80.7712628209556));
#5535=CARTESIAN_POINT('',(-9.99094510179566,-41.1843541679445,100.525728708377));
#5536=CARTESIAN_POINT('',(-9.99094510179566,-56.050958979853,25.7189796188031));
#5537=CARTESIAN_POINT('',(-9.99097332872043,-56.0296157137273,25.7324385900465));
#5538=CARTESIAN_POINT('',(-9.98872789974484,-55.9861727841708,25.7598335133953));
#5539=CARTESIAN_POINT('',(-9.9785016684109,-55.9212040870661,25.8008024926166));
#5540=CARTESIAN_POINT('',(-9.96071617118287,-55.8575957912399,25.8409136086302));
#5541=CARTESIAN_POINT('',(-9.93551280901374,-55.798549103718,25.8781481942569));
#5542=CARTESIAN_POINT('',(-9.90367588668596,-55.7471077592163,25.9105868834049));
#5543=CARTESIAN_POINT('',(-9.86657316379933,-55.7057099887388,25.9366921383371));
#5544=CARTESIAN_POINT('',(-9.82588694852529,-55.6759068217507,25.955485886414));
#5545=CARTESIAN_POINT('',(-9.78357540199431,-55.6583667194791,25.9665465990038));
#5546=CARTESIAN_POINT('',(-9.7545464245959,-55.6545084313439,25.9689796188031));
#5547=CARTESIAN_POINT('',(-9.74094510179566,-55.6545084313439,25.9689796188031));
#5548=CARTESIAN_POINT('',(-9.99094510179566,-29.757808992239,80.7712628209556));
#5549=CARTESIAN_POINT('',(-9.99094312906527,-29.7425825231185,80.7718633352015));
#5550=CARTESIAN_POINT('',(-9.9887079511318,-29.7113433143895,80.7730953732789));
#5551=CARTESIAN_POINT('',(-9.97830127546331,-29.6646959922582,80.7749350894446));
#5552=CARTESIAN_POINT('',(-9.9602031572249,-29.6190001440955,80.7767372805829));
#5553=CARTESIAN_POINT('',(-9.93452295729367,-29.5766371501086,80.7784080278252));
#5554=CARTESIAN_POINT('',(-9.90213017296992,-29.5398970401184,80.7798570150626));
#5555=CARTESIAN_POINT('',(-9.86459210177054,-29.5106273355705,80.781011378167));
#5556=CARTESIAN_POINT('',(-9.82394003753143,-29.4899259386948,80.7818278172272));
#5557=CARTESIAN_POINT('',(-9.78236399783054,-29.478007528618,80.7822978654294));
#5558=CARTESIAN_POINT('',(-9.75444800636615,-29.4754405335407,80.782399104748));
#5559=CARTESIAN_POINT('',(-9.74094510179566,-29.4754405335407,80.782399104748));
#5560=CARTESIAN_POINT('',(-9.99094510179566,-56.050958979853,25.7189796188031));
#5561=CARTESIAN_POINT('',(-9.99094510179566,-29.757808992239,80.7712628209556));
#5562=CARTESIAN_POINT('',(-9.99094510179566,-42.9980280703676,25.7189796188031));
#5563=CARTESIAN_POINT('',(-9.99094708892153,-43.006527275109,25.7324576763313));
#5564=CARTESIAN_POINT('',(-9.98871069422239,-43.0239461676683,25.7600805943584));
#5565=CARTESIAN_POINT('',(-9.97832747177017,-43.0499636989662,25.8013392525972));
#5566=CARTESIAN_POINT('',(-9.96026584704305,-43.0754530702834,25.8417603535236));
#5567=CARTESIAN_POINT('',(-9.93463209435504,-43.0990935347945,25.8792494540576));
#5568=CARTESIAN_POINT('',(-9.90227769407284,-43.1196123346599,25.9117882118808));
#5569=CARTESIAN_POINT('',(-9.86474948601972,-43.1359766820678,25.937738829889));
#5570=CARTESIAN_POINT('',(-9.82406679022461,-43.147563195751,25.9561127487068));
#5571=CARTESIAN_POINT('',(-9.78243117394231,-43.154238485793,25.9666984382893));
#5572=CARTESIAN_POINT('',(-9.75445330190269,-43.1556769883355,25.9689796188031));
#5573=CARTESIAN_POINT('',(-9.74094510179566,-43.1556769883355,25.9689796188031));
#5574=CARTESIAN_POINT('',(-9.99094510179566,-19.3038482536504,75.3295701386487));
#5575=CARTESIAN_POINT('',(-9.99094510179566,-42.9980280703676,25.7189796188031));
#5576=CARTESIAN_POINT('',(-9.99094510179566,-13.8411247022777,44.2149534741839));
#5577=CARTESIAN_POINT('',(-9.99095479121024,-13.8298116049664,44.2284258210311));
#5578=CARTESIAN_POINT('',(-9.98871591715579,-13.8066729511884,44.2559807832804));
#5579=CARTESIAN_POINT('',(-9.9783785019863,-13.772096022858,44.2971571613307));
#5580=CARTESIAN_POINT('',(-9.96039161388399,-13.7382191285869,44.3374998948202));
#5581=CARTESIAN_POINT('',(-9.93486036142349,-13.706778474123,44.3749414009544));
#5582=CARTESIAN_POINT('',(-9.90260293981191,-13.6794487468796,44.4074873567188));
#5583=CARTESIAN_POINT('',(-9.86511703804354,-13.6575996736428,44.4335066054555));
#5584=CARTESIAN_POINT('',(-9.82437853962983,-13.6420849775932,44.4519824800191));
#5585=CARTESIAN_POINT('',(-9.78260228921135,-13.6331267100941,44.4626505475826));
#5586=CARTESIAN_POINT('',(-9.75446686688883,-13.6311928798059,44.4649534741839));
#5587=CARTESIAN_POINT('',(-9.74094510179566,-13.6311928798059,44.4649534741839));
#5588=CARTESIAN_POINT('',(-9.74094510179566,-19.1927195396056,76.1423335322579));
#5589=CARTESIAN_POINT('',(-9.75486069312319,-19.1927195396056,76.1423335322579));
#5590=CARTESIAN_POINT('',(-9.78684729216911,-19.1940209612294,76.1328153094801));
#5591=CARTESIAN_POINT('',(-9.82887924178794,-19.1992338369746,76.0946898383736));
#5592=CARTESIAN_POINT('',(-9.86848938151888,-19.2075867636231,76.0335989397026));
#5593=CARTESIAN_POINT('',(-9.9047295495111,-19.2190953892132,75.9494281682855));
#5594=CARTESIAN_POINT('',(-9.93603992537828,-19.2333956837465,75.8448399345507));
#5595=CARTESIAN_POINT('',(-9.96094684729178,-19.2498434918089,75.7245454056538));
#5596=CARTESIAN_POINT('',(-9.97858266029652,-19.2675895293542,75.5947560004788));
#5597=CARTESIAN_POINT('',(-9.98873532019206,-19.2857373529951,75.4620280475719));
#5598=CARTESIAN_POINT('',(-9.99098548317852,-19.2978693145342,75.3732983765694));
#5599=CARTESIAN_POINT('',(-9.99094510179566,-19.3038482536504,75.3295701386487));
#5600=CARTESIAN_POINT('',(-9.99094510179566,-13.8411247022777,44.2149534741839));
#5601=CARTESIAN_POINT('',(-9.99094510179566,-19.3038482536504,75.3295701386487));
#5602=CARTESIAN_POINT('',(-9.99094510179566,24.5725114268826,56.4915413594863));
#5603=CARTESIAN_POINT('',(-9.99094510179566,31.1259448909332,44.2149534741839));
#5604=CARTESIAN_POINT('',(-9.99094510179566,-7.54580251415973,83.9491442884864));
#5605=CARTESIAN_POINT('',(-9.99093233039821,-7.55869107346371,83.944485518201));
#5606=CARTESIAN_POINT('',(-9.98870026482109,-7.58521067722177,83.9348995948094));
#5607=CARTESIAN_POINT('',(-9.97822998994889,-7.62477635399046,83.9205979652797));
#5608=CARTESIAN_POINT('',(-9.96003872741858,-7.66351598860638,83.9065949215947));
#5609=CARTESIAN_POINT('',(-9.93425042156741,-7.69938049559278,83.8936311374782));
#5610=CARTESIAN_POINT('',(-9.90178243671835,-7.73041967945392,83.8824115415337));
#5611=CARTESIAN_POINT('',(-9.86424192895356,-7.755088306978,83.8734946822842));
#5612=CARTESIAN_POINT('',(-9.82367120227354,-7.77250022428052,83.8672008738322));
#5613=CARTESIAN_POINT('',(-9.78222579310022,-7.78251461821128,83.8635810153392));
#5614=CARTESIAN_POINT('',(-9.75443716228983,-7.7846696964225,83.862802028787));
#5615=CARTESIAN_POINT('',(-9.74094510179566,-7.7846696964225,83.862802028787));
#5616=CARTESIAN_POINT('',(-9.99094510179566,-2.85236580250785,56.4915413594863));
#5617=CARTESIAN_POINT('',(-9.99095492464039,-2.8637305882803,56.4780691107699));
#5618=CARTESIAN_POINT('',(-9.98871600634448,-2.8869741430608,56.4505153180726));
#5619=CARTESIAN_POINT('',(-9.97837938683006,-2.92170808345691,56.409340385886));
#5620=CARTESIAN_POINT('',(-9.96039383809693,-2.95573878668802,56.3689990977255));
#5621=CARTESIAN_POINT('',(-9.9348645144164,-2.98732248305168,56.3315585844211));
#5622=CARTESIAN_POINT('',(-9.90260907682023,-3.01477722747222,56.2990126875811));
#5623=CARTESIAN_POINT('',(-9.86512426182162,-3.03672724571152,56.2729923022744));
#5624=CARTESIAN_POINT('',(-9.82438490065761,-3.05231457332411,56.2545144920769));
#5625=CARTESIAN_POINT('',(-9.7826058719329,-3.0613152525948,56.2438447450077));
#5626=CARTESIAN_POINT('',(-9.75446715210273,-3.06325831967115,56.2415413594863));
#5627=CARTESIAN_POINT('',(-9.74094510179566,-3.06325831967115,56.2415413594863));
#5628=CARTESIAN_POINT('',(-9.99094510179566,-7.54580251415973,83.9491442884864));
#5629=CARTESIAN_POINT('',(-9.99094510179566,-2.85236580250785,56.4915413594863));
#5630=CARTESIAN_POINT('',(-9.74094510179566,-22.2817303950724,108.925643564478));
#5631=CARTESIAN_POINT('',(-9.75456792348632,-22.2817303950724,108.925643564478));
#5632=CARTESIAN_POINT('',(-9.78382863581646,-22.2774507516842,108.923175016727));
#5633=CARTESIAN_POINT('',(-9.82621721928444,-22.2581307574874,108.912031020831));
#5634=CARTESIAN_POINT('',(-9.86683484786045,-22.2254851901162,108.893200680395));
#5635=CARTESIAN_POINT('',(-9.90383977579768,-22.1802466203008,108.867106550679));
#5636=CARTESIAN_POINT('',(-9.93560113060812,-22.1240638287272,108.834699667354));
#5637=CARTESIAN_POINT('',(-9.9607566268096,-22.0595726866086,108.797500431465));
#5638=CARTESIAN_POINT('',(-9.97851623406677,-21.9900882217371,108.757420989317));
#5639=CARTESIAN_POINT('',(-9.98872926138574,-21.9191055155388,108.716477344286));
#5640=CARTESIAN_POINT('',(-9.99097551688828,-21.8716439953532,108.689100991069));
#5641=CARTESIAN_POINT('',(-9.99094510179566,-21.8483132792971,108.675643564486));
#5642=CARTESIAN_POINT('',(-9.99094510179566,-21.8483132792971,108.675643564486));
#5643=CARTESIAN_POINT('',(-9.99094510179566,-7.54580251415973,83.9491442884864));
#5644=CARTESIAN_POINT('',(-9.99094510179566,5.24556502865016,91.1990837961894));
#5645=CARTESIAN_POINT('',(-9.99094510179566,-5.16496616169024,108.675643564478));
#5646=CARTESIAN_POINT('',(-9.99094510179566,5.24556502865016,91.1990837961894));
#5647=CARTESIAN_POINT('',(-9.99096002487568,5.25024340411619,91.2175476731209));
#5648=CARTESIAN_POINT('',(-9.98871938302909,5.25979892788018,91.2552599123956));
#5649=CARTESIAN_POINT('',(-9.97841322881868,5.27408192646908,91.311629806256));
#5650=CARTESIAN_POINT('',(-9.96048004514159,5.28807473268535,91.3668544144093));
#5651=CARTESIAN_POINT('',(-9.93502871299279,5.3010650858705,91.4181226985675));
#5652=CARTESIAN_POINT('',(-9.90285836532348,5.312367268456,91.4627283763293));
#5653=CARTESIAN_POINT('',(-9.86542740123332,5.3214197583693,91.4984553206705));
#5654=CARTESIAN_POINT('',(-9.82466060443039,5.32786544119153,91.5238941284733));
#5655=CARTESIAN_POINT('',(-9.78276487760741,5.33159689733293,91.538620853029));
#5656=CARTESIAN_POINT('',(-9.7544798618037,5.33240412075975,91.5418066756174));
#5657=CARTESIAN_POINT('',(-9.74094510179566,5.33240412075975,91.5418066756174));
#5658=CARTESIAN_POINT('',(-9.99094510179566,13.6161063090694,96.1852928805383));
#5659=CARTESIAN_POINT('',(-9.99094510179566,5.24556502865016,91.1990837961894));
#5660=CARTESIAN_POINT('',(-9.74094510179566,0.426910563954152,117.838000874435));
#5661=CARTESIAN_POINT('',(-9.75445000462059,0.426910563954152,117.838000874435));
#5662=CARTESIAN_POINT('',(-9.78238937095011,0.428203948373266,117.840276793577));
#5663=CARTESIAN_POINT('',(-9.82398820942035,0.434207894479187,117.850841708088));
#5664=CARTESIAN_POINT('',(-9.8646524785363,0.444633738414268,117.869187667351));
#5665=CARTESIAN_POINT('',(-9.9021873806887,0.459368859716051,117.895116497191));
#5666=CARTESIAN_POINT('',(-9.9345657160884,0.477857085985306,117.927649522535));
#5667=CARTESIAN_POINT('',(-9.96022792400981,0.499168163180002,117.965149810731));
#5668=CARTESIAN_POINT('',(-9.97831168715857,0.522151790231874,118.00559322106));
#5669=CARTESIAN_POINT('',(-9.98870904649084,0.545612927337061,118.046876887533));
#5670=CARTESIAN_POINT('',(-9.99094470341151,0.561322845311224,118.074521029906));
#5671=CARTESIAN_POINT('',(-9.99094510179566,0.568983319957624,118.088000874439));
#5672=CARTESIAN_POINT('',(-9.99094510179566,13.6161063090694,96.1852928805383));
#5673=CARTESIAN_POINT('',(-9.99096002487568,13.5976424321379,96.1899712560044));
#5674=CARTESIAN_POINT('',(-9.98871938302909,13.5599301928669,96.1995267797865));
#5675=CARTESIAN_POINT('',(-9.97841322881868,13.5035602989992,96.21380977835));
#5676=CARTESIAN_POINT('',(-9.96048004514159,13.4483356908531,96.2278025845735));
#5677=CARTESIAN_POINT('',(-9.93502871299643,13.397067406695,96.2407929377623));
#5678=CARTESIAN_POINT('',(-9.90285836531621,13.3524617289368,96.2520951203478));
#5679=CARTESIAN_POINT('',(-9.86542740123696,13.316734784592,96.261147610272));
#5680=CARTESIAN_POINT('',(-9.82466060442675,13.2912959768073,96.2675932930724));
#5681=CARTESIAN_POINT('',(-9.78276487760377,13.2765692522444,96.2713247492065));
#5682=CARTESIAN_POINT('',(-9.7544798618037,13.273383429645,96.2721319726406));
#5683=CARTESIAN_POINT('',(-9.74094510179566,13.273383429645,96.2721319726406));
#5684=CARTESIAN_POINT('',(-9.99094510179566,0.568983319957624,118.088000874439));
#5685=CARTESIAN_POINT('',(-9.99094510179566,13.6161063090694,96.1852928805383));
#5686=CARTESIAN_POINT('',(-9.99094510179566,-38.3191966236045,118.088000874435));
#5687=CARTESIAN_POINT('',(-9.99093937654106,-38.3134624446684,118.074517008132));
#5688=CARTESIAN_POINT('',(-9.98870531464127,-38.3016861500291,118.04682516522));
#5689=CARTESIAN_POINT('',(-9.97827647743907,-38.2841063675733,118.005486476777));
#5690=CARTESIAN_POINT('',(-9.96014495014606,-38.2668874906703,117.964996454335));
#5691=CARTESIAN_POINT('',(-9.9344242629777,-38.2509316700816,117.927476496461));
#5692=CARTESIAN_POINT('',(-9.90200094208194,-38.2371039412574,117.894960725971));
#5693=CARTESIAN_POINT('',(-9.86445866798385,-38.2260979648272,117.869080278822));
#5694=CARTESIAN_POINT('',(-9.82383551872772,-38.2183203773457,117.850791357119));
#5695=CARTESIAN_POINT('',(-9.78230959206485,-38.2138446839163,117.840266807252));
#5696=CARTESIAN_POINT('',(-9.75444372943457,-38.2128810682843,117.838000874435));
#5697=CARTESIAN_POINT('',(-9.74094510179566,-38.2128810682843,117.838000874435));
#5698=CARTESIAN_POINT('',(-9.99094510179566,-57.920004647196,97.7365087956532));
#5699=CARTESIAN_POINT('',(-9.99094510179566,-38.3191966236045,118.088000874435));
#5700=CARTESIAN_POINT('',(-9.74094510179566,36.0932623609879,41.2358306970928));
#5701=CARTESIAN_POINT('',(-9.75455805228921,36.0932623609879,41.2358306970928));
#5702=CARTESIAN_POINT('',(-9.78371290314681,36.0891735674631,41.2382829297021));
#5703=CARTESIAN_POINT('',(-9.82606905629655,36.0706543489541,41.249389734563));
#5704=CARTESIAN_POINT('',(-9.8667195740527,36.0392823025068,41.2682049559589));
#5705=CARTESIAN_POINT('',(-9.90376847624066,35.9957639562999,41.2943048574307));
#5706=CARTESIAN_POINT('',(-9.93556303263176,35.9417056721868,41.326726031697));
#5707=CARTESIAN_POINT('',(-9.96073926757526,35.87965480407,41.3639407166411));
#5708=CARTESIAN_POINT('',(-9.97851000435912,35.8128045258454,41.4040338227678));
#5709=CARTESIAN_POINT('',(-9.98872868036051,35.7445179782517,41.4449883239504));
#5710=CARTESIAN_POINT('',(-9.99097458108736,35.6988580788384,41.472372610795));
#5711=CARTESIAN_POINT('',(-9.99094510179566,35.6764183903215,41.4858306970928));
#5712=CARTESIAN_POINT('',(-9.74094510179566,26.3592247936976,59.4706641365774));
#5713=CARTESIAN_POINT('',(-9.75445162647884,26.3592247936976,59.4706641365774));
#5714=CARTESIAN_POINT('',(-9.7824099430145,26.3578582716727,59.4683856306947));
#5715=CARTESIAN_POINT('',(-9.8240270018905,26.3515158682603,59.4578104602115));
#5716=CARTESIAN_POINT('',(-9.86470059523708,26.3405046267108,59.4394505815799));
#5717=CARTESIAN_POINT('',(-9.90223242107459,26.3249473454744,59.4135107461007));
#5718=CARTESIAN_POINT('',(-9.93459898974834,26.3054339926457,59.3809746521547));
#5719=CARTESIAN_POINT('',(-9.96024701273927,26.2829466615112,59.3434798185917));
#5720=CARTESIAN_POINT('',(-9.97831965607475,26.2586976250095,59.3030475599262));
#5721=CARTESIAN_POINT('',(-9.98870988028648,26.2339455173969,59.2617764926472));
#5722=CARTESIAN_POINT('',(-9.99094590793538,26.2173725207249,59.2341430777014));
#5723=CARTESIAN_POINT('',(-9.99094510179566,26.2092885959937,59.2206641365774));
#5724=CARTESIAN_POINT('',(-9.99094510179566,35.6764183903215,41.4858306970928));
#5725=CARTESIAN_POINT('',(-9.99094510179566,26.2092885959937,59.2206641365774));
#5726=CARTESIAN_POINT('',(-9.99094510179566,30.8441958489311,12.4195494581472));
#5727=CARTESIAN_POINT('',(-9.99094510179566,18.0794927657807,24.7333498000808));
#5728=CARTESIAN_POINT('',(-9.74094510179566,-40.025476432038,21.1738274631789));
#5729=CARTESIAN_POINT('',(-9.75444288251674,-40.025476432038,21.1738274631789));
#5730=CARTESIAN_POINT('',(-9.78229880271465,-40.0245658711465,21.1760920508968));
#5731=CARTESIAN_POINT('',(-9.82381459055614,-40.020336312271,21.1866110693154));
#5732=CARTESIAN_POINT('',(-9.86443154232256,-40.0129858351575,21.2048918894179));
#5733=CARTESIAN_POINT('',(-9.90197418778189,-40.0025825837402,21.2307650352741));
#5734=CARTESIAN_POINT('',(-9.93440345676572,-39.989509663741,21.2632777135659));
#5735=CARTESIAN_POINT('',(-9.96013248948293,-39.9744224165406,21.3008000739792));
#5736=CARTESIAN_POINT('',(-9.97827110778962,-39.9581392034415,21.3412968313351));
#5737=CARTESIAN_POINT('',(-9.98870473856368,-39.9415141244317,21.3826438177857));
#5738=CARTESIAN_POINT('',(-9.99093856344552,-39.9303766562225,21.4103429791721));
#5739=CARTESIAN_POINT('',(-9.99094510179566,-39.9249547226864,21.4238274631789));
#5740=CARTESIAN_POINT('',(-9.99094510179566,-39.9249547226864,21.4238274631789));
#5741=CARTESIAN_POINT('',(-9.99094510179566,-30.5382734907616,12.4195494581509));
#5742=CARTESIAN_POINT('',(-9.74094510179566,-51.2276116796638,130.423625593954));
#5743=CARTESIAN_POINT('',(-9.74094510179241,-51.2276116796641,119.611270457568));
#5744=CARTESIAN_POINT('',(-9.74094510179566,-40.4152565432814,119.611270457568));
#5745=CARTESIAN_POINT('',(-9.74094510179241,-29.6029014068958,119.611270457568));
#5746=CARTESIAN_POINT('',(-9.74094510179566,-29.6029014068954,130.423625593954));
#5747=CARTESIAN_POINT('',(-9.74094510179566,-51.2276116796638,130.423625593958));
#5748=CARTESIAN_POINT('',(-9.9909451017936,-51.2276116800379,130.42362559396));
#5749=CARTESIAN_POINT('',(-9.99094510179566,-51.4776116800385,130.423625593958));
#5750=CARTESIAN_POINT('',(-9.99094510179566,-51.4776116800385,130.423625593954));
#5751=CARTESIAN_POINT('',(-9.99094510179748,-51.4974749833018,127.524247315294));
#5752=CARTESIAN_POINT('',(-9.99094510179383,-49.0734645986485,121.765417538718));
#5753=CARTESIAN_POINT('',(-9.9909451017993,-43.3146348219088,119.341407154254));
#5754=CARTESIAN_POINT('',(-9.99094510179566,-40.4152565432778,119.361270456819));
#5755=CARTESIAN_POINT('',(-9.99094510179383,-37.5158782646285,119.341407154494));
#5756=CARTESIAN_POINT('',(-9.99094510179383,-31.7570484880343,121.76541753807));
#5757=CARTESIAN_POINT('',(-9.99094510179748,-29.333038103614,127.524247315516));
#5758=CARTESIAN_POINT('',(-9.99094510179566,-29.352901406146,130.423625593958));
#5759=CARTESIAN_POINT('',(-7.99094510179566,-29.6029014068954,130.423625593954));
#5760=CARTESIAN_POINT('',(-9.74094510179566,-29.6029014068954,130.423625593954));
#5761=CARTESIAN_POINT('',(-7.99094510179566,-29.6029014068954,130.423625593954));
#5762=CARTESIAN_POINT('',(-7.99094510179405,-29.6029014068958,119.611270457568));
#5763=CARTESIAN_POINT('',(-7.99094510179566,-40.4152565432814,119.611270457568));
#5764=CARTESIAN_POINT('',(-7.99094510179405,-51.2276116796641,119.611270457568));
#5765=CARTESIAN_POINT('',(-7.99094510179566,-51.2276116796638,130.423625593954));
#5766=CARTESIAN_POINT('',(-9.74094510179566,-29.6029014068954,130.423625593954));
#5767=CARTESIAN_POINT('',(-9.74094510179241,-29.6029014068958,141.235980730341));
#5768=CARTESIAN_POINT('',(-9.74094510179566,-40.4152565432814,141.23598073034));
#5769=CARTESIAN_POINT('',(-9.74094510179241,-51.2276116796641,141.235980730341));
#5770=CARTESIAN_POINT('',(-9.74094510179566,-51.2276116796638,130.423625593954));
#5771=CARTESIAN_POINT('',(-9.74094510179566,-29.6029014068954,130.423625593954));
#5772=CARTESIAN_POINT('',(-9.9909451017936,-29.6029014061429,130.423625593954));
#5773=CARTESIAN_POINT('',(-9.99094510179566,-29.352901406146,130.423625593958));
#5774=CARTESIAN_POINT('',(-9.99094510179566,-29.352901406146,130.423625593958));
#5775=CARTESIAN_POINT('',(-9.99094510179932,-29.3330381036285,133.323003872363));
#5776=CARTESIAN_POINT('',(-9.99094510178839,-31.7570484880453,139.08183364982));
#5777=CARTESIAN_POINT('',(-9.99094510179566,-37.5158782646395,141.505844033425));
#5778=CARTESIAN_POINT('',(-9.99094510179566,-40.4152565432814,141.48598073109));
#5779=CARTESIAN_POINT('',(-9.99094510179202,-43.3146348217124,141.505844033603));
#5780=CARTESIAN_POINT('',(-9.99094510179382,-49.0734645991505,139.081833649197));
#5781=CARTESIAN_POINT('',(-9.9909451017993,-51.4974749827306,133.323003872592));
#5782=CARTESIAN_POINT('',(-9.99094510179566,-51.4776116800385,130.423625593954));
#5783=CARTESIAN_POINT('',(-7.99094510179566,-229.897431073681,100.768960491045));
#5784=CARTESIAN_POINT('',(-7.99094510179566,-160.710411302909,63.4800279768097));
#5785=CARTESIAN_POINT('',(-7.99094510179566,-123.675268303727,57.28859048706));
#5786=CARTESIAN_POINT('',(-7.99094510179566,-176.786349688708,3.81355652900675));
#5787=CARTESIAN_POINT('',(-9.99094510179566,266.285206493053,164.193142190643));
#5788=CARTESIAN_POINT('',(-7.99094510179566,-192.862288074502,63.4800279768097));
#5789=CARTESIAN_POINT('',(-7.99094510179566,-192.862288074502,157.799600482169));
#5790=CARTESIAN_POINT('',(-7.99094510179566,-160.710411302909,157.799600482169));
#5791=CARTESIAN_POINT('',(-7.99094510179566,-123.675268303727,100.768960491045));
#5792=CARTESIAN_POINT('',(-7.99094510179566,-229.897431073681,57.28859048706));
#5793=CARTESIAN_POINT('',(-9.99094510179566,-229.647431073681,52.28859048706));
#5794=CARTESIAN_POINT('',(-9.99094510179438,-229.897431073678,52.2885904870558));
#5795=CARTESIAN_POINT('',(-9.74094510179566,-229.897431073681,52.2885904870636));
#5796=CARTESIAN_POINT('',(-9.99094510179566,-229.647431073685,105.768960491045));
#5797=CARTESIAN_POINT('',(-9.99094510179438,-229.897431073683,105.768960491044));
#5798=CARTESIAN_POINT('',(-9.74094510179566,-229.897431073681,105.768960491041));
#5799=CARTESIAN_POINT('',(-9.99094510179566,-123.925268303727,105.768960491045));
#5800=CARTESIAN_POINT('',(-9.99094510179148,-123.675268303731,105.768960491043));
#5801=CARTESIAN_POINT('',(-9.74094510179566,-123.67526830373,105.768960491041));
#5802=CARTESIAN_POINT('',(-9.99094510179566,-123.925268303727,52.28859048706));
#5803=CARTESIAN_POINT('',(-9.99094510179438,-123.675268303728,52.2885904870558));
#5804=CARTESIAN_POINT('',(-9.74094510179566,-123.675268303727,52.28859048706));
#5805=CARTESIAN_POINT('',(-9.99094510179566,-160.960411302913,162.799600482169));
#5806=CARTESIAN_POINT('',(-9.99094510180243,-160.710411302909,162.799600482166));
#5807=CARTESIAN_POINT('',(-9.74094510179566,-160.710411302909,162.799600482173));
#5808=CARTESIAN_POINT('',(-9.99094510179566,-160.960411302909,58.4800279768097));
#5809=CARTESIAN_POINT('',(-9.99094510179696,-160.710411302911,58.4800279768101));
#5810=CARTESIAN_POINT('',(-9.74094510179566,-160.710411302909,58.4800279768097));
#5811=CARTESIAN_POINT('',(-9.99094510179566,-197.862288074502,157.549600482165));
#5812=CARTESIAN_POINT('',(-9.99094510179762,-197.862288074502,157.799600482164));
#5813=CARTESIAN_POINT('',(-9.74094510179566,-197.862288074502,157.799600482173));
#5814=CARTESIAN_POINT('',(-9.99094510179566,-155.710411302909,157.549600482173));
#5815=CARTESIAN_POINT('',(-9.99094510179438,-155.710411302907,157.799600482175));
#5816=CARTESIAN_POINT('',(-9.74094510179566,-155.710411302913,157.799600482173));
#5817=CARTESIAN_POINT('',(-9.99094510179566,-192.612288074502,58.4800279768097));
#5818=CARTESIAN_POINT('',(-9.99094510179438,-192.8622880745,58.4800279768046));
#5819=CARTESIAN_POINT('',(-9.74094510179566,-192.862288074502,58.480027976806));
#5820=CARTESIAN_POINT('',(-9.99094510179566,-192.612288074502,162.849600482168));
#5821=CARTESIAN_POINT('',(-9.99094510179438,-192.8622880745,162.849600482164));
#5822=CARTESIAN_POINT('',(-9.74094510179566,-192.862288074502,162.849600482165));
#5823=CARTESIAN_POINT('',(-9.74094510179566,-189.33884726396,59.9324421984784));
#5824=CARTESIAN_POINT('',(-9.99094510179673,-189.338847263956,59.9324421984785));
#5825=CARTESIAN_POINT('',(-9.99094510179566,-189.516226552874,59.7562701579554));
#5826=CARTESIAN_POINT('',(-9.74094510179566,-233.420871884227,104.316546269369));
#5827=CARTESIAN_POINT('',(-9.99094510179359,-233.420871884218,104.316546269376));
#5828=CARTESIAN_POINT('',(-9.99094510179566,-233.598251173142,104.140374228846));
#5829=CARTESIAN_POINT('',(-9.74094510179566,-120.15182749318,104.31654626938));
#5830=CARTESIAN_POINT('',(-9.99094510179471,-120.151827493179,104.31654626938));
#5831=CARTESIAN_POINT('',(-9.99094510179566,-119.974448204266,104.140374228846));
#5832=CARTESIAN_POINT('',(-9.74094510179566,-164.269086521559,59.8969663406933));
#5833=CARTESIAN_POINT('',(-9.99094510180027,-164.269086521563,59.8969663406972));
#5834=CARTESIAN_POINT('',(-9.99094510179566,-164.091707232641,59.7207943001704));
#5835=CARTESIAN_POINT('',(-9.74094510179566,-180.345024907358,0.230494892894058));
#5836=CARTESIAN_POINT('',(-9.99094510180022,-180.345024907357,0.230494892891608));
#5837=CARTESIAN_POINT('',(-9.99094510179566,-180.522404196272,0.406666933424276));
#5838=CARTESIAN_POINT('',(-9.74094510179566,-120.15182749318,60.8361762653949));
#5839=CARTESIAN_POINT('',(-9.9909451017992,-120.15182749318,60.8361762653988));
#5840=CARTESIAN_POINT('',(-9.99094510179566,-120.329206782098,61.0123483059178));
#5841=CARTESIAN_POINT('',(-9.74094510179566,-233.420871884227,60.8361762653913));
#5842=CARTESIAN_POINT('',(-9.99094510179617,-233.420871884234,60.8361762653853));
#5843=CARTESIAN_POINT('',(-9.99094510179566,-233.243492595313,61.0123483059142));
#5844=CARTESIAN_POINT('',(-9.74094510179566,-173.262908878161,0.265970750671841));
#5845=CARTESIAN_POINT('',(-9.99094510179879,-173.262908878156,0.2659707506761));
#5846=CARTESIAN_POINT('',(-9.99094510179566,-173.085529589247,0.442142791205697));
#5847=CARTESIAN_POINT('',(-7.99094510179566,-229.897431073681,100.768960491045));
#5848=CARTESIAN_POINT('',(-7.99094510179566,-192.862288074502,63.4800279768097));
#5849=CARTESIAN_POINT('',(-7.99094510179566,-192.862288074502,157.799600482169));
#5850=CARTESIAN_POINT('',(-7.99094510179566,-160.710411302909,157.799600482169));
#5851=CARTESIAN_POINT('',(-7.99094510179566,-160.710411302909,63.4800279768097));
#5852=CARTESIAN_POINT('',(-7.99094510179566,-123.675268303727,100.768960491045));
#5853=CARTESIAN_POINT('',(-7.99094510179566,-123.675268303727,57.28859048706));
#5854=CARTESIAN_POINT('',(-7.99094510179566,-176.786349688708,3.81355652900675));
#5855=CARTESIAN_POINT('',(-7.99094510179566,-229.897431073681,57.28859048706));
#5856=CARTESIAN_POINT('',(-9.99094510179566,-229.647431073685,57.3916441709371));
#5857=CARTESIAN_POINT('',(-9.99094510179566,-229.647431073685,100.162480473504));
#5858=CARTESIAN_POINT('',(-9.99094510179566,-123.92526830373,100.1624804735));
#5859=CARTESIAN_POINT('',(-9.99094510179566,-160.960411302913,62.8735479592688));
#5860=CARTESIAN_POINT('',(-9.99094510179566,-176.786349688708,4.16832337971573));
#5861=CARTESIAN_POINT('',(-9.99094510179566,-123.925268303734,57.3916441709262));
#5862=CARTESIAN_POINT('',(-9.99094510179566,-192.612288074502,62.8735479592797));
#5863=CARTESIAN_POINT('',(-9.99094510179566,-192.612288074502,157.549600482173));
#5864=CARTESIAN_POINT('',(-9.99094510179566,-160.960411302909,157.549600482173));
#5865=CARTESIAN_POINT('',(-9.74094510179566,-192.862288074502,63.4800279768097));
#5866=CARTESIAN_POINT('',(-9.74094510179566,-229.897431073681,100.768960491045));
#5867=CARTESIAN_POINT('',(-9.74094510179566,-192.862288074502,157.799600482173));
#5868=CARTESIAN_POINT('',(-9.74094510179566,-160.710411302909,157.799600482176));
#5869=CARTESIAN_POINT('',(-9.74094510179566,-160.710411302909,63.4800279768097));
#5870=CARTESIAN_POINT('',(-9.74094510179566,-123.675268303727,100.768960491045));
#5871=CARTESIAN_POINT('',(-9.74094510179566,-123.675268303727,57.28859048706));
#5872=CARTESIAN_POINT('',(-9.74094510179566,-176.786349688708,3.81355652901038));
#5873=CARTESIAN_POINT('',(-9.74094510179566,-229.897431073681,57.28859048706));
#5874=CARTESIAN_POINT('',(-7.99094510179566,-229.897431073681,100.768960491045));
#5875=CARTESIAN_POINT('',(-7.99094510179566,-192.862288074502,63.4800279768097));
#5876=CARTESIAN_POINT('',(-7.99094510179566,-192.862288074502,63.4800279768097));
#5877=CARTESIAN_POINT('',(-9.74094510179566,-192.862288074502,63.4800279768097));
#5878=CARTESIAN_POINT('',(-7.99094510179566,-229.897431073681,100.768960491045));
#5879=CARTESIAN_POINT('',(-9.74094510179566,-229.897431073681,100.768960491045));
#5880=CARTESIAN_POINT('',(-7.99094510179566,-192.862288074502,63.4800279768097));
#5881=CARTESIAN_POINT('',(-7.99094510179566,-192.862288074502,157.799600482169));
#5882=CARTESIAN_POINT('',(-7.99094510179566,-192.862288074502,157.799600482169));
#5883=CARTESIAN_POINT('',(-9.74094510179566,-192.862288074502,157.799600482173));
#5884=CARTESIAN_POINT('',(-7.99094510179566,-192.862288074502,157.799600482169));
#5885=CARTESIAN_POINT('',(-7.99094510179566,-176.786349688708,157.799600482169));
#5886=CARTESIAN_POINT('',(-7.99094510179566,-160.710411302909,157.799600482169));
#5887=CARTESIAN_POINT('',(-7.99094510179566,-160.710411302909,157.799600482169));
#5888=CARTESIAN_POINT('',(-9.74094510179566,-160.710411302909,157.799600482176));
#5889=CARTESIAN_POINT('',(-7.99094510179566,-160.710411302909,157.799600482169));
#5890=CARTESIAN_POINT('',(-7.99094510179566,-160.710411302909,63.4800279768097));
#5891=CARTESIAN_POINT('',(-7.99094510179566,-160.710411302909,63.4800279768097));
#5892=CARTESIAN_POINT('',(-9.74094510179566,-160.710411302909,63.4800279768097));
#5893=CARTESIAN_POINT('',(-7.99094510179566,-160.710411302909,63.4800279768097));
#5894=CARTESIAN_POINT('',(-7.99094510179566,-123.675268303727,100.768960491045));
#5895=CARTESIAN_POINT('',(-7.99094510179566,-123.675268303727,100.768960491045));
#5896=CARTESIAN_POINT('',(-9.74094510179566,-123.675268303727,100.768960491045));
#5897=CARTESIAN_POINT('',(-7.99094510179566,-123.675268303727,100.768960491045));
#5898=CARTESIAN_POINT('',(-7.99094510179566,-123.675268303727,57.28859048706));
#5899=CARTESIAN_POINT('',(-7.99094510179566,-123.675268303727,57.28859048706));
#5900=CARTESIAN_POINT('',(-9.74094510179566,-123.675268303727,57.28859048706));
#5901=CARTESIAN_POINT('',(-7.99094510179566,-123.675268303727,57.28859048706));
#5902=CARTESIAN_POINT('',(-7.99094510179566,-176.786349688708,3.81355652900675));
#5903=CARTESIAN_POINT('',(-7.99094510179566,-176.786349688708,3.81355652900675));
#5904=CARTESIAN_POINT('',(-9.74094510179566,-176.786349688708,3.81355652901038));
#5905=CARTESIAN_POINT('',(-7.99094510179566,-176.786349688708,3.81355652900675));
#5906=CARTESIAN_POINT('',(-7.99094510179566,-229.897431073681,57.28859048706));
#5907=CARTESIAN_POINT('',(-7.99094510179566,-229.897431073681,57.28859048706));
#5908=CARTESIAN_POINT('',(-9.74094510179566,-229.897431073681,57.28859048706));
#5909=CARTESIAN_POINT('',(-7.99094510179566,-229.897431073681,57.28859048706));
#5910=CARTESIAN_POINT('',(-7.99094510179566,-229.897431073681,100.768960491045));
#5911=CARTESIAN_POINT('',(-9.99094510179566,-229.647431073685,57.3916441709371));
#5912=CARTESIAN_POINT('',(-9.99094510179566,-229.647431073685,100.162480473504));
#5913=CARTESIAN_POINT('',(-9.99094510179566,-192.612288074502,157.549600482173));
#5914=CARTESIAN_POINT('',(-9.99094510179566,-160.960411302909,157.549600482173));
#5915=CARTESIAN_POINT('',(-9.99094510179566,-123.92526830373,100.1624804735));
#5916=CARTESIAN_POINT('',(-9.99094510179566,-123.925268303734,57.3916441709262));
#5917=CARTESIAN_POINT('',(-9.99094510179566,-192.612288074502,62.8735479592797));
#5918=CARTESIAN_POINT('',(-9.99094510179566,-192.612288074502,157.549600482173));
#5919=CARTESIAN_POINT('',(-9.99094510179566,-160.960411302909,157.549600482173));
#5920=CARTESIAN_POINT('',(-9.99094510179566,-160.960411302913,62.8735479592688));
#5921=CARTESIAN_POINT('',(-9.74094510179566,-192.862288074502,63.4800279768097));
#5922=CARTESIAN_POINT('',(-9.74094510179566,-229.897431073681,100.768960491045));
#5923=CARTESIAN_POINT('',(-9.74094510179566,-192.862288074502,63.4800279768097));
#5924=CARTESIAN_POINT('',(-9.74094510179566,-192.862288074502,157.799600482173));
#5925=CARTESIAN_POINT('',(-9.74094510179566,-160.710411302909,157.799600482176));
#5926=CARTESIAN_POINT('',(-9.74094510179566,-160.710411302909,63.4800279768097));
#5927=CARTESIAN_POINT('',(-9.74094510179566,-123.675268303727,100.768960491045));
#5928=CARTESIAN_POINT('',(-9.74094510179566,-160.710411302909,63.4800279768097));
#5929=CARTESIAN_POINT('',(-9.74094510179566,-123.675268303727,100.768960491045));
#5930=CARTESIAN_POINT('',(-9.74094510179566,-123.675268303727,57.28859048706));
#5931=CARTESIAN_POINT('',(-9.74094510179566,-176.786349688708,3.81355652901038));
#5932=CARTESIAN_POINT('',(-9.74094510179566,-123.675268303727,57.28859048706));
#5933=CARTESIAN_POINT('',(-9.74094510179566,-229.897431073681,57.28859048706));
#5934=CARTESIAN_POINT('',(-9.74094510179566,-176.786349688708,3.81355652901038));
#5935=CARTESIAN_POINT('',(-9.74094510179566,-229.897431073681,57.28859048706));
#5936=CARTESIAN_POINT('',(-9.74094510179566,-229.897431073681,100.768960491045));
#5937=CARTESIAN_POINT('',(-9.99094510179566,-229.647431073685,100.162480473504));
#5938=CARTESIAN_POINT('',(-9.99098213101388,-229.66088387496,100.195115894116));
#5939=CARTESIAN_POINT('',(-9.98873331629511,-229.688204496517,100.261393538283));
#5940=CARTESIAN_POINT('',(-9.97856027382295,-229.729070512112,100.360531225699));
#5941=CARTESIAN_POINT('',(-9.96088186130146,-229.769048165006,100.457513816229));
#5942=CARTESIAN_POINT('',(-9.93588493997595,-229.806123176193,100.547454829964));
#5943=CARTESIAN_POINT('',(-9.9044019087487,-229.838393814898,100.625740820062));
#5944=CARTESIAN_POINT('',(-9.86782562609733,-229.864388377049,100.688801550121));
#5945=CARTESIAN_POINT('',(-9.82768992523415,-229.883265383305,100.734595658443));
#5946=CARTESIAN_POINT('',(-9.78521804924094,-229.894757977883,100.762475774296));
#5947=CARTESIAN_POINT('',(-9.75469336886454,-229.897431073681,100.768960491045));
#5948=CARTESIAN_POINT('',(-9.74094510179566,-229.897431073681,100.768960491045));
#5949=CARTESIAN_POINT('',(-9.99094510179566,-123.925268303734,57.3916441709262));
#5950=CARTESIAN_POINT('',(-9.99093891626399,-123.911784087883,57.3860857784566));
#5951=CARTESIAN_POINT('',(-9.98870498874385,-123.884088103339,57.3746690855223));
#5952=CARTESIAN_POINT('',(-9.97827343762401,-123.842744714279,57.3576267313438));
#5953=CARTESIAN_POINT('',(-9.960137889826,-123.802250867157,57.3409345708606));
#5954=CARTESIAN_POINT('',(-9.93441246023576,-123.764729530732,57.3254677230834));
#5955=CARTESIAN_POINT('',(-9.90198574458555,-123.732215497388,57.3120649594384));
#5956=CARTESIAN_POINT('',(-9.86444323891919,-123.706339187003,57.3013983630044));
#5957=CARTESIAN_POINT('',(-9.8238236017678,-123.688054870021,57.2938612980979));
#5958=CARTESIAN_POINT('',(-9.78230344414624,-123.677533469938,57.2895242219565));
#5959=CARTESIAN_POINT('',(-9.75444324679847,-123.675268303727,57.28859048706));
#5960=CARTESIAN_POINT('',(-9.74094510179566,-123.675268303727,57.28859048706));
#5961=CARTESIAN_POINT('',(-9.99094510179566,-160.960411302913,62.8735479592688));
#5962=CARTESIAN_POINT('',(-9.99098213101388,-160.946958501641,62.9061833798805));
#5963=CARTESIAN_POINT('',(-9.98873331629511,-160.919637880077,62.9724610240555));
#5964=CARTESIAN_POINT('',(-9.97856027382295,-160.878771864489,63.0715987114527));
#5965=CARTESIAN_POINT('',(-9.9608818613051,-160.838794211584,63.168581301994));
#5966=CARTESIAN_POINT('',(-9.93588493997231,-160.801719200397,63.2585223157221));
#5967=CARTESIAN_POINT('',(-9.90440190875597,-160.769448561703,63.3368083058231));
#5968=CARTESIAN_POINT('',(-9.86782562609005,-160.743453999545,63.3998690358603));
#5969=CARTESIAN_POINT('',(-9.82768992524143,-160.724576993296,63.4456631442081));
#5970=CARTESIAN_POINT('',(-9.78521804924094,-160.713084398707,63.4735432600464));
#5971=CARTESIAN_POINT('',(-9.75469336886454,-160.710411302909,63.4800279768097));
#5972=CARTESIAN_POINT('',(-9.74094510179566,-160.710411302909,63.4800279768097));
#5973=CARTESIAN_POINT('',(-9.99094510179566,-160.960411302909,157.549600482173));
#5974=CARTESIAN_POINT('',(-9.99096002487568,-160.94694278502,157.563069000069));
#5975=CARTESIAN_POINT('',(-9.98871938302909,-160.919433504539,157.590578280553));
#5976=CARTESIAN_POINT('',(-9.97841322881868,-160.878314354595,157.631697430483));
#5977=CARTESIAN_POINT('',(-9.96048004514159,-160.838030635987,157.671981149117));
#5978=CARTESIAN_POINT('',(-9.93502871300007,-160.800632867085,157.709378917989));
#5979=CARTESIAN_POINT('',(-9.90285836531621,-160.768095151896,157.741916633189));
#5980=CARTESIAN_POINT('',(-9.86542740124059,-160.742034049403,157.767977735693));
#5981=CARTESIAN_POINT('',(-9.82466060442675,-160.723477652027,157.786534133047));
#5982=CARTESIAN_POINT('',(-9.78276487761104,-160.712735208574,157.797276576512));
#5983=CARTESIAN_POINT('',(-9.7544798618037,-160.710411302909,157.799600482176));
#5984=CARTESIAN_POINT('',(-9.74094510179566,-160.710411302909,157.799600482176));
#5985=CARTESIAN_POINT('',(-9.74094510179566,-192.862288074502,157.799600482173));
#5986=CARTESIAN_POINT('',(-9.74094510179566,-160.710411302909,157.799600482176));
#5987=CARTESIAN_POINT('',(-9.74094510179566,-192.862288074502,157.799600482173));
#5988=CARTESIAN_POINT('',(-9.7544798618037,-192.862288074502,157.799600482173));
#5989=CARTESIAN_POINT('',(-9.78276487760741,-192.859964168827,157.797276576497));
#5990=CARTESIAN_POINT('',(-9.82466060442675,-192.849221725399,157.786534133054));
#5991=CARTESIAN_POINT('',(-9.86542740123696,-192.830665328001,157.767977735668));
#5992=CARTESIAN_POINT('',(-9.90285836531984,-192.804604225519,157.741916633171));
#5993=CARTESIAN_POINT('',(-9.93502871300007,-192.772066510312,157.709378917996));
#5994=CARTESIAN_POINT('',(-9.96048004514159,-192.734668741432,157.671981149088));
#5995=CARTESIAN_POINT('',(-9.97841322881868,-192.694385022809,157.631697430475));
#5996=CARTESIAN_POINT('',(-9.98871938302909,-192.653265872876,157.590578280553));
#5997=CARTESIAN_POINT('',(-9.99096002487568,-192.625756592392,157.563069000065));
#5998=CARTESIAN_POINT('',(-9.99094510179566,-192.612288074502,157.549600482173));
#5999=CARTESIAN_POINT('',(-9.74094510179566,-192.862288074502,63.4800279768097));
#6000=CARTESIAN_POINT('',(-9.75469336886454,-192.862288074502,63.4800279768097));
#6001=CARTESIAN_POINT('',(-9.78521804924094,-192.859614978704,63.473543260061));
#6002=CARTESIAN_POINT('',(-9.82768992523415,-192.848122384126,63.4456631441935));
#6003=CARTESIAN_POINT('',(-9.86782562609733,-192.82924537787,63.399869035864));
#6004=CARTESIAN_POINT('',(-9.9044019087487,-192.803250815712,63.3368083058231));
#6005=CARTESIAN_POINT('',(-9.93588493997231,-192.770980177011,63.2585223157112));
#6006=CARTESIAN_POINT('',(-9.96088186130146,-192.733905165827,63.1685813019867));
#6007=CARTESIAN_POINT('',(-9.97856027382659,-192.693927512923,63.0715987114672));
#6008=CARTESIAN_POINT('',(-9.98873331629511,-192.653061497331,62.9724610240737));
#6009=CARTESIAN_POINT('',(-9.99098213101388,-192.62574087577,62.9061833798951));
#6010=CARTESIAN_POINT('',(-9.99094510179566,-192.612288074502,62.8735479592797));
#6011=CARTESIAN_POINT('',(-9.99094510179566,-192.612288074502,62.8735479592797));
#6012=CARTESIAN_POINT('',(-9.99094510179566,-229.647431073685,100.162480473504));
#6013=CARTESIAN_POINT('',(-9.74094510179566,-123.675268303727,100.768960491045));
#6014=CARTESIAN_POINT('',(-9.75469336886454,-123.675268303727,100.768960491045));
#6015=CARTESIAN_POINT('',(-9.7852180492373,-123.677941399532,100.762475774303));
#6016=CARTESIAN_POINT('',(-9.82768992524507,-123.689433994106,100.734595658443));
#6017=CARTESIAN_POINT('',(-9.86782562608641,-123.708311000366,100.688801550106));
#6018=CARTESIAN_POINT('',(-9.90440190875597,-123.734305562517,100.625740820069));
#6019=CARTESIAN_POINT('',(-9.93588493996867,-123.766576201218,100.547454829968));
#6020=CARTESIAN_POINT('',(-9.9608818613051,-123.803651212405,100.457513816214));
#6021=CARTESIAN_POINT('',(-9.97856027382295,-123.843628865296,100.360531225706));
#6022=CARTESIAN_POINT('',(-9.98873331629511,-123.884494880898,100.261393538276));
#6023=CARTESIAN_POINT('',(-9.99098213101388,-123.911815502455,100.195115894112));
#6024=CARTESIAN_POINT('',(-9.99094510179566,-123.92526830373,100.1624804735));
#6025=CARTESIAN_POINT('',(-9.99094510179566,-123.92526830373,100.1624804735));
#6026=CARTESIAN_POINT('',(-9.99094510179566,-160.960411302913,62.8735479592688));
#6027=CARTESIAN_POINT('',(-9.99094510179566,-176.786349688708,4.16832337971573));
#6028=CARTESIAN_POINT('',(-9.99094510179566,-123.925268303734,57.3916441709262));
#6029=CARTESIAN_POINT('',(-9.74094510179566,-229.897431073681,57.28859048706));
#6030=CARTESIAN_POINT('',(-9.75444324679847,-229.897431073681,57.28859048706));
#6031=CARTESIAN_POINT('',(-9.78230344414624,-229.895165907474,57.2895242219456));
#6032=CARTESIAN_POINT('',(-9.8238236017678,-229.884644507387,57.2938612981234));
#6033=CARTESIAN_POINT('',(-9.86444323892283,-229.866360190415,57.3013983629826));
#6034=CARTESIAN_POINT('',(-9.90198574458555,-229.840483880023,57.3120649594239));
#6035=CARTESIAN_POINT('',(-9.93441246023576,-229.807969846679,57.3254677230834));
#6036=CARTESIAN_POINT('',(-9.960137889826,-229.770448510248,57.3409345708496));
#6037=CARTESIAN_POINT('',(-9.97827343762401,-229.72995466314,57.357626731351));
#6038=CARTESIAN_POINT('',(-9.98870498874749,-229.688611274072,57.3746690855114));
#6039=CARTESIAN_POINT('',(-9.99093891626399,-229.660915289536,57.3860857784639));
#6040=CARTESIAN_POINT('',(-9.99094510179566,-229.647431073685,57.3916441709371));
#6041=CARTESIAN_POINT('',(-9.74094510179566,-176.786349688708,3.81355652901038));
#6042=CARTESIAN_POINT('',(-9.75448046758538,-176.786349688708,3.81355652901038));
#6043=CARTESIAN_POINT('',(-9.78277242427066,-176.786349688708,3.8168557003446));
#6044=CARTESIAN_POINT('',(-9.82467337491835,-176.786349688704,3.8321047220561));
#6045=CARTESIAN_POINT('',(-9.8654409851988,-176.786349688711,3.85844231747978));
#6046=CARTESIAN_POINT('',(-9.90286917206322,-176.786349688708,3.89542692673422));
#6047=CARTESIAN_POINT('',(-9.93503563878767,-176.786349688704,3.94159928035515));
#6048=CARTESIAN_POINT('',(-9.9604836087783,-176.786349688715,3.99466646803921));
#6049=CARTESIAN_POINT('',(-9.97841460910058,-176.786349688708,4.05182831152342));
#6050=CARTESIAN_POINT('',(-9.98871951934052,-176.7863496887,4.1101758999248));
#6051=CARTESIAN_POINT('',(-9.99096023277525,-176.786349688704,4.14921085963579));
#6052=CARTESIAN_POINT('',(-9.99094510179566,-176.786349688708,4.16832337971573));
#6053=CARTESIAN_POINT('',(-9.99094510179566,-229.647431073685,57.3916441709371));
#6054=CARTESIAN_POINT('',(-9.99094510179566,-176.786349688708,4.16832337971573));
#6055=CARTESIAN_POINT('',(-7.99094510179566,-256.424783532268,0.));
#6056=CARTESIAN_POINT('',(-7.99094510179566,256.044262336938,0.));
#6057=CARTESIAN_POINT('',(-7.99094510179405,261.060197334411,4.18021416199968E-12));
#6058=CARTESIAN_POINT('',(-7.99094510179566,261.060197334413,5.01593499747105));
#6059=CARTESIAN_POINT('',(0.,256.044262336938,0.));
#6060=CARTESIAN_POINT('',(2.5724394843075E-12,261.060197334411,4.18021416199968E-12));
#6061=CARTESIAN_POINT('',(0.,261.060197334413,5.01593499747105));
#6062=CARTESIAN_POINT('',(-7.99094510179566,261.060197334413,5.01593499747105));
#6063=CARTESIAN_POINT('',(-7.99094510179566,261.060197334413,157.551532518013));
#6064=CARTESIAN_POINT('',(-7.99094510179405,261.060197334411,162.567467515491));
#6065=CARTESIAN_POINT('',(-7.99094510179566,256.044262336938,162.567467515484));
#6066=CARTESIAN_POINT('',(0.,261.060197334413,157.551532518013));
#6067=CARTESIAN_POINT('',(2.5724394843075E-12,261.060197334411,162.567467515491));
#6068=CARTESIAN_POINT('',(0.,256.044262336938,162.567467515484));
#6069=CARTESIAN_POINT('',(-7.99094510179566,256.044262336938,162.567467515488));
#6070=CARTESIAN_POINT('',(-7.99094510179566,-256.424783532268,162.567467515484));
#6071=CARTESIAN_POINT('',(-7.99094510179405,-261.440718529741,162.567467515491));
#6072=CARTESIAN_POINT('',(-7.99094510179566,-261.440718529739,157.551532518013));
#6073=CARTESIAN_POINT('',(0.,-256.424783532268,162.567467515484));
#6074=CARTESIAN_POINT('',(2.5724394843075E-12,-261.440718529741,162.567467515491));
#6075=CARTESIAN_POINT('',(0.,-261.440718529739,157.551532518013));
#6076=CARTESIAN_POINT('',(-7.99094510179566,-261.440718529739,157.551532518013));
#6077=CARTESIAN_POINT('',(-7.99094510179566,-261.440718529739,5.01593499747105));
#6078=CARTESIAN_POINT('',(-7.99094510179405,-261.440718529741,4.18021416199968E-12));
#6079=CARTESIAN_POINT('',(-7.99094510179566,-256.424783532268,0.));
#6080=CARTESIAN_POINT('',(0.,-261.440718529739,5.01593499747105));
#6081=CARTESIAN_POINT('',(2.5724394843075E-12,-261.440718529741,4.18021416199968E-12));
#6082=CARTESIAN_POINT('',(0.,-256.424783532268,0.));
#6083=CARTESIAN_POINT('',(0.,266.665727688378,164.193142190643));
#6084=CARTESIAN_POINT('',(-7.99094510179566,266.285206493053,164.193142190643));
#6085=CARTESIAN_POINT('',(-6.99094510179566,-256.424783532264,0.));
#6086=CARTESIAN_POINT('',(-7.99094510179858,-256.424783532234,-1.28621974215489E-12));
#6087=CARTESIAN_POINT('',(-7.99094510179566,-256.42478353226,0.999999999999545));
#6088=CARTESIAN_POINT('',(-6.99094510179566,256.044262336938,0.));
#6089=CARTESIAN_POINT('',(-7.99094510179559,256.044262336962,0.));
#6090=CARTESIAN_POINT('',(-7.99094510179566,256.044262336931,1.));
#6091=CARTESIAN_POINT('',(-6.99094510179748,256.044262336934,0.));
#6092=CARTESIAN_POINT('',(-7.99094510179359,256.044262336934,1.92932961322927E-12));
#6093=CARTESIAN_POINT('',(-7.99094510179566,256.044262336931,1.));
#6094=CARTESIAN_POINT('',(-6.99094510179203,257.35890942609,-0.00900649446384706));
#6095=CARTESIAN_POINT('',(-7.99094510179388,257.358909426121,-0.00900649443151157));
#6096=CARTESIAN_POINT('',(-7.99094510179021,257.096815302088,0.992789081931279));
#6097=CARTESIAN_POINT('',(-6.99094510179748,259.970099851948,1.09009748245808));
#6098=CARTESIAN_POINT('',(-7.99094510180396,259.970099851993,1.09009748239606));
#6099=CARTESIAN_POINT('',(-7.9909451017902,259.187426727811,1.87277060658653));
#6100=CARTESIAN_POINT('',(-6.99094510178839,261.069203828887,3.7012879083054));
#6101=CARTESIAN_POINT('',(-7.99094510180236,261.06920382885,3.7012879083023));
#6102=CARTESIAN_POINT('',(-7.9909451017993,260.067408252471,3.96338203231108));
#6103=CARTESIAN_POINT('',(-6.99094510179384,261.060197334409,5.01593499747105));
#6104=CARTESIAN_POINT('',(-7.99094510179512,261.060197334421,5.01593499747094));
#6105=CARTESIAN_POINT('',(-7.99094510179566,260.060197334416,5.01593499747059));
#6106=CARTESIAN_POINT('',(-6.9909451017993,261.060197334409,5.01593499747105));
#6107=CARTESIAN_POINT('',(-7.99094510179586,261.060197334416,5.01593499743853));
#6108=CARTESIAN_POINT('',(-7.99094510179566,260.060197334416,5.01593499747105));
#6109=CARTESIAN_POINT('',(-6.99094510179566,261.060197334413,157.551532518013));
#6110=CARTESIAN_POINT('',(-7.99094510179964,261.060197334426,157.55153251798));
#6111=CARTESIAN_POINT('',(-7.99094510179566,260.060197334416,157.551532518013));
#6112=CARTESIAN_POINT('',(-6.99094510179566,261.060197334413,157.551532518013));
#6113=CARTESIAN_POINT('',(-7.99094510180207,261.060197334413,157.551532517981));
#6114=CARTESIAN_POINT('',(-7.99094510179748,260.060197334416,157.551532518013));
#6115=CARTESIAN_POINT('',(-6.99094510179748,261.060197340881,157.551531715485));
#6116=CARTESIAN_POINT('',(-7.99094510179692,261.060197340895,157.551531715485));
#6117=CARTESIAN_POINT('',(-7.99094510179566,260.060197339597,157.55153187548));
#6118=CARTESIAN_POINT('',(-6.99094510179748,261.060197337643,157.55153211675));
#6119=CARTESIAN_POINT('',(-7.99094510179692,261.060197337654,157.551532116749));
#6120=CARTESIAN_POINT('',(-7.99094510179566,260.060197337003,157.551532196746));
#6121=CARTESIAN_POINT('',(-6.99094510179748,261.060197334406,157.551532518014));
#6122=CARTESIAN_POINT('',(-7.99094510179692,261.060197334413,157.551532518013));
#6123=CARTESIAN_POINT('',(-7.99094510179566,260.060197334409,157.551532518012));
#6124=CARTESIAN_POINT('',(-6.99094510178839,261.069203828876,158.866179607179));
#6125=CARTESIAN_POINT('',(-7.99094510179536,261.069203828847,158.866179607186));
#6126=CARTESIAN_POINT('',(-7.99094510179021,260.067408252475,158.604085483175));
#6127=CARTESIAN_POINT('',(-6.99094510179748,259.970099851958,161.477370033027));
#6128=CARTESIAN_POINT('',(-7.99094510179768,259.970099851973,161.477370033081));
#6129=CARTESIAN_POINT('',(-7.99094510180112,259.187426727818,160.694696908898));
#6130=CARTESIAN_POINT('',(-6.99094510179021,257.358909426101,162.576474009949));
#6131=CARTESIAN_POINT('',(-7.99094510179929,257.358909426132,162.576474009916));
#6132=CARTESIAN_POINT('',(-7.99094510180112,257.09681530211,161.574678433554));
#6133=CARTESIAN_POINT('',(-6.9909451017993,256.044262336942,162.567467515484));
#6134=CARTESIAN_POINT('',(-7.99094510179979,256.044262336942,162.567467515483));
#6135=CARTESIAN_POINT('',(-7.99094510179566,256.044262336931,161.567467515485));
#6136=CARTESIAN_POINT('',(-6.99094510179748,256.044262336938,162.567467515488));
#6137=CARTESIAN_POINT('',(-7.99094510179374,256.044262336944,162.567467515486));
#6138=CARTESIAN_POINT('',(-7.99094510179566,256.044262336934,161.567467515488));
#6139=CARTESIAN_POINT('',(-6.99094510179566,-256.424783532268,162.567467515487));
#6140=CARTESIAN_POINT('',(-7.99094510179769,-256.424783532256,162.567467515487));
#6141=CARTESIAN_POINT('',(-7.99094510179566,-256.424783532268,161.567467515488));
#6142=CARTESIAN_POINT('',(-6.99094510179566,-256.424783532271,162.567467515485));
#6143=CARTESIAN_POINT('',(-7.99094510179527,-256.424783532272,162.567467515485));
#6144=CARTESIAN_POINT('',(-7.99094510179566,-256.424783532271,161.567467515485));
#6145=CARTESIAN_POINT('',(-6.99094510179202,-257.739430621423,162.576474009948));
#6146=CARTESIAN_POINT('',(-7.99094510178896,-257.739430621447,162.576474009919));
#6147=CARTESIAN_POINT('',(-7.99094510179202,-257.477336497424,161.574678433552));
#6148=CARTESIAN_POINT('',(-6.99094510179749,-260.35062104727,161.477370033025));
#6149=CARTESIAN_POINT('',(-7.99094510180246,-260.350621047313,161.477370033077));
#6150=CARTESIAN_POINT('',(-7.9909451018084,-259.567947923151,160.694696908899));
#6151=CARTESIAN_POINT('',(-6.9909451017993,-261.449725024177,158.866179607182));
#6152=CARTESIAN_POINT('',(-7.99094510179235,-261.449725024173,158.866179607189));
#6153=CARTESIAN_POINT('',(-7.99094510179202,-260.447929447808,158.604085483177));
#6154=CARTESIAN_POINT('',(-6.99094510179566,-261.440718529742,157.551532518013));
#6155=CARTESIAN_POINT('',(-7.99094510179783,-261.440718529742,157.551532518013));
#6156=CARTESIAN_POINT('',(-7.99094510179566,-260.440718529742,157.551532518014));
#6157=CARTESIAN_POINT('',(-6.99094510179748,-261.440718529731,157.551532518012));
#6158=CARTESIAN_POINT('',(-7.99094510179068,-261.440718529731,157.551532518171));
#6159=CARTESIAN_POINT('',(-7.99094510179566,-260.440718529739,157.551532518013));
#6160=CARTESIAN_POINT('',(-6.99094510179748,-261.440718529731,5.01593499747059));
#6161=CARTESIAN_POINT('',(-7.99094510179729,-261.440718529735,5.01593499762912));
#6162=CARTESIAN_POINT('',(-7.99094510179566,-260.440718529739,5.01593499747059));
#6163=CARTESIAN_POINT('',(-6.99094510179566,-261.440718529739,5.01593499747105));
#6164=CARTESIAN_POINT('',(-7.99094510179782,-261.440718529737,5.01593499747058));
#6165=CARTESIAN_POINT('',(-7.99094510179566,-260.440718529739,5.01593499747014));
#6166=CARTESIAN_POINT('',(-6.99094510179203,-261.449725024199,3.7012879083045));
#6167=CARTESIAN_POINT('',(-7.99094510179538,-261.449725024172,3.70128790829421));
#6168=CARTESIAN_POINT('',(-7.99094510179385,-260.447929447793,3.9633820323088));
#6169=CARTESIAN_POINT('',(-6.99094510178293,-260.350621047262,1.09009748246308));
#6170=CARTESIAN_POINT('',(-7.99094510180676,-260.350621047322,1.09009748241482));
#6171=CARTESIAN_POINT('',(-7.99094510180112,-259.56794792314,1.87277060658971));
#6172=CARTESIAN_POINT('',(-6.99094510179747,-257.739430621423,-0.00900649445975431));
#6173=CARTESIAN_POINT('',(-7.99094510179762,-257.739430621443,-0.00900649443183154));
#6174=CARTESIAN_POINT('',(-7.99094510179929,-257.477336497406,0.99278908193537));
#6175=CARTESIAN_POINT('',(-6.99094510179566,-256.424783532271,0.));
#6176=CARTESIAN_POINT('',(-7.99094510179527,-256.424783532271,0.));
#6177=CARTESIAN_POINT('',(-7.99094510179566,-256.424783532271,1.));
#6178=CARTESIAN_POINT('',(-7.99094510179566,-40.025476432038,21.1738274631789));
#6179=CARTESIAN_POINT('',(-7.99094510179566,-30.6387952001132,12.1695494581509));
#6180=CARTESIAN_POINT('',(-7.99094510179566,31.4634349977241,12.1695494581509));
#6181=CARTESIAN_POINT('',(-7.99094510179566,18.3294927657807,24.8395458766427));
#6182=CARTESIAN_POINT('',(-7.99094510179566,18.3294927657807,41.2358306970928));
#6183=CARTESIAN_POINT('',(-7.99094510179566,36.0932623609842,41.2358306970964));
#6184=CARTESIAN_POINT('',(-7.99094510179566,26.3592247936976,59.4706641365774));
#6185=CARTESIAN_POINT('',(-7.99094510179566,18.3294927657807,59.4706641365774));
#6186=CARTESIAN_POINT('',(-7.99094510179566,18.3294927657807,148.666056142964));
#6187=CARTESIAN_POINT('',(-7.99094510179566,-72.2440241520562,148.666056142964));
#6188=CARTESIAN_POINT('',(-7.99094510179566,-72.2440241520562,97.4865087956568));
#6189=CARTESIAN_POINT('',(-7.99094510179566,-57.8136890918795,97.4865087956568));
#6190=CARTESIAN_POINT('',(-7.99094510179566,-38.2128810682843,117.838000874435));
#6191=CARTESIAN_POINT('',(-7.99094510179566,0.426910563954152,117.838000874435));
#6192=CARTESIAN_POINT('',(-7.99094510179566,13.2733834296414,96.2721319726406));
#6193=CARTESIAN_POINT('',(-7.99094510179566,5.33240412075975,91.5418066756138));
#6194=CARTESIAN_POINT('',(-7.99094510179566,-5.02289340568677,108.925643564478));
#6195=CARTESIAN_POINT('',(-7.99094510179566,-22.2817303950724,108.925643564478));
#6196=CARTESIAN_POINT('',(-7.99094510179566,-7.78466969642614,83.8628020287906));
#6197=CARTESIAN_POINT('',(-7.99094510179566,-3.06325831967115,56.2415413594863));
#6198=CARTESIAN_POINT('',(-7.99094510179566,24.422575229175,56.2415413594863));
#6199=CARTESIAN_POINT('',(-7.99094510179566,30.7091009202595,44.4649534741839));
#6200=CARTESIAN_POINT('',(-7.99094510179566,-13.6311928798059,44.4649534741839));
#6201=CARTESIAN_POINT('',(-7.99094510179566,-19.1927195396092,76.1423335322579));
#6202=CARTESIAN_POINT('',(-7.99094510179566,-43.1556769883355,25.9689796188068));
#6203=CARTESIAN_POINT('',(-7.99094510179566,-55.6545084313439,25.9689796188068));
#6204=CARTESIAN_POINT('',(-7.99094510179566,-29.4754405335407,80.782399104748));
#6205=CARTESIAN_POINT('',(-7.99094510179566,-41.1341525772586,100.938240246334));
#6206=CARTESIAN_POINT('',(-7.99094510179566,-53.7892205278549,87.7985005558585));
#6207=CARTESIAN_POINT('',(-7.99094510179566,-72.2440241520562,87.7985005558585));
#6208=CARTESIAN_POINT('',(-7.99094510179566,-72.2440241520562,24.8395458766427));
#6209=CARTESIAN_POINT('',(-7.99094510179566,-59.1100819201092,12.1695494581509));
#6210=CARTESIAN_POINT('',(-7.99094510179566,-41.9028056776406,12.1695494581509));
#6211=CARTESIAN_POINT('',(-7.99094510179566,-51.2894869095653,21.1738274631789));
#6212=CARTESIAN_POINT('',(-7.99094510179566,-229.897431073681,100.768960491041));
#6213=CARTESIAN_POINT('',(-7.99094510179566,-229.897431073681,57.28859048706));
#6214=CARTESIAN_POINT('',(-7.99094510179566,-176.786349688708,3.81355652900675));
#6215=CARTESIAN_POINT('',(-7.99094510179566,-123.675268303727,57.28859048706));
#6216=CARTESIAN_POINT('',(-7.99094510179566,-123.675268303727,100.768960491041));
#6217=CARTESIAN_POINT('',(-7.99094510179566,-160.710411302909,63.4800279768097));
#6218=CARTESIAN_POINT('',(-7.99094510179566,-160.710411302909,157.799600482169));
#6219=CARTESIAN_POINT('',(-7.99094510179566,-192.862288074502,157.799600482169));
#6220=CARTESIAN_POINT('',(-7.99094510179566,-192.862288074502,63.4800279768097));
#6221=CARTESIAN_POINT('',(-7.99094510179566,102.25130352741,111.529075329236));
#6222=CARTESIAN_POINT('',(-7.99094510179566,49.7381279659676,111.529075329236));
#6223=CARTESIAN_POINT('',(-7.99094510179566,122.06029812136,111.529075329236));
#6224=CARTESIAN_POINT('',(-7.99094510179566,178.20297730275,111.529075329236));
#6225=CARTESIAN_POINT('',(-7.99094510179566,102.25130352741,50.9691287233873));
#6226=CARTESIAN_POINT('',(-7.99094510179566,115.090196534322,50.9691287233873));
#6227=CARTESIAN_POINT('',(-7.99094510179566,115.090196534322,111.529075329236));
#6228=CARTESIAN_POINT('',(-7.99094510179566,49.7381279659676,100.062623537706));
#6229=CARTESIAN_POINT('',(-7.99094510179566,68.0455523515193,100.062623537706));
#6230=CARTESIAN_POINT('',(-7.99094510179566,68.0455523515193,50.9691287233873));
#6231=CARTESIAN_POINT('',(-7.99094510179566,80.8844453584279,50.9691287233873));
#6232=CARTESIAN_POINT('',(-7.99094510179566,80.8844453584279,100.062623537706));
#6233=CARTESIAN_POINT('',(-7.99094510179566,99.191869743976,100.062623537706));
#6234=CARTESIAN_POINT('',(-7.99094510179566,99.191869743976,111.529075329236));
#6235=CARTESIAN_POINT('',(-7.99094510179566,141.052718458835,80.7730588475933));
#6236=CARTESIAN_POINT('',(-7.99094510179566,122.06029812136,50.9691287233873));
#6237=CARTESIAN_POINT('',(-7.99094510179566,134.899191128272,50.9691287233873));
#6238=CARTESIAN_POINT('',(-7.99094510179566,147.37124235947,70.5409440473486));
#6239=CARTESIAN_POINT('',(-7.99094510179566,159.457207511099,50.9691287233873));
#6240=CARTESIAN_POINT('',(-7.99094510179566,173.490744549585,50.9691287233873));
#6241=CARTESIAN_POINT('',(-7.99094510179566,154.498324212109,81.7251452050332));
#6242=CARTESIAN_POINT('',(-7.99094510179566,173.490744549585,111.529075329236));
#6243=CARTESIAN_POINT('',(-7.99094510179566,160.651851542672,111.529075329236));
#6244=CARTESIAN_POINT('',(-7.99094510179566,148.179800311475,91.9572600052743));
#6245=CARTESIAN_POINT('',(-7.99094510179566,136.093835159845,111.529075329236));
#6246=CARTESIAN_POINT('',(-7.99094510179566,178.20297730275,98.5081904064209));
#6247=CARTESIAN_POINT('',(-7.99094510179566,209.837714893711,98.5081904064209));
#6248=CARTESIAN_POINT('',(-7.99094510179566,209.837714893711,88.4259135178618));
#6249=CARTESIAN_POINT('',(-7.99094510179566,180.282004354798,88.4259135178618));
#6250=CARTESIAN_POINT('',(-7.99094510179566,180.282004354798,76.1577982481831));
#6251=CARTESIAN_POINT('',(-7.99094510179566,209.837714893711,76.1577982481831));
#6252=CARTESIAN_POINT('',(-7.99094510179566,209.837714893714,63.990013646202));
#6253=CARTESIAN_POINT('',(-7.99094510179566,178.20297730275,63.990013646202));
#6254=CARTESIAN_POINT('',(-7.99094510179566,178.20297730275,50.9691287233873));
#6255=CARTESIAN_POINT('',(-7.99094510179566,222.449542353716,50.9691287233873));
#6256=CARTESIAN_POINT('',(-7.99094510179566,222.449542353716,111.529075329236));
#6257=CARTESIAN_POINT('',(0.,256.044262336938,0.));
#6258=CARTESIAN_POINT('',(0.,-256.424783532268,0.));
#6259=CARTESIAN_POINT('',(0.,261.060197334413,5.01593499747105));
#6260=CARTESIAN_POINT('',(0.,261.060197334413,157.551532518013));
#6261=CARTESIAN_POINT('',(0.,256.044262336938,162.567467515484));
#6262=CARTESIAN_POINT('',(0.,-256.424783532268,162.567467515488));
#6263=CARTESIAN_POINT('',(0.,-261.440718529739,157.551532518013));
#6264=CARTESIAN_POINT('',(0.,-261.440718529739,5.01593499747105));
#6265=CARTESIAN_POINT('',(-7.99094510179566,-256.424783532268,161.567467515486));
#6266=CARTESIAN_POINT('',(-7.99094510179566,-260.440718529739,157.551532518014));
#6267=CARTESIAN_POINT('',(-7.99094510179566,256.044262336934,161.567467515486));
#6268=CARTESIAN_POINT('',(-7.99094510179566,-260.440718529739,5.01593499747014));
#6269=CARTESIAN_POINT('',(-7.99094510179566,-256.424783532268,0.999999999999545));
#6270=CARTESIAN_POINT('',(-7.99094510179566,256.044262336934,0.999999999999545));
#6271=CARTESIAN_POINT('',(-7.99094510179566,260.060197334416,5.01593499747059));
#6272=CARTESIAN_POINT('',(-7.99094510179566,260.060197334416,157.551532518013));
#6273=CARTESIAN_POINT('',(-6.99094510179566,-256.424783532268,0.));
#6274=CARTESIAN_POINT('',(-6.99094510179566,256.044262336938,0.));
#6275=CARTESIAN_POINT('',(-6.9909451017993,261.060197334413,5.01593499747105));
#6276=CARTESIAN_POINT('',(-6.99094510179566,261.060197334413,157.551532518013));
#6277=CARTESIAN_POINT('',(-6.9909451017993,256.044262336942,162.567467515485));
#6278=CARTESIAN_POINT('',(-6.99094510179566,-256.424783532268,162.567467515486));
#6279=CARTESIAN_POINT('',(-6.99094510179384,-261.440718529731,157.551532518013));
#6280=CARTESIAN_POINT('',(-6.9909451017993,-261.440718529731,5.01593499747105));
#6281=CARTESIAN_POINT('',(-7.99094510179566,-40.025476432038,21.1738274631789));
#6282=CARTESIAN_POINT('',(-7.99094510179566,-30.6387952001132,12.1695494581509));
#6283=CARTESIAN_POINT('',(-7.99094510179566,-30.6387952001132,12.1695494581509));
#6284=CARTESIAN_POINT('',(-7.99094510179566,31.4634349977241,12.1695494581509));
#6285=CARTESIAN_POINT('',(-7.99094510179566,31.4634349977241,12.1695494581509));
#6286=CARTESIAN_POINT('',(-7.99094510179566,18.3294927657807,24.8395458766427));
#6287=CARTESIAN_POINT('',(-7.99094510179566,18.3294927657807,24.8395458766427));
#6288=CARTESIAN_POINT('',(-7.99094510179566,18.3294927657807,41.2358306970928));
#6289=CARTESIAN_POINT('',(-7.99094510179566,18.3294927657807,41.2358306970928));
#6290=CARTESIAN_POINT('',(-7.99094510179566,36.0932623609842,41.2358306970964));
#6291=CARTESIAN_POINT('',(-7.99094510179566,36.0932623609842,41.2358306970964));
#6292=CARTESIAN_POINT('',(-7.99094510179566,26.3592247936976,59.4706641365774));
#6293=CARTESIAN_POINT('',(-7.99094510179566,26.3592247936976,59.4706641365774));
#6294=CARTESIAN_POINT('',(-7.99094510179566,18.3294927657807,59.4706641365774));
#6295=CARTESIAN_POINT('',(-7.99094510179566,18.3294927657807,59.4706641365774));
#6296=CARTESIAN_POINT('',(-7.99094510179566,18.3294927657807,148.666056142964));
#6297=CARTESIAN_POINT('',(-7.99094510179566,18.3294927657807,148.666056142964));
#6298=CARTESIAN_POINT('',(-7.99094510179566,-72.2440241520562,148.666056142964));
#6299=CARTESIAN_POINT('',(-7.99094510179566,-72.2440241520562,148.666056142964));
#6300=CARTESIAN_POINT('',(-7.99094510179566,-72.2440241520562,97.4865087956568));
#6301=CARTESIAN_POINT('',(-7.99094510179566,-72.2440241520562,97.4865087956568));
#6302=CARTESIAN_POINT('',(-7.99094510179566,-57.8136890918795,97.4865087956568));
#6303=CARTESIAN_POINT('',(-7.99094510179566,-57.8136890918795,97.4865087956568));
#6304=CARTESIAN_POINT('',(-7.99094510179566,-38.2128810682843,117.838000874435));
#6305=CARTESIAN_POINT('',(-7.99094510179566,-38.2128810682843,117.838000874435));
#6306=CARTESIAN_POINT('',(-7.99094510179566,0.426910563954152,117.838000874435));
#6307=CARTESIAN_POINT('',(-7.99094510179566,0.426910563954152,117.838000874435));
#6308=CARTESIAN_POINT('',(-7.99094510179566,13.2733834296414,96.2721319726406));
#6309=CARTESIAN_POINT('',(-7.99094510179566,13.2733834296414,96.2721319726406));
#6310=CARTESIAN_POINT('',(-7.99094510179566,5.33240412075975,91.5418066756138));
#6311=CARTESIAN_POINT('',(-7.99094510179566,5.33240412075975,91.5418066756138));
#6312=CARTESIAN_POINT('',(-7.99094510179566,-5.02289340568677,108.925643564478));
#6313=CARTESIAN_POINT('',(-7.99094510179566,-5.02289340568677,108.925643564478));
#6314=CARTESIAN_POINT('',(-7.99094510179566,-22.2817303950724,108.925643564478));
#6315=CARTESIAN_POINT('',(-7.99094510179566,-22.2817303950724,108.925643564478));
#6316=CARTESIAN_POINT('',(-7.99094510179566,-7.78466969642614,83.8628020287906));
#6317=CARTESIAN_POINT('',(-7.99094510179566,-7.78466969642614,83.8628020287906));
#6318=CARTESIAN_POINT('',(-7.99094510179566,-3.06325831967115,56.2415413594863));
#6319=CARTESIAN_POINT('',(-7.99094510179566,-3.06325831967115,56.2415413594863));
#6320=CARTESIAN_POINT('',(-7.99094510179566,24.422575229175,56.2415413594863));
#6321=CARTESIAN_POINT('',(-7.99094510179566,24.422575229175,56.2415413594863));
#6322=CARTESIAN_POINT('',(-7.99094510179566,30.7091009202595,44.4649534741839));
#6323=CARTESIAN_POINT('',(-7.99094510179566,30.7091009202595,44.4649534741839));
#6324=CARTESIAN_POINT('',(-7.99094510179566,-13.6311928798059,44.4649534741839));
#6325=CARTESIAN_POINT('',(-7.99094510179566,-13.6311928798059,44.4649534741839));
#6326=CARTESIAN_POINT('',(-7.99094510179566,-19.1927195396092,76.1423335322579));
#6327=CARTESIAN_POINT('',(-7.99094510179566,-19.1927195396092,76.1423335322579));
#6328=CARTESIAN_POINT('',(-7.99094510179566,-43.1556769883355,25.9689796188068));
#6329=CARTESIAN_POINT('',(-7.99094510179566,-43.1556769883355,25.9689796188068));
#6330=CARTESIAN_POINT('',(-7.99094510179566,-55.6545084313439,25.9689796188068));
#6331=CARTESIAN_POINT('',(-7.99094510179566,-55.6545084313439,25.9689796188068));
#6332=CARTESIAN_POINT('',(-7.99094510179566,-29.4754405335407,80.782399104748));
#6333=CARTESIAN_POINT('',(-7.99094510179566,-29.4754405335407,80.782399104748));
#6334=CARTESIAN_POINT('',(-7.99094510179566,-41.1341525772586,100.938240246334));
#6335=CARTESIAN_POINT('',(-7.99094510179566,-41.1341525772586,100.938240246334));
#6336=CARTESIAN_POINT('',(-7.99094510179566,-53.7892205278549,87.7985005558585));
#6337=CARTESIAN_POINT('',(-7.99094510179566,-53.7892205278549,87.7985005558585));
#6338=CARTESIAN_POINT('',(-7.99094510179566,-72.2440241520562,87.7985005558585));
#6339=CARTESIAN_POINT('',(-7.99094510179566,-72.2440241520562,87.7985005558585));
#6340=CARTESIAN_POINT('',(-7.99094510179566,-72.2440241520562,24.8395458766427));
#6341=CARTESIAN_POINT('',(-7.99094510179566,-72.2440241520562,24.8395458766427));
#6342=CARTESIAN_POINT('',(-7.99094510179566,-59.1100819201092,12.1695494581509));
#6343=CARTESIAN_POINT('',(-7.99094510179566,-59.1100819201092,12.1695494581509));
#6344=CARTESIAN_POINT('',(-7.99094510179566,-41.9028056776406,12.1695494581509));
#6345=CARTESIAN_POINT('',(-7.99094510179566,-41.9028056776406,12.1695494581509));
#6346=CARTESIAN_POINT('',(-7.99094510179566,-51.2894869095653,21.1738274631789));
#6347=CARTESIAN_POINT('',(-7.99094510179566,-51.2894869095653,21.1738274631789));
#6348=CARTESIAN_POINT('',(-7.99094510179566,-40.025476432038,21.1738274631789));
#6349=CARTESIAN_POINT('',(-7.99094510179566,-229.897431073681,100.768960491041));
#6350=CARTESIAN_POINT('',(-7.99094510179566,-229.897431073681,57.28859048706));
#6351=CARTESIAN_POINT('',(-7.99094510179566,-229.897431073681,57.28859048706));
#6352=CARTESIAN_POINT('',(-7.99094510179566,-176.786349688708,3.81355652900675));
#6353=CARTESIAN_POINT('',(-7.99094510179566,-176.786349688708,3.81355652900675));
#6354=CARTESIAN_POINT('',(-7.99094510179566,-123.675268303727,57.28859048706));
#6355=CARTESIAN_POINT('',(-7.99094510179566,-123.675268303727,57.28859048706));
#6356=CARTESIAN_POINT('',(-7.99094510179566,-123.675268303727,100.768960491041));
#6357=CARTESIAN_POINT('',(-7.99094510179566,-123.675268303727,100.768960491041));
#6358=CARTESIAN_POINT('',(-7.99094510179566,-160.710411302909,63.4800279768097));
#6359=CARTESIAN_POINT('',(-7.99094510179566,-160.710411302909,63.4800279768097));
#6360=CARTESIAN_POINT('',(-7.99094510179566,-160.710411302909,157.799600482169));
#6361=CARTESIAN_POINT('',(-7.99094510179566,-160.710411302909,157.799600482169));
#6362=CARTESIAN_POINT('',(-7.99094510179566,-192.862288074502,157.799600482169));
#6363=CARTESIAN_POINT('',(-7.99094510179566,-192.862288074502,157.799600482169));
#6364=CARTESIAN_POINT('',(-7.99094510179566,-192.862288074502,63.4800279768097));
#6365=CARTESIAN_POINT('',(-7.99094510179566,-192.862288074502,63.4800279768097));
#6366=CARTESIAN_POINT('',(-7.99094510179566,-229.897431073681,100.768960491041));
#6367=CARTESIAN_POINT('',(-7.99094510179566,102.25130352741,111.529075329236));
#6368=CARTESIAN_POINT('',(-7.99094510179566,115.090196534322,111.529075329236));
#6369=CARTESIAN_POINT('',(-7.99094510179566,49.7381279659676,111.529075329236));
#6370=CARTESIAN_POINT('',(-7.99094510179566,99.191869743976,111.529075329236));
#6371=CARTESIAN_POINT('',(-7.99094510179566,122.06029812136,111.529075329236));
#6372=CARTESIAN_POINT('',(-7.99094510179566,136.093835159845,111.529075329236));
#6373=CARTESIAN_POINT('',(-7.99094510179566,178.20297730275,111.529075329236));
#6374=CARTESIAN_POINT('',(-7.99094510179566,222.449542353716,111.529075329236));
#6375=CARTESIAN_POINT('',(-7.99094510179566,102.25130352741,50.9691287233873));
#6376=CARTESIAN_POINT('',(-7.99094510179566,102.25130352741,111.529075329236));
#6377=CARTESIAN_POINT('',(-7.99094510179566,115.090196534322,50.9691287233873));
#6378=CARTESIAN_POINT('',(-7.99094510179566,102.25130352741,50.9691287233873));
#6379=CARTESIAN_POINT('',(-7.99094510179566,115.090196534322,111.529075329236));
#6380=CARTESIAN_POINT('',(-7.99094510179566,115.090196534322,50.9691287233873));
#6381=CARTESIAN_POINT('',(-7.99094510179566,49.7381279659676,100.062623537706));
#6382=CARTESIAN_POINT('',(-7.99094510179566,49.7381279659676,111.529075329236));
#6383=CARTESIAN_POINT('',(-7.99094510179566,68.0455523515193,100.062623537706));
#6384=CARTESIAN_POINT('',(-7.99094510179566,49.7381279659676,100.062623537706));
#6385=CARTESIAN_POINT('',(-7.99094510179566,68.0455523515193,50.9691287233873));
#6386=CARTESIAN_POINT('',(-7.99094510179566,68.0455523515193,100.062623537706));
#6387=CARTESIAN_POINT('',(-7.99094510179566,80.8844453584279,50.9691287233873));
#6388=CARTESIAN_POINT('',(-7.99094510179566,68.0455523515193,50.9691287233873));
#6389=CARTESIAN_POINT('',(-7.99094510179566,80.8844453584279,100.062623537706));
#6390=CARTESIAN_POINT('',(-7.99094510179566,80.8844453584279,50.9691287233873));
#6391=CARTESIAN_POINT('',(-7.99094510179566,99.191869743976,100.062623537706));
#6392=CARTESIAN_POINT('',(-7.99094510179566,80.8844453584279,100.062623537706));
#6393=CARTESIAN_POINT('',(-7.99094510179566,99.191869743976,111.529075329236));
#6394=CARTESIAN_POINT('',(-7.99094510179566,99.191869743976,100.062623537706));
#6395=CARTESIAN_POINT('',(-7.99094510179566,141.052718458835,80.7730588475933));
#6396=CARTESIAN_POINT('',(-7.99094510179566,122.06029812136,111.529075329236));
#6397=CARTESIAN_POINT('',(-7.99094510179566,122.06029812136,50.9691287233873));
#6398=CARTESIAN_POINT('',(-7.99094510179566,141.052718458835,80.7730588475933));
#6399=CARTESIAN_POINT('',(-7.99094510179566,134.899191128272,50.9691287233873));
#6400=CARTESIAN_POINT('',(-7.99094510179566,122.06029812136,50.9691287233873));
#6401=CARTESIAN_POINT('',(-7.99094510179566,147.37124235947,70.5409440473486));
#6402=CARTESIAN_POINT('',(-7.99094510179566,134.899191128272,50.9691287233873));
#6403=CARTESIAN_POINT('',(-7.99094510179566,159.457207511099,50.9691287233873));
#6404=CARTESIAN_POINT('',(-7.99094510179566,147.37124235947,70.5409440473486));
#6405=CARTESIAN_POINT('',(-7.99094510179566,173.490744549585,50.9691287233873));
#6406=CARTESIAN_POINT('',(-7.99094510179566,159.457207511099,50.9691287233873));
#6407=CARTESIAN_POINT('',(-7.99094510179566,154.498324212109,81.7251452050332));
#6408=CARTESIAN_POINT('',(-7.99094510179566,173.490744549585,50.9691287233873));
#6409=CARTESIAN_POINT('',(-7.99094510179566,173.490744549585,111.529075329236));
#6410=CARTESIAN_POINT('',(-7.99094510179566,154.498324212109,81.7251452050332));
#6411=CARTESIAN_POINT('',(-7.99094510179566,160.651851542672,111.529075329236));
#6412=CARTESIAN_POINT('',(-7.99094510179566,173.490744549585,111.529075329236));
#6413=CARTESIAN_POINT('',(-7.99094510179566,148.179800311475,91.9572600052743));
#6414=CARTESIAN_POINT('',(-7.99094510179566,160.651851542672,111.529075329236));
#6415=CARTESIAN_POINT('',(-7.99094510179566,136.093835159845,111.529075329236));
#6416=CARTESIAN_POINT('',(-7.99094510179566,148.179800311475,91.9572600052743));
#6417=CARTESIAN_POINT('',(-7.99094510179566,178.20297730275,98.5081904064209));
#6418=CARTESIAN_POINT('',(-7.99094510179566,178.20297730275,111.529075329236));
#6419=CARTESIAN_POINT('',(-7.99094510179566,209.837714893711,98.5081904064209));
#6420=CARTESIAN_POINT('',(-7.99094510179566,178.20297730275,98.5081904064209));
#6421=CARTESIAN_POINT('',(-7.99094510179566,209.837714893711,88.4259135178618));
#6422=CARTESIAN_POINT('',(-7.99094510179566,209.837714893711,98.5081904064209));
#6423=CARTESIAN_POINT('',(-7.99094510179566,180.282004354798,88.4259135178618));
#6424=CARTESIAN_POINT('',(-7.99094510179566,209.837714893711,88.4259135178618));
#6425=CARTESIAN_POINT('',(-7.99094510179566,180.282004354798,76.1577982481831));
#6426=CARTESIAN_POINT('',(-7.99094510179566,180.282004354798,88.4259135178618));
#6427=CARTESIAN_POINT('',(-7.99094510179566,209.837714893711,76.1577982481831));
#6428=CARTESIAN_POINT('',(-7.99094510179566,180.282004354798,76.1577982481831));
#6429=CARTESIAN_POINT('',(-7.99094510179566,209.837714893714,63.990013646202));
#6430=CARTESIAN_POINT('',(-7.99094510179566,209.837714893711,76.1577982481831));
#6431=CARTESIAN_POINT('',(-7.99094510179566,178.20297730275,63.990013646202));
#6432=CARTESIAN_POINT('',(-7.99094510179566,209.837714893714,63.990013646202));
#6433=CARTESIAN_POINT('',(-7.99094510179566,178.20297730275,50.9691287233873));
#6434=CARTESIAN_POINT('',(-7.99094510179566,178.20297730275,63.990013646202));
#6435=CARTESIAN_POINT('',(-7.99094510179566,222.449542353716,50.9691287233873));
#6436=CARTESIAN_POINT('',(-7.99094510179566,178.20297730275,50.9691287233873));
#6437=CARTESIAN_POINT('',(-7.99094510179566,222.449542353716,111.529075329236));
#6438=CARTESIAN_POINT('',(-7.99094510179566,222.449542353716,50.9691287233873));
#6439=CARTESIAN_POINT('',(0.,256.044262336938,0.));
#6440=CARTESIAN_POINT('',(2.5724394843075E-12,261.060197334411,4.18021416199968E-12));
#6441=CARTESIAN_POINT('',(0.,261.060197334413,5.01593499747105));
#6442=CARTESIAN_POINT('',(0.,261.060197334413,5.01593499747105));
#6443=CARTESIAN_POINT('',(0.,261.060197334413,157.551532518013));
#6444=CARTESIAN_POINT('',(0.,261.060197334413,157.551532518013));
#6445=CARTESIAN_POINT('',(2.5724394843075E-12,261.060197334411,162.567467515491));
#6446=CARTESIAN_POINT('',(0.,256.044262336938,162.567467515484));
#6447=CARTESIAN_POINT('',(0.,256.044262336938,162.567467515484));
#6448=CARTESIAN_POINT('',(0.,-256.424783532268,162.567467515488));
#6449=CARTESIAN_POINT('',(0.,-256.424783532268,162.567467515488));
#6450=CARTESIAN_POINT('',(2.5724394843075E-12,-261.440718529741,162.567467515497));
#6451=CARTESIAN_POINT('',(0.,-261.440718529739,157.551532518013));
#6452=CARTESIAN_POINT('',(0.,-261.440718529739,157.551532518013));
#6453=CARTESIAN_POINT('',(0.,-261.440718529739,5.01593499747105));
#6454=CARTESIAN_POINT('',(0.,-261.440718529739,5.01593499747105));
#6455=CARTESIAN_POINT('',(2.5724394843075E-12,-261.440718529741,4.18021416199968E-12));
#6456=CARTESIAN_POINT('',(0.,-256.424783532268,0.));
#6457=CARTESIAN_POINT('',(0.,256.044262336938,0.));
#6458=CARTESIAN_POINT('',(0.,256.234522934603,0.));
#6459=CARTESIAN_POINT('',(0.,256.424783532264,0.));
#6460=CARTESIAN_POINT('',(2.5724394843075E-12,261.440718529736,-9.64664806615311E-13));
#6461=CARTESIAN_POINT('',(0.,261.440718529739,5.01593499747105));
#6462=CARTESIAN_POINT('',(0.,261.440718529739,81.2837337577439));
#6463=CARTESIAN_POINT('',(0.,261.440718529739,157.551532518013));
#6464=CARTESIAN_POINT('',(2.5724394843075E-12,261.440718529736,162.567467515486));
#6465=CARTESIAN_POINT('',(0.,256.424783532264,162.567467515484));
#6466=CARTESIAN_POINT('',(0.,256.234522934603,162.567467515484));
#6467=CARTESIAN_POINT('',(0.,256.044262336938,162.567467515484));
#6468=CARTESIAN_POINT('',(0.,-256.424783532269,162.567467515488));
#6469=CARTESIAN_POINT('',(2.51744588856718E-12,-261.061287602078,162.215668684845));
#6470=CARTESIAN_POINT('',(0.,-261.061287602071,157.565019678835));
#6471=CARTESIAN_POINT('',(0.,-261.061287602068,81.2837337577425));
#6472=CARTESIAN_POINT('',(0.,-261.061287602068,5.00244783665312));
#6473=CARTESIAN_POINT('',(0.,-261.061287602067,0.351798830635055));
#6474=CARTESIAN_POINT('',(0.,-256.424783532268,0.));
#6475=CARTESIAN_POINT('',(0.,-256.424783532268,0.));
#6476=CARTESIAN_POINT('',(0.,-256.044262336942,0.));
#6477=CARTESIAN_POINT('',(0.,256.044262336938,0.));
#6478=CARTESIAN_POINT('',(-7.99094510179566,256.044262336934,161.567467515486));
#6479=CARTESIAN_POINT('',(-7.99094510179566,-256.424783532268,161.567467515486));
#6480=CARTESIAN_POINT('',(-7.99094510179566,-260.440718529739,157.551532518014));
#6481=CARTESIAN_POINT('',(-7.99094510179566,-260.440718529739,5.01593499747014));
#6482=CARTESIAN_POINT('',(-7.99094510179566,-256.424783532268,0.999999999999545));
#6483=CARTESIAN_POINT('',(-7.99094510179566,256.044262336934,0.999999999999545));
#6484=CARTESIAN_POINT('',(-7.99094510179566,260.060197334416,5.01593499747059));
#6485=CARTESIAN_POINT('',(-7.99094510179566,260.060197334416,157.551532518013));
#6486=CARTESIAN_POINT('',(-6.99094510179566,-256.424783532268,0.));
#6487=CARTESIAN_POINT('',(-6.99094510179566,256.044262336938,0.));
#6488=CARTESIAN_POINT('',(-6.99094510179566,256.044262336938,0.));
#6489=CARTESIAN_POINT('',(0.,256.044262336938,0.));
#6490=CARTESIAN_POINT('',(-6.99094510179566,-256.424783532268,0.));
#6491=CARTESIAN_POINT('',(0.,-256.424783532268,0.));
#6492=CARTESIAN_POINT('',(-6.99094510179571,256.04426233694,0.));
#6493=CARTESIAN_POINT('',(-6.99094510179899,261.06019733442,3.53710429092279E-12));
#6494=CARTESIAN_POINT('',(-6.9909451017993,261.060197334413,5.01593499747105));
#6495=CARTESIAN_POINT('',(-6.9909451017993,261.060197334413,5.01593499747105));
#6496=CARTESIAN_POINT('',(0.,261.060197334413,5.01593499747105));
#6497=CARTESIAN_POINT('',(-6.9909451017993,261.060197334413,5.01593499747105));
#6498=CARTESIAN_POINT('',(-6.99094510179566,261.060197334413,157.551532518013));
#6499=CARTESIAN_POINT('',(-6.99094510179566,261.060197334413,157.551532518013));
#6500=CARTESIAN_POINT('',(0.,261.060197334413,157.551532518013));
#6501=CARTESIAN_POINT('',(-6.99094510179566,261.060197334413,157.551532518013));
#6502=CARTESIAN_POINT('',(-6.99094510179388,261.060197334416,162.567467515492));
#6503=CARTESIAN_POINT('',(-6.9909451017993,256.044262336942,162.567467515485));
#6504=CARTESIAN_POINT('',(-6.9909451017993,256.044262336942,162.567467515485));
#6505=CARTESIAN_POINT('',(0.,256.044262336938,162.567467515484));
#6506=CARTESIAN_POINT('',(-6.9909451017993,256.044262336942,162.567467515485));
#6507=CARTESIAN_POINT('',(-6.99094510179566,-256.424783532268,162.567467515486));
#6508=CARTESIAN_POINT('',(-6.99094510179566,-256.424783532268,162.567467515486));
#6509=CARTESIAN_POINT('',(0.,-256.424783532268,162.567467515488));
#6510=CARTESIAN_POINT('',(-6.99094510179566,-256.424783532268,162.567467515486));
#6511=CARTESIAN_POINT('',(-6.99094510179131,-261.440718529736,162.567467515493));
#6512=CARTESIAN_POINT('',(-6.99094510179384,-261.440718529731,157.551532518013));
#6513=CARTESIAN_POINT('',(-6.99094510179384,-261.440718529731,157.551532518013));
#6514=CARTESIAN_POINT('',(0.,-261.440718529739,157.551532518013));
#6515=CARTESIAN_POINT('',(-6.99094510179384,-261.440718529731,157.551532518013));
#6516=CARTESIAN_POINT('',(-6.9909451017993,-261.440718529731,5.01593499747105));
#6517=CARTESIAN_POINT('',(-6.9909451017993,-261.440718529731,5.01593499747105));
#6518=CARTESIAN_POINT('',(0.,-261.440718529739,5.01593499747105));
#6519=CARTESIAN_POINT('',(-6.9909451017993,-261.440718529731,5.01593499747105));
#6520=CARTESIAN_POINT('',(-6.99094510179902,-261.440718529736,4.18021416199968E-12));
#6521=CARTESIAN_POINT('',(-6.99094510179566,-256.424783532268,0.));
#6522=CARTESIAN_POINT('',(-7.99094510179566,-256.424783532268,0.999999999999545));
#6523=CARTESIAN_POINT('',(-7.99094510179858,-256.424783532239,-1.28621974215489E-12));
#6524=CARTESIAN_POINT('',(-6.99094510179566,-256.424783532268,0.));
#6525=CARTESIAN_POINT('',(-6.99094510179566,256.044262336938,0.));
#6526=CARTESIAN_POINT('',(-7.99094510179559,256.044262336967,-3.21554935538396E-13));
#6527=CARTESIAN_POINT('',(-7.99094510179566,256.044262336934,0.999999999999545));
#6528=CARTESIAN_POINT('',(-7.99094510179566,256.044262336934,0.999999999999545));
#6529=CARTESIAN_POINT('',(-7.99094510179021,257.096815302092,0.992789081930824));
#6530=CARTESIAN_POINT('',(-7.99094510178839,259.187426727811,1.87277060658607));
#6531=CARTESIAN_POINT('',(-7.99094510179748,260.067408252468,3.96338203231108));
#6532=CARTESIAN_POINT('',(-7.99094510179566,260.060197334416,5.01593499747059));
#6533=CARTESIAN_POINT('',(-6.9909451017993,261.060197334413,5.01593499747105));
#6534=CARTESIAN_POINT('',(-7.99094510179769,261.060197334426,5.01593499747094));
#6535=CARTESIAN_POINT('',(-7.99094510179566,260.060197334416,5.01593499747059));
#6536=CARTESIAN_POINT('',(-6.99094510179566,261.060197334413,157.551532518013));
#6537=CARTESIAN_POINT('',(-7.99094510179964,261.060197334426,157.55153251798));
#6538=CARTESIAN_POINT('',(-7.99094510179566,260.060197334416,157.551532518013));
#6539=CARTESIAN_POINT('',(-7.99094510179566,260.060197334416,157.551532518013));
#6540=CARTESIAN_POINT('',(-7.99094510178839,260.067408252475,158.604085483176));
#6541=CARTESIAN_POINT('',(-7.99094510180112,259.187426727822,160.694696908899));
#6542=CARTESIAN_POINT('',(-7.99094510180112,257.096815302113,161.574678433555));
#6543=CARTESIAN_POINT('',(-7.99094510179566,256.044262336934,161.567467515486));
#6544=CARTESIAN_POINT('',(-6.9909451017993,256.044262336942,162.567467515485));
#6545=CARTESIAN_POINT('',(-7.99094510179979,256.044262336947,162.567467515485));
#6546=CARTESIAN_POINT('',(-7.99094510179566,256.044262336934,161.567467515486));
#6547=CARTESIAN_POINT('',(-6.99094510179566,-256.424783532268,162.567467515486));
#6548=CARTESIAN_POINT('',(-7.99094510179769,-256.424783532256,162.567467515486));
#6549=CARTESIAN_POINT('',(-7.99094510179566,-256.424783532268,161.567467515486));
#6550=CARTESIAN_POINT('',(-7.99094510179566,-256.424783532268,161.567467515486));
#6551=CARTESIAN_POINT('',(-7.99094510179202,-257.477336497421,161.574678433553));
#6552=CARTESIAN_POINT('',(-7.99094510180658,-259.567947923151,160.6946969089));
#6553=CARTESIAN_POINT('',(-7.99094510179202,-260.447929447804,158.604085483177));
#6554=CARTESIAN_POINT('',(-7.99094510179566,-260.440718529739,157.551532518014));
#6555=CARTESIAN_POINT('',(-6.99094510179384,-261.440718529731,157.551532518013));
#6556=CARTESIAN_POINT('',(-7.99094510179783,-261.440718529737,157.551532518013));
#6557=CARTESIAN_POINT('',(-7.99094510179566,-260.440718529739,157.551532518014));
#6558=CARTESIAN_POINT('',(-7.99094510179566,-260.440718529739,5.01593499747014));
#6559=CARTESIAN_POINT('',(-7.99094510179385,-260.447929447797,3.9633820323088));
#6560=CARTESIAN_POINT('',(-7.99094510180112,-259.567947923137,1.87277060658926));
#6561=CARTESIAN_POINT('',(-7.99094510179929,-257.477336497402,0.992789081934915));
#6562=CARTESIAN_POINT('',(-7.99094510179566,-256.424783532268,0.999999999999545));
#6563=CARTESIAN_POINT('',(-7.99094510179566,-260.440718529739,5.01593499747014));
#6564=CARTESIAN_POINT('',(-7.99094510180039,-261.440718529732,5.01593499747058));
#6565=CARTESIAN_POINT('',(-6.9909451017993,-261.440718529731,5.01593499747105));
#6566=CARTESIAN_POINT('',(0.,0.,0.));
#6567=CARTESIAN_POINT('',(0.,0.,0.));
ENDSEC;
END-ISO-10303-21;
